date,month,day,day_of_week,week_of_year,weekend_flag,month_end_flag,payday_flag,holiday_flag,product,channel,region,customer_segment,device_type,promo_exposure_flag,campaign_flag,control_change_flag,transaction_count,avg_txn_value,active_customers,new_accounts,login_failures,otp_failures,chargeback_count,fraud_alerts,manual_review_rate,approval_rate,decline_rate,device_risk_score,fraud_rate,fraud_cases,fraud_loss
2026-01-01,1,1,3,1,0,0,1,1,credit_card,branch,east,premium,desktop,0,0,0,483,50.97,230,12,4,6,2,3,0.0211,0.8616,0.1384,0.2733,0.000328,1,77.47
2026-01-01,1,1,3,1,0,0,1,1,credit_card,branch,east,retail,desktop,0,0,0,766,68.13,374,33,12,8,3,6,0.0245,0.8575,0.1425,0.2191,0.000485,1,0.0
2026-01-01,1,1,3,1,0,0,1,1,credit_card,branch,north,premium,desktop,0,0,0,592,38.85,193,14,14,5,1,6,0.0208,0.8455,0.1545,0.2901,0.000345,1,0.0
2026-01-01,1,1,3,1,0,0,1,1,credit_card,branch,north,retail,desktop,0,0,0,851,41.43,381,22,6,7,1,4,0.0137,0.8664,0.1336,0.2338,0.000481,0,0.0
2026-01-01,1,1,3,1,0,0,1,1,credit_card,branch,south,premium,desktop,0,0,0,493,70.9,191,18,10,6,3,4,0.0165,0.8618,0.1382,0.2864,0.000379,1,126.83
2026-01-01,1,1,3,1,0,0,1,1,credit_card,branch,south,retail,desktop,0,0,0,849,30.16,251,31,11,7,4,6,0.0149,0.8671,0.1329,0.2572,0.000506,0,8.23
2026-01-01,1,1,3,1,0,0,1,1,credit_card,branch,west,premium,desktop,0,0,0,579,76.48,180,14,7,10,1,2,0.0211,0.8486,0.1514,0.2356,0.000381,0,0.0
2026-01-01,1,1,3,1,0,0,1,1,credit_card,branch,west,retail,desktop,0,0,0,850,99.55,317,31,15,3,1,11,0.0208,0.8491,0.1509,0.2619,0.000536,1,189.16
2026-01-01,1,1,3,1,0,0,1,1,credit_card,mobile_app,east,premium,ios,0,0,0,2246,66.32,859,20,23,14,2,14,0.0174,0.8645,0.1355,0.3364,0.00054,2,179.01
2026-01-01,1,1,3,1,0,0,1,1,credit_card,mobile_app,east,retail,android,0,0,0,3291,75.72,1359,26,22,17,2,18,0.0211,0.8519,0.1481,0.5175,0.000739,2,288.54
2026-01-01,1,1,3,1,0,0,1,1,credit_card,mobile_app,north,premium,android,0,0,0,2547,52.53,927,22,18,14,2,10,0.0174,0.8572,0.1428,0.5748,0.000583,0,22.1
2026-01-01,1,1,3,1,0,0,1,1,credit_card,mobile_app,north,retail,android,0,0,0,3301,35.42,985,39,20,17,3,24,0.0184,0.8549,0.1451,0.5056,0.000784,7,314.45
2026-01-01,1,1,3,1,0,0,1,1,credit_card,mobile_app,south,premium,ios,0,0,0,2199,60.45,794,10,24,13,1,16,0.0179,0.8623,0.1377,0.3507,0.000611,1,74.53
2026-01-01,1,1,3,1,0,0,1,1,credit_card,mobile_app,south,retail,android,0,0,0,3581,74.21,1411,30,20,10,1,13,0.0219,0.8553,0.1447,0.5304,0.000874,5,525.8
2026-01-01,1,1,3,1,0,0,1,1,credit_card,mobile_app,west,premium,ios,0,0,0,2422,68.92,844,13,24,7,3,11,0.0301,0.8788,0.1212,0.3244,0.000649,3,271.6
2026-01-01,1,1,3,1,0,0,1,1,credit_card,mobile_app,west,retail,ios,0,0,0,3222,74.14,1011,30,23,6,3,15,0.02,0.8584,0.1416,0.3601,0.000939,1,58.91
2026-01-01,1,1,3,1,0,0,1,1,credit_card,web,east,premium,ios,0,0,0,1722,93.43,539,3,18,7,1,10,0.0269,0.8462,0.1538,0.2618,0.000463,2,146.22
2026-01-01,1,1,3,1,0,0,1,1,credit_card,web,east,retail,ios,0,0,0,2953,67.1,1014,34,14,9,3,15,0.0206,0.8676,0.1324,0.2569,0.000649,3,353.63
2026-01-01,1,1,3,1,0,0,1,1,credit_card,web,north,premium,ios,0,0,0,1831,82.69,657,11,5,4,2,3,0.0181,0.8626,0.1374,0.2516,0.00049,0,0.0
2026-01-01,1,1,3,1,0,0,1,1,credit_card,web,north,retail,desktop,0,0,0,1761,106.92,564,20,15,8,2,11,0.0185,0.8587,0.1413,0.2088,0.000664,1,137.22
2026-01-01,1,1,3,1,0,0,1,1,credit_card,web,south,premium,ios,0,0,0,1614,87.63,523,10,8,10,0,7,0.0211,0.8514,0.1486,0.2456,0.000544,1,165.65
2026-01-01,1,1,3,1,0,0,1,1,credit_card,web,south,retail,desktop,0,0,0,1824,117.33,763,27,9,7,4,11,0.0247,0.8675,0.1325,0.3046,0.000778,3,445.91
2026-01-01,1,1,3,1,0,0,1,1,credit_card,web,west,premium,android,0,0,0,1974,63.46,727,16,13,11,0,4,0.0187,0.8401,0.1599,0.3851,0.000566,0,15.89
2026-01-01,1,1,3,1,0,0,1,1,credit_card,web,west,retail,desktop,0,0,0,2192,97.02,1302,29,15,10,1,11,0.0182,0.8571,0.1429,0.3081,0.000799,2,217.13
2026-01-01,1,1,3,1,0,0,1,1,debit_card,branch,east,premium,desktop,0,0,0,426,56.85,184,10,14,3,0,3,0.0194,0.8561,0.1439,0.2542,0.000252,0,0.0
2026-01-01,1,1,3,1,0,0,1,1,debit_card,branch,east,retail,desktop,0,0,0,552,48.63,309,23,12,3,1,7,0.009,0.8577,0.1423,0.2443,0.000343,0,45.92
2026-01-01,1,1,3,1,0,0,1,1,debit_card,branch,north,premium,desktop,0,0,0,464,40.67,291,17,12,5,0,3,0.0192,0.8551,0.1449,0.2326,0.000284,0,20.14
2026-01-01,1,1,3,1,0,0,1,1,debit_card,branch,north,retail,desktop,0,0,0,673,84.66,250,15,12,5,1,7,0.0184,0.8575,0.1425,0.2387,0.000384,1,131.1
2026-01-01,1,1,3,1,0,0,1,1,debit_card,branch,south,premium,desktop,0,0,0,362,66.79,125,16,15,5,3,12,0.0231,0.8519,0.1481,0.2763,0.000315,1,72.15
2026-01-01,1,1,3,1,0,0,1,1,debit_card,branch,south,retail,desktop,0,0,0,702,60.15,367,22,10,5,1,6,0.0245,0.8534,0.1466,0.2608,0.000399,0,0.0
2026-01-01,1,1,3,1,0,0,1,1,debit_card,branch,west,premium,desktop,0,0,0,484,65.6,233,13,10,5,0,6,0.0264,0.8638,0.1362,0.2823,0.000306,0,41.14
2026-01-01,1,1,3,1,0,0,1,1,debit_card,branch,west,retail,desktop,0,0,0,679,48.32,205,20,6,3,2,2,0.0144,0.8583,0.1417,0.2281,0.000416,0,33.0
2026-01-01,1,1,3,1,0,0,1,1,debit_card,mobile_app,east,premium,android,0,0,0,1830,52.23,698,23,16,15,4,6,0.0231,0.8612,0.1388,0.5339,0.000425,0,62.8
2026-01-01,1,1,3,1,0,0,1,1,debit_card,mobile_app,east,retail,android,0,0,0,2950,21.63,921,27,29,4,4,15,0.0189,0.8589,0.1411,0.5367,0.000601,2,49.28
2026-01-01,1,1,3,1,0,0,1,1,debit_card,mobile_app,north,premium,ios,0,0,0,1874,70.02,881,11,18,7,1,10,0.0199,0.8623,0.1377,0.3784,0.000443,2,75.99
2026-01-01,1,1,3,1,0,0,1,1,debit_card,mobile_app,north,retail,ios,0,0,0,2515,60.96,1131,32,25,6,1,18,0.0186,0.8551,0.1449,0.3773,0.000656,3,279.7
2026-01-01,1,1,3,1,0,0,1,1,debit_card,mobile_app,south,premium,ios,0,0,0,1712,99.75,698,11,25,11,2,11,0.0208,0.8689,0.1311,0.3647,0.000484,3,279.71
2026-01-01,1,1,3,1,0,0,1,1,debit_card,mobile_app,south,retail,android,0,0,0,2411,93.29,915,34,22,8,4,12,0.0157,0.8525,0.1475,0.5419,0.000686,2,317.13
2026-01-01,1,1,3,1,0,0,1,1,debit_card,mobile_app,west,premium,android,0,0,0,2299,50.16,738,14,27,11,2,28,0.0218,0.8585,0.1415,0.5736,0.000495,6,354.76
2026-01-01,1,1,3,1,0,0,1,1,debit_card,mobile_app,west,retail,ios,0,0,0,2877,75.33,1658,31,23,9,4,12,0.0185,0.8382,0.1618,0.3511,0.000699,1,97.32
2026-01-01,1,1,3,1,0,0,1,1,debit_card,web,east,premium,ios,0,0,0,1341,39.71,429,14,13,11,1,9,0.0128,0.8583,0.1417,0.2032,0.000385,1,21.99
2026-01-01,1,1,3,1,0,0,1,1,debit_card,web,east,retail,android,0,0,0,2395,57.44,1012,29,10,4,1,5,0.018,0.8581,0.1419,0.4086,0.000506,1,27.98
2026-01-01,1,1,3,1,0,0,1,1,debit_card,web,north,premium,desktop,0,0,0,1124,71.74,349,10,12,10,0,6,0.0189,0.8777,0.1223,0.247,0.000383,0,0.11
2026-01-01,1,1,3,1,0,0,1,1,debit_card,web,north,retail,desktop,0,0,0,1728,41.46,590,15,9,7,0,5,0.0189,0.854,0.146,0.2503,0.000532,0,0.0
2026-01-01,1,1,3,1,0,0,1,1,debit_card,web,south,premium,desktop,0,0,0,807,53.14,375,11,18,3,1,9,0.0168,0.8663,0.1337,0.2497,0.000409,1,68.07
2026-01-01,1,1,3,1,0,0,1,1,debit_card,web,south,retail,ios,0,0,0,1883,47.46,1121,24,17,6,0,4,0.0228,0.8611,0.1389,0.25,0.000572,0,6.44
2026-01-01,1,1,3,1,0,0,1,1,debit_card,web,west,premium,android,0,0,0,1861,52.56,764,15,15,9,0,8,0.0248,0.8524,0.1476,0.4132,0.000439,1,116.0
2026-01-01,1,1,3,1,0,0,1,1,debit_card,web,west,retail,desktop,0,0,0,1911,46.81,915,19,10,9,4,10,0.021,0.8467,0.1533,0.2493,0.000592,2,44.19
2026-01-01,1,1,3,1,0,0,1,1,digital_wallet,branch,east,premium,desktop,0,0,0,432,76.25,184,7,14,7,3,6,0.0139,0.8703,0.1297,0.2195,0.000375,0,73.74
2026-01-01,1,1,3,1,0,0,1,1,digital_wallet,branch,east,retail,desktop,0,0,0,577,29.4,389,13,16,4,1,12,0.0232,0.8447,0.1553,0.2345,0.000552,1,0.0
2026-01-01,1,1,3,1,0,0,1,1,digital_wallet,branch,north,premium,desktop,0,0,0,398,44.56,228,13,8,5,1,3,0.0153,0.8633,0.1367,0.2574,0.000388,0,0.0
2026-01-01,1,1,3,1,0,0,1,1,digital_wallet,branch,north,retail,desktop,0,0,0,510,61.44,185,15,9,4,2,8,0.0224,0.8557,0.1443,0.2737,0.000537,1,104.81
2026-01-01,1,1,3,1,0,0,1,1,digital_wallet,branch,south,premium,desktop,0,0,0,344,46.41,202,9,11,3,2,2,0.0311,0.8683,0.1317,0.2815,0.000434,0,9.13
2026-01-01,1,1,3,1,0,0,1,1,digital_wallet,branch,south,retail,desktop,0,0,0,516,56.36,247,17,4,6,1,1,0.0246,0.872,0.128,0.2372,0.000591,0,79.71
2026-01-01,1,1,3,1,0,0,1,1,digital_wallet,branch,west,premium,desktop,0,0,0,430,29.63,167,5,10,6,1,5,0.0176,0.8771,0.1229,0.2565,0.000443,0,53.26
2026-01-01,1,1,3,1,0,0,1,1,digital_wallet,branch,west,retail,desktop,0,0,0,598,42.77,276,17,8,7,2,3,0.0182,0.8557,0.1443,0.2598,0.000596,0,0.0
2026-01-01,1,1,3,1,0,0,1,1,digital_wallet,mobile_app,east,premium,android,0,0,0,1489,62.39,604,12,33,7,0,11,0.0182,0.8596,0.1404,0.5433,0.000618,1,62.35
2026-01-01,1,1,3,1,0,0,1,1,digital_wallet,mobile_app,east,retail,ios,0,0,0,2102,109.78,777,17,23,5,1,16,0.0245,0.863,0.137,0.3096,0.000879,2,257.06
2026-01-01,1,1,3,1,0,0,1,1,digital_wallet,mobile_app,north,premium,ios,0,0,0,1533,47.29,671,9,27,14,3,12,0.0235,0.8547,0.1453,0.3028,0.000623,2,93.8
2026-01-01,1,1,3,1,0,0,1,1,digital_wallet,mobile_app,north,retail,ios,0,0,0,2163,66.62,637,22,21,9,3,18,0.023,0.8613,0.1387,0.4216,0.000901,3,221.0
2026-01-01,1,1,3,1,0,0,1,1,digital_wallet,mobile_app,south,premium,ios,0,0,0,1354,61.14,425,12,20,11,2,13,0.0236,0.8523,0.1477,0.3314,0.000729,1,43.33
2026-01-01,1,1,3,1,0,0,1,1,digital_wallet,mobile_app,south,retail,android,0,0,0,2126,51.26,1060,26,24,11,4,11,0.0173,0.8792,0.1208,0.5638,0.001005,3,164.13
2026-01-01,1,1,3,1,0,0,1,1,digital_wallet,mobile_app,west,premium,ios,0,0,0,1790,29.57,594,8,18,7,2,7,0.0178,0.8538,0.1462,0.3142,0.000739,1,48.37
2026-01-01,1,1,3,1,0,0,1,1,digital_wallet,mobile_app,west,retail,android,0,0,0,2485,71.3,1014,19,17,12,4,23,0.0259,0.851,0.149,0.5124,0.001042,5,399.88
2026-01-01,1,1,3,1,0,0,1,1,digital_wallet,web,east,premium,android,0,0,0,1390,56.8,521,5,10,4,2,9,0.0233,0.8609,0.1391,0.4535,0.000533,1,72.7
2026-01-01,1,1,3,1,0,0,1,1,digital_wallet,web,east,retail,desktop,0,0,0,1406,52.51,635,19,16,9,0,10,0.0176,0.8491,0.1509,0.2066,0.00072,0,12.83
2026-01-01,1,1,3,1,0,0,1,1,digital_wallet,web,north,premium,desktop,0,0,0,890,91.52,326,11,10,10,2,7,0.0174,0.8622,0.1378,0.2193,0.000524,1,145.64
2026-01-01,1,1,3,1,0,0,1,1,digital_wallet,web,north,retail,desktop,0,0,0,1119,99.37,589,15,16,7,2,18,0.0206,0.8553,0.1447,0.2631,0.000768,2,275.69
2026-01-01,1,1,3,1,0,0,1,1,digital_wallet,web,south,premium,android,0,0,0,1166,73.03,767,9,18,6,1,13,0.0223,0.834,0.166,0.4362,0.00061,1,109.59
2026-01-01,1,1,3,1,0,0,1,1,digital_wallet,web,south,retail,desktop,0,0,0,1148,63.91,469,12,5,5,3,2,0.0169,0.8571,0.1429,0.256,0.000826,0,5.97
2026-01-01,1,1,3,1,0,0,1,1,digital_wallet,web,west,premium,desktop,0,0,0,922,81.14,316,8,14,9,0,9,0.0175,0.8515,0.1485,0.2177,0.000643,0,43.65
2026-01-01,1,1,3,1,0,0,1,1,digital_wallet,web,west,retail,android,0,0,0,2040,47.0,1300,21,19,4,3,10,0.0288,0.8548,0.1452,0.4427,0.000881,1,24.3
2026-01-02,1,2,4,1,0,0,0,0,credit_card,branch,east,premium,desktop,0,0,0,538,60.56,189,13,5,4,1,2,0.021,0.8541,0.1459,0.2226,0.000333,0,49.94
2026-01-02,1,2,4,1,0,0,0,0,credit_card,branch,east,retail,desktop,0,0,0,899,51.59,265,18,10,2,0,2,0.0153,0.8588,0.1412,0.2818,0.000438,0,0.0
2026-01-02,1,2,4,1,0,0,0,0,credit_card,branch,north,premium,desktop,0,0,0,679,74.42,228,11,8,3,1,6,0.0173,0.8694,0.1306,0.2265,0.000331,1,87.87
2026-01-02,1,2,4,1,0,0,0,0,credit_card,branch,north,retail,desktop,0,0,0,822,57.94,231,27,11,3,1,7,0.0181,0.8533,0.1467,0.2405,0.000493,0,0.0
2026-01-02,1,2,4,1,0,0,0,0,credit_card,branch,south,premium,desktop,0,0,0,632,88.58,276,6,8,6,2,2,0.0198,0.8655,0.1345,0.2666,0.000367,0,93.51
2026-01-02,1,2,4,1,0,0,0,0,credit_card,branch,south,retail,desktop,0,0,0,969,86.23,341,31,5,1,2,2,0.0228,0.8655,0.1345,0.2573,0.000517,0,0.0
2026-01-02,1,2,4,1,0,0,0,0,credit_card,branch,west,premium,desktop,0,0,0,622,123.24,207,7,7,6,1,3,0.018,0.8655,0.1345,0.2325,0.000392,0,0.0
2026-01-02,1,2,4,1,0,0,0,0,credit_card,branch,west,retail,desktop,0,0,0,854,59.91,310,25,5,1,4,1,0.0266,0.8512,0.1488,0.2399,0.000544,0,33.81
2026-01-02,1,2,4,1,0,0,0,0,credit_card,mobile_app,east,premium,android,0,0,0,2382,42.52,797,16,22,8,1,11,0.0141,0.8614,0.1386,0.4773,0.000566,1,107.03
2026-01-02,1,2,4,1,0,0,0,0,credit_card,mobile_app,east,retail,ios,0,0,0,3556,62.48,1590,37,19,12,2,12,0.0211,0.8505,0.1495,0.3446,0.000772,2,166.17
2026-01-02,1,2,4,1,0,0,0,0,credit_card,mobile_app,north,premium,android,0,0,0,2746,92.35,930,12,17,9,3,10,0.0267,0.8713,0.1287,0.5018,0.000529,0,52.15
2026-01-02,1,2,4,1,0,0,0,0,credit_card,mobile_app,north,retail,android,0,0,0,3957,115.88,1539,37,15,4,0,15,0.0165,0.8438,0.1562,0.5484,0.000768,2,279.32
2026-01-02,1,2,4,1,0,0,0,0,credit_card,mobile_app,south,premium,ios,0,0,0,2238,93.64,843,19,20,11,3,9,0.0198,0.8609,0.1391,0.3204,0.000605,1,116.73
2026-01-02,1,2,4,1,0,0,0,0,credit_card,mobile_app,south,retail,ios,0,0,0,3568,155.33,2171,42,21,10,5,32,0.0256,0.8591,0.1409,0.3561,0.000893,9,2197.54
2026-01-02,1,2,4,1,0,0,0,0,credit_card,mobile_app,west,premium,android,0,0,0,3029,57.12,1189,16,13,11,4,7,0.0193,0.8675,0.1325,0.5417,0.000619,1,95.6
2026-01-02,1,2,4,1,0,0,0,0,credit_card,mobile_app,west,retail,ios,0,0,0,4323,48.85,1356,41,23,5,2,26,0.0206,0.8704,0.1296,0.3174,0.000885,5,310.38
2026-01-02,1,2,4,1,0,0,0,0,credit_card,web,east,premium,desktop,0,0,0,1471,53.99,451,17,11,4,3,3,0.0099,0.8387,0.1613,0.2195,0.000485,0,40.92
2026-01-02,1,2,4,1,0,0,0,0,credit_card,web,east,retail,android,0,0,0,3445,55.6,2048,21,12,8,4,6,0.0174,0.8532,0.1468,0.457,0.000694,1,94.76
2026-01-02,1,2,4,1,0,0,0,0,credit_card,web,north,premium,desktop,0,0,0,1665,88.81,724,11,13,6,1,3,0.0231,0.8675,0.1325,0.2753,0.000473,0,0.0
2026-01-02,1,2,4,1,0,0,0,0,credit_card,web,north,retail,ios,0,0,0,2687,46.1,829,27,17,10,1,8,0.02,0.8594,0.1406,0.2327,0.000679,2,119.34
2026-01-02,1,2,4,1,0,0,0,0,credit_card,web,south,premium,ios,0,0,0,1786,204.55,617,9,19,4,3,8,0.0206,0.856,0.144,0.24,0.000532,1,364.14
2026-01-02,1,2,4,1,0,0,0,0,credit_card,web,south,retail,android,0,0,0,3299,70.33,1877,26,26,9,3,17,0.0198,0.8613,0.1387,0.4198,0.00074,2,207.19
2026-01-02,1,2,4,1,0,0,0,0,credit_card,web,west,premium,android,0,0,0,2614,68.67,1176,12,17,8,1,20,0.0151,0.875,0.125,0.4421,0.000586,3,204.68
2026-01-02,1,2,4,1,0,0,0,0,credit_card,web,west,retail,android,0,0,0,3462,44.96,1564,15,16,1,5,19,0.0182,0.8621,0.1379,0.4776,0.000724,3,277.59
2026-01-02,1,2,4,1,0,0,0,0,debit_card,branch,east,premium,desktop,0,0,0,532,45.51,212,8,9,3,2,2,0.0269,0.8617,0.1383,0.2466,0.000251,0,40.82
2026-01-02,1,2,4,1,0,0,0,0,debit_card,branch,east,retail,desktop,0,0,0,751,62.82,285,18,10,9,3,6,0.0213,0.8575,0.1425,0.2723,0.000354,0,8.21
2026-01-02,1,2,4,1,0,0,0,0,debit_card,branch,north,premium,desktop,0,0,0,491,58.51,335,8,7,4,3,2,0.0201,0.8497,0.1503,0.2353,0.000278,0,14.61
2026-01-02,1,2,4,1,0,0,0,0,debit_card,branch,north,retail,desktop,0,0,0,766,46.43,312,29,9,9,2,2,0.0211,0.8658,0.1342,0.2459,0.000383,0,75.02
2026-01-02,1,2,4,1,0,0,0,0,debit_card,branch,south,premium,desktop,0,0,0,429,34.53,220,9,8,4,1,4,0.0216,0.8621,0.1379,0.286,0.000274,0,0.0
2026-01-02,1,2,4,1,0,0,0,0,debit_card,branch,south,retail,desktop,0,0,0,586,52.39,256,31,5,4,1,3,0.0226,0.8666,0.1334,0.2043,0.000389,0,0.0
2026-01-02,1,2,4,1,0,0,0,0,debit_card,branch,west,premium,desktop,0,0,0,559,48.03,297,10,10,9,0,4,0.0217,0.8578,0.1422,0.2669,0.000302,0,19.32
2026-01-02,1,2,4,1,0,0,0,0,debit_card,branch,west,retail,desktop,0,0,0,900,60.45,308,22,17,6,1,5,0.0235,0.8671,0.1329,0.2677,0.000427,0,20.02
2026-01-02,1,2,4,1,0,0,0,0,debit_card,mobile_app,east,premium,ios,0,0,0,2048,49.98,1318,10,25,11,2,16,0.0124,0.8742,0.1258,0.3781,0.000428,0,0.0
2026-01-02,1,2,4,1,0,0,0,0,debit_card,mobile_app,east,retail,android,0,0,0,3282,61.74,1473,27,24,10,5,20,0.0202,0.8606,0.1394,0.5188,0.000596,2,134.68
2026-01-02,1,2,4,1,0,0,0,0,debit_card,mobile_app,north,premium,android,0,0,0,2383,55.07,1204,9,15,3,1,7,0.0207,0.8654,0.1346,0.5025,0.000425,0,27.37
2026-01-02,1,2,4,1,0,0,0,0,debit_card,mobile_app,north,retail,android,0,0,0,3373,63.63,1066,40,22,12,2,8,0.0207,0.8678,0.1322,0.5573,0.000628,2,190.72
2026-01-02,1,2,4,1,0,0,0,0,debit_card,mobile_app,south,premium,android,0,0,0,2161,47.75,1433,17,23,9,2,24,0.022,0.8596,0.1404,0.4641,0.000478,4,169.31
2026-01-02,1,2,4,1,0,0,0,0,debit_card,mobile_app,south,retail,android,0,0,0,3223,53.47,948,29,18,11,1,15,0.0225,0.8572,0.1428,0.501,0.000647,4,213.02
2026-01-02,1,2,4,1,0,0,0,0,debit_card,mobile_app,west,premium,android,0,0,0,2089,56.63,1022,12,13,9,0,4,0.0263,0.8638,0.1362,0.4903,0.000488,0,1.41
2026-01-02,1,2,4,1,0,0,0,0,debit_card,mobile_app,west,retail,ios,0,0,0,3120,38.16,931,28,21,10,2,11,0.0224,0.8576,0.1424,0.3897,0.000675,2,92.92
2026-01-02,1,2,4,1,0,0,0,0,debit_card,web,east,premium,ios,0,0,0,1719,54.74,585,8,10,2,4,6,0.0314,0.8563,0.1437,0.2521,0.000355,1,68.49
2026-01-02,1,2,4,1,0,0,0,0,debit_card,web,east,retail,desktop,0,0,0,1765,63.3,876,18,11,12,2,6,0.017,0.8522,0.1478,0.2657,0.000532,1,34.66
2026-01-02,1,2,4,1,0,0,0,0,debit_card,web,north,premium,android,0,0,0,1815,77.56,961,7,8,7,1,2,0.0178,0.8595,0.1405,0.4704,0.000373,0,71.13
2026-01-02,1,2,4,1,0,0,0,0,debit_card,web,north,retail,desktop,0,0,0,1800,95.34,1003,17,18,8,1,3,0.0167,0.8672,0.1328,0.2534,0.000551,0,0.0
2026-01-02,1,2,4,1,0,0,0,0,debit_card,web,south,premium,desktop,0,0,0,1118,59.01,330,17,15,14,3,11,0.0183,0.8631,0.1369,0.2449,0.000427,1,17.76
2026-01-02,1,2,4,1,0,0,0,0,debit_card,web,south,retail,desktop,0,0,0,1665,51.95,699,16,15,3,2,7,0.0172,0.8635,0.1365,0.242,0.000562,0,4.65
2026-01-02,1,2,4,1,0,0,0,0,debit_card,web,west,premium,desktop,0,0,0,1302,69.9,480,18,15,5,2,8,0.0193,0.8434,0.1566,0.2183,0.00045,0,54.21
2026-01-02,1,2,4,1,0,0,0,0,debit_card,web,west,retail,desktop,0,0,0,1848,51.11,861,22,15,5,3,10,0.0247,0.8692,0.1308,0.2634,0.000596,2,125.78
2026-01-02,1,2,4,1,0,0,0,0,digital_wallet,branch,east,premium,desktop,0,0,0,403,51.5,162,9,5,2,2,5,0.0191,0.844,0.156,0.2679,0.00036,1,92.86
2026-01-02,1,2,4,1,0,0,0,0,digital_wallet,branch,east,retail,desktop,0,0,0,641,38.03,225,19,12,6,3,3,0.0181,0.8533,0.1467,0.2941,0.000529,0,65.83
2026-01-02,1,2,4,1,0,0,0,0,digital_wallet,branch,north,premium,desktop,0,0,0,465,79.71,138,6,8,7,3,4,0.0229,0.8658,0.1342,0.2627,0.000387,0,27.75
2026-01-02,1,2,4,1,0,0,0,0,digital_wallet,branch,north,retail,desktop,0,0,0,613,114.87,199,9,12,7,1,2,0.0162,0.8438,0.1562,0.2392,0.000553,0,0.0
2026-01-02,1,2,4,1,0,0,0,0,digital_wallet,branch,south,premium,desktop,0,0,0,420,58.02,169,8,11,5,2,4,0.0186,0.8723,0.1277,0.2245,0.00043,0,0.0
2026-01-02,1,2,4,1,0,0,0,0,digital_wallet,branch,south,retail,desktop,0,0,0,528,70.05,176,14,5,4,1,3,0.02,0.8522,0.1478,0.277,0.000584,0,0.0
2026-01-02,1,2,4,1,0,0,0,0,digital_wallet,branch,west,premium,desktop,0,0,0,386,64.33,160,3,10,4,1,6,0.0173,0.8626,0.1374,0.1999,0.00045,0,0.0
2026-01-02,1,2,4,1,0,0,0,0,digital_wallet,branch,west,retail,desktop,0,0,0,654,62.2,347,11,12,4,1,5,0.025,0.8631,0.1369,0.2366,0.00062,0,0.0
2026-01-02,1,2,4,1,0,0,0,0,digital_wallet,mobile_app,east,premium,android,0,0,0,1613,51.85,482,20,21,7,3,11,0.0157,0.8639,0.1361,0.5853,0.000633,1,63.43
2026-01-02,1,2,4,1,0,0,0,0,digital_wallet,mobile_app,east,retail,android,0,0,0,2961,72.96,1092,18,12,4,2,11,0.0209,0.8597,0.1403,0.5365,0.00085,2,77.27
2026-01-02,1,2,4,1,0,0,0,0,digital_wallet,mobile_app,north,premium,android,0,0,0,1711,41.74,1111,15,16,14,4,9,0.0173,0.8544,0.1456,0.5408,0.000683,0,0.0
2026-01-02,1,2,4,1,0,0,0,0,digital_wallet,mobile_app,north,retail,android,0,0,0,2429,79.16,1443,18,20,12,2,5,0.0188,0.8579,0.1421,0.5007,0.000882,1,118.15
2026-01-02,1,2,4,1,0,0,0,0,digital_wallet,mobile_app,south,premium,android,0,0,0,1737,94.36,575,11,21,10,2,15,0.0195,0.8738,0.1262,0.5663,0.000696,1,125.02
2026-01-02,1,2,4,1,0,0,0,0,digital_wallet,mobile_app,south,retail,android,0,0,0,2849,37.68,897,28,21,10,2,19,0.0185,0.8527,0.1473,0.5937,0.000987,3,189.15
2026-01-02,1,2,4,1,0,0,0,0,digital_wallet,mobile_app,west,premium,ios,0,0,0,1883,61.15,637,12,16,7,1,9,0.0273,0.8481,0.1519,0.3959,0.000715,0,36.58
2026-01-02,1,2,4,1,0,0,0,0,digital_wallet,mobile_app,west,retail,ios,0,0,0,2542,98.79,829,20,24,7,4,19,0.02,0.86,0.14,0.3578,0.001016,3,201.49
2026-01-02,1,2,4,1,0,0,0,0,digital_wallet,web,east,premium,desktop,0,0,0,871,47.16,416,3,14,8,0,15,0.0265,0.8636,0.1364,0.2639,0.000517,2,86.48
2026-01-02,1,2,4,1,0,0,0,0,digital_wallet,web,east,retail,android,0,0,0,2517,42.97,1099,19,12,7,1,10,0.0213,0.8586,0.1414,0.4322,0.000766,2,116.13
2026-01-02,1,2,4,1,0,0,0,0,digital_wallet,web,north,premium,android,0,0,0,1537,112.17,473,10,8,5,2,2,0.021,0.8594,0.1406,0.3791,0.000541,0,54.15
2026-01-02,1,2,4,1,0,0,0,0,digital_wallet,web,north,retail,android,0,0,0,2335,51.17,734,11,13,7,2,7,0.0113,0.8697,0.1303,0.4434,0.000753,2,159.42
2026-01-02,1,2,4,1,0,0,0,0,digital_wallet,web,south,premium,ios,0,0,0,1383,55.35,485,8,15,7,1,22,0.0268,0.8495,0.1505,0.2628,0.000605,4,263.41
2026-01-02,1,2,4,1,0,0,0,0,digital_wallet,web,south,retail,ios,0,0,0,1978,56.96,1020,16,18,10,3,5,0.0199,0.8498,0.1502,0.253,0.000869,0,0.0
2026-01-02,1,2,4,1,0,0,0,0,digital_wallet,web,west,premium,desktop,0,0,0,1167,56.66,583,9,15,5,2,4,0.0309,0.8659,0.1341,0.2168,0.000654,0,0.0
2026-01-02,1,2,4,1,0,0,0,0,digital_wallet,web,west,retail,desktop,0,0,0,1446,75.6,698,14,9,4,5,10,0.0252,0.857,0.143,0.264,0.000885,2,219.0
2026-01-03,1,3,5,1,1,0,0,0,credit_card,branch,east,premium,desktop,0,0,0,504,70.88,333,8,8,6,1,2,0.0223,0.8479,0.1521,0.1942,0.000301,0,0.0
2026-01-03,1,3,5,1,1,0,0,0,credit_card,branch,east,retail,desktop,0,0,0,824,74.09,517,32,9,5,4,2,0.0173,0.8665,0.1335,0.2731,0.000451,0,8.03
2026-01-03,1,3,5,1,1,0,0,0,credit_card,branch,north,premium,desktop,0,0,0,505,90.3,268,6,13,3,2,5,0.016,0.8588,0.1412,0.2692,0.000327,0,0.0
2026-01-03,1,3,5,1,1,0,0,0,credit_card,branch,north,retail,desktop,0,0,0,888,63.18,280,26,12,3,2,8,0.0192,0.8466,0.1534,0.2735,0.000496,1,23.37
2026-01-03,1,3,5,1,1,0,0,0,credit_card,branch,south,premium,desktop,0,0,0,532,83.33,195,16,15,2,2,13,0.0241,0.8559,0.1441,0.2647,0.000371,1,107.92
2026-01-03,1,3,5,1,1,0,0,0,credit_card,branch,south,retail,desktop,0,0,0,722,42.8,317,25,8,8,1,6,0.0194,0.8576,0.1424,0.231,0.000508,1,99.61
2026-01-03,1,3,5,1,1,0,0,0,credit_card,branch,west,premium,desktop,0,0,0,562,136.1,236,17,7,5,1,3,0.0201,0.8421,0.1579,0.2568,0.000388,0,0.0
2026-01-03,1,3,5,1,1,0,0,0,credit_card,branch,west,retail,desktop,0,0,0,875,52.14,302,24,13,6,3,9,0.018,0.8355,0.1645,0.2615,0.000548,1,91.29
2026-01-03,1,3,5,1,1,0,0,0,credit_card,mobile_app,east,premium,ios,0,0,0,2095,50.33,1230,17,17,7,3,7,0.0226,0.8537,0.1463,0.3073,0.000541,1,68.07
2026-01-03,1,3,5,1,1,0,0,0,credit_card,mobile_app,east,retail,ios,0,0,0,3048,95.76,1105,31,24,6,2,17,0.0219,0.8386,0.1614,0.35,0.000761,1,62.34
2026-01-03,1,3,5,1,1,0,0,0,credit_card,mobile_app,north,premium,ios,0,0,0,2020,65.87,950,20,24,14,1,9,0.0243,0.8486,0.1514,0.3734,0.000579,1,85.09
2026-01-03,1,3,5,1,1,0,0,0,credit_card,mobile_app,north,retail,ios,0,0,0,2991,63.91,917,36,20,8,3,10,0.018,0.8455,0.1545,0.3538,0.000847,1,58.23
2026-01-03,1,3,5,1,1,0,0,0,credit_card,mobile_app,south,premium,android,0,0,0,1894,108.66,1268,18,33,9,3,12,0.0189,0.8481,0.1519,0.5322,0.000607,3,362.95
2026-01-03,1,3,5,1,1,0,0,0,credit_card,mobile_app,south,retail,android,0,0,0,3020,54.94,1187,32,20,7,2,19,0.0095,0.8508,0.1492,0.5249,0.000853,3,220.41
2026-01-03,1,3,5,1,1,0,0,0,credit_card,mobile_app,west,premium,ios,0,0,0,2016,51.07,944,15,29,13,2,25,0.0157,0.8543,0.1457,0.3685,0.000686,2,111.36
2026-01-03,1,3,5,1,1,0,0,0,credit_card,mobile_app,west,retail,android,0,0,0,3589,82.93,1491,29,25,9,4,34,0.022,0.8458,0.1542,0.4665,0.000891,8,999.98
2026-01-03,1,3,5,1,1,0,0,0,credit_card,web,east,premium,desktop,0,0,0,1274,57.83,406,22,11,6,1,3,0.0189,0.868,0.132,0.2073,0.000458,0,40.11
2026-01-03,1,3,5,1,1,0,0,0,credit_card,web,east,retail,ios,0,0,0,2861,80.61,1554,28,19,5,1,19,0.0195,0.847,0.153,0.2541,0.00065,3,256.11
2026-01-03,1,3,5,1,1,0,0,0,credit_card,web,north,premium,desktop,0,0,0,1387,35.09,479,16,22,5,6,10,0.0268,0.8668,0.1332,0.2736,0.000499,1,61.23
2026-01-03,1,3,5,1,1,0,0,0,credit_card,web,north,retail,android,0,0,0,3158,72.77,2007,23,9,3,3,11,0.0221,0.8449,0.1551,0.4065,0.000671,2,191.61
2026-01-03,1,3,5,1,1,0,0,0,credit_card,web,south,premium,desktop,0,0,0,1378,163.96,635,16,23,9,3,17,0.0201,0.8683,0.1317,0.3107,0.00054,3,591.94
2026-01-03,1,3,5,1,1,0,0,0,credit_card,web,south,retail,desktop,0,0,0,1847,76.23,1121,24,16,7,2,12,0.0162,0.8443,0.1557,0.2778,0.000737,2,127.78
2026-01-03,1,3,5,1,1,0,0,0,credit_card,web,west,premium,ios,0,0,0,2139,78.29,665,15,10,10,4,6,0.0161,0.8569,0.1431,0.2742,0.000523,1,143.15
2026-01-03,1,3,5,1,1,0,0,0,credit_card,web,west,retail,android,0,0,0,2975,87.12,1442,22,16,5,5,14,0.0229,0.8457,0.1543,0.4095,0.000806,3,290.61
2026-01-03,1,3,5,1,1,0,0,0,debit_card,branch,east,premium,desktop,0,0,0,409,55.58,222,7,13,4,0,6,0.016,0.8426,0.1574,0.2983,0.000265,1,42.15
2026-01-03,1,3,5,1,1,0,0,0,debit_card,branch,east,retail,desktop,0,0,0,704,119.34,233,17,8,3,1,5,0.0166,0.8582,0.1418,0.2259,0.000341,0,0.0
2026-01-03,1,3,5,1,1,0,0,0,debit_card,branch,north,premium,desktop,0,0,0,421,81.66,261,13,7,3,1,5,0.024,0.8463,0.1537,0.2566,0.000278,1,155.67
2026-01-03,1,3,5,1,1,0,0,0,debit_card,branch,north,retail,desktop,0,0,0,727,56.4,397,19,8,5,0,8,0.023,0.8522,0.1478,0.2411,0.000371,1,32.78
2026-01-03,1,3,5,1,1,0,0,0,debit_card,branch,south,premium,desktop,0,0,0,425,38.54,166,13,9,7,2,5,0.0251,0.8375,0.1625,0.267,0.000285,0,0.0
2026-01-03,1,3,5,1,1,0,0,0,debit_card,branch,south,retail,desktop,0,0,0,642,40.85,292,23,5,3,1,5,0.0114,0.8576,0.1424,0.3272,0.000377,1,35.24
2026-01-03,1,3,5,1,1,0,0,0,debit_card,branch,west,premium,desktop,0,0,0,435,56.63,148,12,10,9,0,4,0.025,0.8494,0.1506,0.2229,0.00031,0,0.0
2026-01-03,1,3,5,1,1,0,0,0,debit_card,branch,west,retail,desktop,0,0,0,691,63.07,239,21,15,6,0,8,0.0159,0.8592,0.1408,0.2825,0.000427,1,147.19
2026-01-03,1,3,5,1,1,0,0,0,debit_card,mobile_app,east,premium,ios,0,0,0,2048,92.01,871,7,25,6,0,21,0.0236,0.8497,0.1503,0.3749,0.000414,4,496.06
2026-01-03,1,3,5,1,1,0,0,0,debit_card,mobile_app,east,retail,ios,0,0,0,2582,64.91,1146,44,27,6,3,8,0.0166,0.8493,0.1507,0.3734,0.00062,1,97.51
2026-01-03,1,3,5,1,1,0,0,0,debit_card,mobile_app,north,premium,ios,0,0,0,2013,72.4,650,14,19,14,4,11,0.0205,0.8471,0.1529,0.3996,0.000453,0,19.82
2026-01-03,1,3,5,1,1,0,0,0,debit_card,mobile_app,north,retail,android,0,0,0,3092,81.74,1833,29,24,11,3,7,0.0226,0.8342,0.1658,0.564,0.000606,1,70.38
2026-01-03,1,3,5,1,1,0,0,0,debit_card,mobile_app,south,premium,android,0,0,0,1734,37.04,629,10,21,8,1,6,0.0124,0.8571,0.1429,0.559,0.000483,1,15.03
2026-01-03,1,3,5,1,1,0,0,0,debit_card,mobile_app,south,retail,android,0,0,0,2790,59.2,869,28,19,14,1,11,0.016,0.8559,0.1441,0.5982,0.000712,2,185.81
2026-01-03,1,3,5,1,1,0,0,0,debit_card,mobile_app,west,premium,android,0,0,0,1843,82.56,1157,15,21,14,0,6,0.0234,0.8431,0.1569,0.5615,0.000509,0,23.21
2026-01-03,1,3,5,1,1,0,0,0,debit_card,mobile_app,west,retail,ios,0,0,0,3449,108.41,1499,26,16,10,3,9,0.019,0.8691,0.1309,0.4313,0.000712,1,135.29
2026-01-03,1,3,5,1,1,0,0,0,debit_card,web,east,premium,android,0,0,0,1754,142.04,717,15,15,3,1,7,0.0192,0.8506,0.1494,0.4351,0.000374,0,0.0
2026-01-03,1,3,5,1,1,0,0,0,debit_card,web,east,retail,ios,0,0,0,2231,44.12,928,28,19,7,0,9,0.0187,0.8449,0.1551,0.2332,0.000509,0,34.69
2026-01-03,1,3,5,1,1,0,0,0,debit_card,web,north,premium,android,0,0,0,1652,73.62,601,8,11,3,2,6,0.0192,0.8561,0.1439,0.3808,0.000375,0,0.0
2026-01-03,1,3,5,1,1,0,0,0,debit_card,web,north,retail,desktop,0,0,0,1250,56.13,697,16,20,6,2,4,0.0178,0.838,0.162,0.2275,0.000542,0,45.66
2026-01-03,1,3,5,1,1,0,0,0,debit_card,web,south,premium,desktop,0,0,0,1092,52.44,483,11,16,4,1,4,0.0157,0.8387,0.1613,0.2739,0.000418,0,22.54
2026-01-03,1,3,5,1,1,0,0,0,debit_card,web,south,retail,desktop,0,0,0,1632,35.55,629,23,15,10,0,12,0.0231,0.8514,0.1486,0.2763,0.000572,2,165.18
2026-01-03,1,3,5,1,1,0,0,0,debit_card,web,west,premium,desktop,0,0,0,1284,39.63,496,8,25,10,1,17,0.0222,0.8445,0.1555,0.2541,0.000446,1,41.65
2026-01-03,1,3,5,1,1,0,0,0,debit_card,web,west,retail,ios,0,0,0,2167,41.66,1013,15,19,7,4,13,0.0227,0.8253,0.1747,0.248,0.00059,1,54.54
2026-01-03,1,3,5,1,1,0,0,0,digital_wallet,branch,east,premium,desktop,0,0,0,304,60.74,132,9,17,5,2,11,0.0201,0.8597,0.1403,0.2699,0.000383,1,59.26
2026-01-03,1,3,5,1,1,0,0,0,digital_wallet,branch,east,retail,desktop,0,0,0,534,37.89,198,12,14,4,0,9,0.0198,0.8572,0.1428,0.2383,0.000528,1,50.43
2026-01-03,1,3,5,1,1,0,0,0,digital_wallet,branch,north,premium,desktop,0,0,0,358,34.41,215,10,13,1,2,7,0.0151,0.8576,0.1424,0.2254,0.000384,0,58.81
2026-01-03,1,3,5,1,1,0,0,0,digital_wallet,branch,north,retail,desktop,0,0,0,610,100.03,186,21,7,7,1,1,0.0142,0.8431,0.1569,0.2284,0.000549,0,0.0
2026-01-03,1,3,5,1,1,0,0,0,digital_wallet,branch,south,premium,desktop,0,0,0,350,83.73,102,10,13,4,0,8,0.025,0.8389,0.1611,0.2486,0.000433,0,0.0
2026-01-03,1,3,5,1,1,0,0,0,digital_wallet,branch,south,retail,desktop,0,0,0,569,90.25,322,17,13,1,2,4,0.0242,0.8451,0.1549,0.2688,0.000623,0,91.39
2026-01-03,1,3,5,1,1,0,0,0,digital_wallet,branch,west,premium,desktop,0,0,0,404,61.91,112,5,8,8,1,4,0.0186,0.8626,0.1374,0.2163,0.000436,0,0.0
2026-01-03,1,3,5,1,1,0,0,0,digital_wallet,branch,west,retail,desktop,0,0,0,565,57.42,319,18,10,5,2,12,0.0192,0.8419,0.1581,0.275,0.000603,2,70.34
2026-01-03,1,3,5,1,1,0,0,0,digital_wallet,mobile_app,east,premium,ios,0,0,0,1315,51.61,863,11,22,15,3,14,0.0198,0.8582,0.1418,0.3311,0.000641,0,7.8
2026-01-03,1,3,5,1,1,0,0,0,digital_wallet,mobile_app,east,retail,android,0,0,0,1858,41.27,825,22,22,13,4,10,0.0182,0.8512,0.1488,0.5476,0.000852,0,0.0
2026-01-03,1,3,5,1,1,0,0,0,digital_wallet,mobile_app,north,premium,ios,0,0,0,1676,62.01,652,9,26,9,2,8,0.0269,0.8586,0.1414,0.3332,0.000646,0,0.0
2026-01-03,1,3,5,1,1,0,0,0,digital_wallet,mobile_app,north,retail,ios,0,0,0,2156,64.84,758,29,16,12,3,9,0.0211,0.8482,0.1518,0.3771,0.000896,2,171.04
2026-01-03,1,3,5,1,1,0,0,0,digital_wallet,mobile_app,south,premium,ios,0,0,0,1546,78.53,663,11,21,12,3,7,0.0183,0.8516,0.1484,0.3491,0.00068,1,28.3
2026-01-03,1,3,5,1,1,0,0,0,digital_wallet,mobile_app,south,retail,android,0,0,0,2254,85.94,964,30,29,10,4,17,0.0123,0.8374,0.1626,0.4956,0.000977,1,87.34
2026-01-03,1,3,5,1,1,0,0,0,digital_wallet,mobile_app,west,premium,android,0,0,0,1647,49.03,661,13,23,11,0,16,0.0232,0.8509,0.1491,0.5027,0.000747,2,105.39
2026-01-03,1,3,5,1,1,0,0,0,digital_wallet,mobile_app,west,retail,ios,0,0,0,2150,108.78,1331,23,26,14,6,18,0.0208,0.8595,0.1405,0.371,0.001012,1,77.06
2026-01-03,1,3,5,1,1,0,0,0,digital_wallet,web,east,premium,desktop,0,0,0,886,75.78,279,8,14,4,1,10,0.0204,0.84,0.16,0.219,0.000526,1,59.42
2026-01-03,1,3,5,1,1,0,0,0,digital_wallet,web,east,retail,desktop,0,0,0,1080,55.54,349,21,14,6,3,3,0.0148,0.8675,0.1325,0.2523,0.00074,0,57.7
2026-01-03,1,3,5,1,1,0,0,0,digital_wallet,web,north,premium,android,0,0,0,1394,91.53,511,10,11,6,2,12,0.0213,0.8489,0.1511,0.4498,0.000581,2,286.97
2026-01-03,1,3,5,1,1,0,0,0,digital_wallet,web,north,retail,desktop,0,0,0,1360,57.51,599,15,14,4,2,9,0.0269,0.8387,0.1613,0.2985,0.000787,1,48.67
2026-01-03,1,3,5,1,1,0,0,0,digital_wallet,web,south,premium,android,0,0,0,1211,78.3,541,10,20,9,0,11,0.0242,0.8547,0.1453,0.4652,0.000595,0,0.0
2026-01-03,1,3,5,1,1,0,0,0,digital_wallet,web,south,retail,desktop,0,0,0,1199,45.63,657,24,28,8,4,19,0.0261,0.8483,0.1517,0.2168,0.000855,3,216.39
2026-01-03,1,3,5,1,1,0,0,0,digital_wallet,web,west,premium,desktop,0,0,0,914,56.41,400,6,15,6,1,3,0.0296,0.8629,0.1371,0.2563,0.000651,0,51.02
2026-01-03,1,3,5,1,1,0,0,0,digital_wallet,web,west,retail,android,0,0,0,1880,71.04,616,13,12,9,0,7,0.0233,0.8532,0.1468,0.4357,0.000894,1,50.2
2026-01-04,1,4,6,1,1,0,0,0,credit_card,branch,east,premium,desktop,0,0,0,535,28.85,186,10,12,4,2,3,0.0134,0.861,0.139,0.2281,0.000328,0,0.0
2026-01-04,1,4,6,1,1,0,0,0,credit_card,branch,east,retail,desktop,0,0,0,732,94.45,500,20,5,4,0,3,0.0179,0.8446,0.1554,0.2722,0.000435,0,71.36
2026-01-04,1,4,6,1,1,0,0,0,credit_card,branch,north,premium,desktop,0,0,0,563,65.72,162,12,18,5,1,5,0.0219,0.8427,0.1573,0.2207,0.000335,0,0.0
2026-01-04,1,4,6,1,1,0,0,0,credit_card,branch,north,retail,desktop,0,0,0,653,63.49,321,27,16,4,1,6,0.0302,0.8412,0.1588,0.2481,0.000487,0,0.0
2026-01-04,1,4,6,1,1,0,0,0,credit_card,branch,south,premium,desktop,0,0,0,411,96.67,139,12,8,10,3,3,0.0228,0.8479,0.1521,0.2656,0.000387,0,0.0
2026-01-04,1,4,6,1,1,0,0,0,credit_card,branch,south,retail,desktop,0,0,0,830,87.98,295,23,8,4,2,4,0.0211,0.8497,0.1503,0.2503,0.000555,0,41.71
2026-01-04,1,4,6,1,1,0,0,0,credit_card,branch,west,premium,desktop,0,0,0,645,50.56,294,10,10,8,3,3,0.0306,0.8379,0.1621,0.2325,0.000393,0,0.0
2026-01-04,1,4,6,1,1,0,0,0,credit_card,branch,west,retail,desktop,0,0,0,912,79.1,311,21,11,4,2,5,0.0192,0.8301,0.1699,0.2038,0.000544,0,0.0
2026-01-04,1,4,6,1,1,0,0,0,credit_card,mobile_app,east,premium,ios,0,0,0,2144,48.3,1224,15,14,15,0,6,0.0207,0.8675,0.1325,0.3056,0.000522,0,20.03
2026-01-04,1,4,6,1,1,0,0,0,credit_card,mobile_app,east,retail,ios,0,0,0,2711,84.47,1286,34,17,17,4,5,0.0226,0.8589,0.1411,0.3682,0.000764,0,2.77
2026-01-04,1,4,6,1,1,0,0,0,credit_card,mobile_app,north,premium,ios,0,0,0,2403,86.97,1234,16,34,12,0,12,0.0184,0.8674,0.1326,0.3318,0.000569,2,313.17
2026-01-04,1,4,6,1,1,0,0,0,credit_card,mobile_app,north,retail,android,0,0,0,3721,71.13,1562,25,20,13,5,8,0.0203,0.8638,0.1362,0.5639,0.000783,1,143.4
2026-01-04,1,4,6,1,1,0,0,0,credit_card,mobile_app,south,premium,android,0,0,0,2001,63.62,677,22,24,10,5,6,0.0227,0.85,0.15,0.5316,0.000622,0,0.0
2026-01-04,1,4,6,1,1,0,0,0,credit_card,mobile_app,south,retail,android,0,0,0,3800,80.32,1578,32,23,10,3,12,0.0201,0.8538,0.1462,0.5155,0.000859,0,0.0
2026-01-04,1,4,6,1,1,0,0,0,credit_card,mobile_app,west,premium,ios,0,0,0,2301,47.48,945,23,16,11,0,10,0.0205,0.8565,0.1435,0.338,0.000643,2,112.55
2026-01-04,1,4,6,1,1,0,0,0,credit_card,mobile_app,west,retail,ios,0,0,0,4413,57.17,1655,30,22,10,3,33,0.0243,0.8531,0.1469,0.3276,0.000915,7,603.56
2026-01-04,1,4,6,1,1,0,0,0,credit_card,web,east,premium,android,0,0,0,2114,60.67,860,9,16,8,0,14,0.0221,0.8508,0.1492,0.3741,0.000468,2,93.02
2026-01-04,1,4,6,1,1,0,0,0,credit_card,web,east,retail,desktop,0,0,0,1865,63.86,1068,28,16,9,2,10,0.008,0.8367,0.1633,0.2494,0.000682,2,114.39
2026-01-04,1,4,6,1,1,0,0,0,credit_card,web,north,premium,ios,0,0,0,1695,98.12,632,13,15,6,3,6,0.0161,0.848,0.152,0.2379,0.000469,1,232.62
2026-01-04,1,4,6,1,1,0,0,0,credit_card,web,north,retail,android,0,0,0,3087,79.98,1204,34,15,9,7,12,0.0168,0.8445,0.1555,0.4068,0.000688,3,208.75
2026-01-04,1,4,6,1,1,0,0,0,credit_card,web,south,premium,desktop,0,0,0,1265,59.72,440,9,19,9,1,7,0.0138,0.8452,0.1548,0.2898,0.000531,1,95.6
2026-01-04,1,4,6,1,1,0,0,0,credit_card,web,south,retail,desktop,0,0,0,1608,64.79,559,17,15,14,0,9,0.0254,0.8518,0.1482,0.2826,0.00069,1,109.79
2026-01-04,1,4,6,1,1,0,0,0,credit_card,web,west,premium,android,0,0,0,1864,34.02,599,18,23,8,2,6,0.0153,0.8451,0.1549,0.4356,0.000526,0,0.0
2026-01-04,1,4,6,1,1,0,0,0,credit_card,web,west,retail,desktop,0,0,0,1830,76.69,557,28,14,6,3,12,0.0252,0.8632,0.1368,0.2468,0.000762,1,162.34
2026-01-04,1,4,6,1,1,0,0,0,debit_card,branch,east,premium,desktop,0,0,0,412,53.47,222,16,10,7,1,2,0.0174,0.8543,0.1457,0.2565,0.000252,0,6.34
2026-01-04,1,4,6,1,1,0,0,0,debit_card,branch,east,retail,desktop,0,0,0,744,107.11,362,23,15,6,0,2,0.0178,0.8514,0.1486,0.2849,0.000364,0,5.23
2026-01-04,1,4,6,1,1,0,0,0,debit_card,branch,north,premium,desktop,0,0,0,504,64.94,304,13,14,0,0,6,0.02,0.853,0.147,0.2621,0.000252,0,0.0
2026-01-04,1,4,6,1,1,0,0,0,debit_card,branch,north,retail,desktop,0,0,0,715,64.79,211,17,15,1,0,3,0.019,0.8618,0.1382,0.3103,0.000364,0,71.89
2026-01-04,1,4,6,1,1,0,0,0,debit_card,branch,south,premium,desktop,0,0,0,474,64.87,257,7,6,6,0,2,0.0121,0.8419,0.1581,0.1941,0.000279,0,0.0
2026-01-04,1,4,6,1,1,0,0,0,debit_card,branch,south,retail,desktop,0,0,0,592,51.7,303,19,14,4,1,8,0.0259,0.8443,0.1557,0.2355,0.000436,0,29.95
2026-01-04,1,4,6,1,1,0,0,0,debit_card,branch,west,premium,desktop,0,0,0,498,62.07,186,12,11,3,3,3,0.0194,0.8475,0.1525,0.2743,0.000305,0,0.0
2026-01-04,1,4,6,1,1,0,0,0,debit_card,branch,west,retail,desktop,0,0,0,764,82.11,284,15,12,4,0,6,0.0224,0.858,0.142,0.1718,0.000424,1,86.57
2026-01-04,1,4,6,1,1,0,0,0,debit_card,mobile_app,east,premium,android,0,0,0,2067,85.03,669,16,28,10,1,12,0.0243,0.8517,0.1483,0.496,0.00043,0,55.46
2026-01-04,1,4,6,1,1,0,0,0,debit_card,mobile_app,east,retail,android,0,0,0,3014,72.95,939,27,24,16,2,9,0.0158,0.8588,0.1412,0.5436,0.00062,1,36.6
2026-01-04,1,4,6,1,1,0,0,0,debit_card,mobile_app,north,premium,android,0,0,0,1987,67.11,603,11,32,15,3,10,0.0222,0.8488,0.1512,0.5335,0.000445,2,211.55
2026-01-04,1,4,6,1,1,0,0,0,debit_card,mobile_app,north,retail,android,0,0,0,3355,65.82,1364,27,19,8,2,19,0.0163,0.8581,0.1419,0.5583,0.000601,4,252.46
2026-01-04,1,4,6,1,1,0,0,0,debit_card,mobile_app,south,premium,ios,0,0,0,1715,70.81,544,11,34,9,1,11,0.0241,0.8277,0.1723,0.3253,0.00051,1,107.57
2026-01-04,1,4,6,1,1,0,0,0,debit_card,mobile_app,south,retail,android,0,0,0,3089,52.31,1567,29,15,16,4,13,0.016,0.8642,0.1358,0.4941,0.000654,2,142.39
2026-01-04,1,4,6,1,1,0,0,0,debit_card,mobile_app,west,premium,android,0,0,0,1936,33.25,617,19,26,10,1,20,0.0271,0.8611,0.1389,0.5174,0.000485,2,70.18
2026-01-04,1,4,6,1,1,0,0,0,debit_card,mobile_app,west,retail,ios,0,0,0,2844,53.83,1056,26,23,5,1,17,0.0244,0.8457,0.1543,0.3549,0.000672,2,143.92
2026-01-04,1,4,6,1,1,0,0,0,debit_card,web,east,premium,desktop,0,0,0,1150,96.04,378,12,14,5,1,3,0.0232,0.8589,0.1411,0.2268,0.000372,0,3.85
2026-01-04,1,4,6,1,1,0,0,0,debit_card,web,east,retail,desktop,0,0,0,1419,109.85,744,17,14,9,1,8,0.0258,0.8441,0.1559,0.2436,0.000513,1,126.33
2026-01-04,1,4,6,1,1,0,0,0,debit_card,web,north,premium,desktop,0,0,0,1146,65.92,467,11,14,4,2,8,0.0193,0.8592,0.1408,0.2752,0.000369,0,14.24
2026-01-04,1,4,6,1,1,0,0,0,debit_card,web,north,retail,android,0,0,0,2242,70.69,708,24,14,7,2,5,0.0192,0.8536,0.1464,0.4472,0.000524,1,38.89
2026-01-04,1,4,6,1,1,0,0,0,debit_card,web,south,premium,desktop,0,0,0,1040,46.01,303,8,24,2,2,15,0.0143,0.8544,0.1456,0.24,0.000412,1,92.13
2026-01-04,1,4,6,1,1,0,0,0,debit_card,web,south,retail,desktop,0,0,0,1708,56.42,639,21,11,10,2,4,0.0126,0.8587,0.1413,0.233,0.00059,0,70.54
2026-01-04,1,4,6,1,1,0,0,0,debit_card,web,west,premium,android,0,0,0,1613,66.18,772,23,13,8,2,5,0.0216,0.8469,0.1531,0.4389,0.000416,1,39.61
2026-01-04,1,4,6,1,1,0,0,0,debit_card,web,west,retail,desktop,0,0,0,1821,56.69,851,18,14,3,0,4,0.023,0.8409,0.1591,0.2793,0.000613,0,0.0
2026-01-04,1,4,6,1,1,0,0,0,digital_wallet,branch,east,premium,desktop,0,0,0,358,42.84,145,15,10,5,2,4,0.0134,0.8585,0.1415,0.2189,0.000379,0,64.34
2026-01-04,1,4,6,1,1,0,0,0,digital_wallet,branch,east,retail,desktop,0,0,0,620,55.69,237,19,20,2,3,8,0.02,0.8404,0.1596,0.2111,0.000519,0,26.21
2026-01-04,1,4,6,1,1,0,0,0,digital_wallet,branch,north,premium,desktop,0,0,0,377,33.48,216,10,11,9,1,8,0.0206,0.8473,0.1527,0.2761,0.00042,1,0.0
2026-01-04,1,4,6,1,1,0,0,0,digital_wallet,branch,north,retail,desktop,0,0,0,473,80.05,207,17,9,10,3,4,0.0198,0.8417,0.1583,0.2729,0.000553,0,18.46
2026-01-04,1,4,6,1,1,0,0,0,digital_wallet,branch,south,premium,desktop,0,0,0,310,29.25,200,12,7,6,4,3,0.0166,0.8608,0.1392,0.234,0.000438,0,89.9
2026-01-04,1,4,6,1,1,0,0,0,digital_wallet,branch,south,retail,desktop,0,0,0,444,52.28,275,19,13,1,3,5,0.0215,0.8469,0.1531,0.2393,0.000598,0,0.0
2026-01-04,1,4,6,1,1,0,0,0,digital_wallet,branch,west,premium,desktop,0,0,0,463,59.66,140,4,13,8,3,4,0.0226,0.8755,0.1245,0.2621,0.000424,0,0.0
2026-01-04,1,4,6,1,1,0,0,0,digital_wallet,branch,west,retail,desktop,0,0,0,582,54.94,298,14,12,3,2,4,0.0151,0.8703,0.1297,0.2497,0.000628,0,37.5
2026-01-04,1,4,6,1,1,0,0,0,digital_wallet,mobile_app,east,premium,android,0,0,0,1541,70.91,544,14,28,10,1,10,0.0197,0.8418,0.1582,0.5772,0.000621,0,0.0
2026-01-04,1,4,6,1,1,0,0,0,digital_wallet,mobile_app,east,retail,android,0,0,0,2488,77.08,1146,16,21,8,3,36,0.0277,0.8378,0.1622,0.4956,0.000818,7,715.44
2026-01-04,1,4,6,1,1,0,0,0,digital_wallet,mobile_app,north,premium,android,0,0,0,1783,39.84,544,15,22,8,3,14,0.0235,0.8472,0.1528,0.5317,0.000674,1,0.0
2026-01-04,1,4,6,1,1,0,0,0,digital_wallet,mobile_app,north,retail,android,0,0,0,2636,37.43,1340,23,22,8,4,12,0.0215,0.8488,0.1512,0.5587,0.000911,2,138.35
2026-01-04,1,4,6,1,1,0,0,0,digital_wallet,mobile_app,south,premium,ios,0,0,0,1457,97.83,858,14,22,15,6,11,0.023,0.8562,0.1438,0.3417,0.000747,2,202.37
2026-01-04,1,4,6,1,1,0,0,0,digital_wallet,mobile_app,south,retail,ios,0,0,0,2098,61.31,674,20,26,10,6,23,0.0145,0.8485,0.1515,0.303,0.000994,2,105.19
2026-01-04,1,4,6,1,1,0,0,0,digital_wallet,mobile_app,west,premium,android,0,0,0,1823,73.53,804,12,20,7,0,6,0.0197,0.8632,0.1368,0.5777,0.000751,0,47.3
2026-01-04,1,4,6,1,1,0,0,0,digital_wallet,mobile_app,west,retail,android,0,0,0,2892,111.66,1376,23,26,7,5,28,0.0221,0.8626,0.1374,0.5252,0.001039,3,355.23
2026-01-04,1,4,6,1,1,0,0,0,digital_wallet,web,east,premium,ios,0,0,0,1328,62.33,505,11,8,10,3,3,0.0237,0.8414,0.1586,0.2458,0.000551,0,16.42
2026-01-04,1,4,6,1,1,0,0,0,digital_wallet,web,east,retail,ios,0,0,0,2115,37.4,790,18,16,7,4,16,0.0219,0.8417,0.1583,0.2623,0.000734,2,48.66
2026-01-04,1,4,6,1,1,0,0,0,digital_wallet,web,north,premium,desktop,0,0,0,1058,29.84,520,7,25,5,3,14,0.0099,0.8352,0.1648,0.2966,0.000541,0,41.54
2026-01-04,1,4,6,1,1,0,0,0,digital_wallet,web,north,retail,desktop,0,0,0,1473,52.14,710,19,15,4,1,11,0.0147,0.8513,0.1487,0.2149,0.000781,3,193.62
2026-01-04,1,4,6,1,1,0,0,0,digital_wallet,web,south,premium,desktop,0,0,0,1047,38.33,574,11,15,5,3,3,0.0132,0.8363,0.1637,0.2138,0.000598,0,0.0
2026-01-04,1,4,6,1,1,0,0,0,digital_wallet,web,south,retail,desktop,0,0,0,1254,61.87,764,18,10,6,3,13,0.0179,0.853,0.147,0.2444,0.000858,2,105.34
2026-01-04,1,4,6,1,1,0,0,0,digital_wallet,web,west,premium,ios,0,0,0,1331,36.81,686,12,16,7,1,13,0.0177,0.8583,0.1417,0.2702,0.000591,2,65.39
2026-01-04,1,4,6,1,1,0,0,0,digital_wallet,web,west,retail,desktop,0,0,0,1322,59.05,421,13,17,10,4,5,0.0246,0.8194,0.1806,0.2367,0.000858,1,130.24
2026-01-05,1,5,0,2,0,0,0,0,credit_card,branch,east,premium,desktop,0,0,0,639,50.4,282,12,11,5,2,8,0.0193,0.88,0.12,0.2741,0.000316,1,142.57
2026-01-05,1,5,0,2,0,0,0,0,credit_card,branch,east,retail,desktop,0,0,0,908,46.33,314,26,14,2,1,6,0.0201,0.8416,0.1584,0.2638,0.000457,1,47.24
2026-01-05,1,5,0,2,0,0,0,0,credit_card,branch,north,premium,desktop,0,0,0,602,73.53,367,11,7,4,2,7,0.0212,0.8409,0.1591,0.2549,0.000349,1,83.58
2026-01-05,1,5,0,2,0,0,0,0,credit_card,branch,north,retail,desktop,0,0,0,996,53.96,306,23,10,7,0,7,0.0228,0.8524,0.1476,0.2204,0.000486,1,0.0
2026-01-05,1,5,0,2,0,0,0,0,credit_card,branch,south,premium,desktop,0,0,0,582,175.28,333,14,10,6,0,2,0.0217,0.8455,0.1545,0.235,0.000369,0,37.85
2026-01-05,1,5,0,2,0,0,0,0,credit_card,branch,south,retail,desktop,0,0,0,778,157.03,251,25,12,5,0,5,0.0233,0.862,0.138,0.2367,0.000503,1,200.52
2026-01-05,1,5,0,2,0,0,0,0,credit_card,branch,west,premium,desktop,0,0,0,627,43.61,274,19,11,8,1,5,0.0144,0.8582,0.1418,0.229,0.000381,0,0.0
2026-01-05,1,5,0,2,0,0,0,0,credit_card,branch,west,retail,desktop,0,0,0,922,68.75,358,25,10,6,1,8,0.0185,0.8487,0.1513,0.2258,0.000537,1,112.39
2026-01-05,1,5,0,2,0,0,0,0,credit_card,mobile_app,east,premium,ios,0,0,0,2702,162.98,812,17,23,8,2,4,0.0129,0.8591,0.1409,0.3638,0.000539,0,0.0
2026-01-05,1,5,0,2,0,0,0,0,credit_card,mobile_app,east,retail,android,0,0,0,3298,62.3,1271,34,23,7,5,12,0.0213,0.8396,0.1604,0.521,0.000782,2,192.33
2026-01-05,1,5,0,2,0,0,0,0,credit_card,mobile_app,north,premium,android,0,0,0,2685,88.72,1704,20,17,12,2,4,0.0197,0.8759,0.1241,0.5167,0.000566,1,116.79
2026-01-05,1,5,0,2,0,0,0,0,credit_card,mobile_app,north,retail,ios,0,0,0,3615,57.67,2187,38,22,5,4,18,0.0225,0.8575,0.1425,0.3777,0.000784,3,154.67
2026-01-05,1,5,0,2,0,0,0,0,credit_card,mobile_app,south,premium,android,0,0,0,2960,84.38,1198,25,20,13,1,12,0.0265,0.8674,0.1326,0.5513,0.000625,2,224.84
2026-01-05,1,5,0,2,0,0,0,0,credit_card,mobile_app,south,retail,android,0,0,0,3290,93.94,1365,34,17,10,3,15,0.0208,0.872,0.128,0.5861,0.000867,3,340.64
2026-01-05,1,5,0,2,0,0,0,0,credit_card,mobile_app,west,premium,ios,0,0,0,2865,45.59,920,15,18,9,2,9,0.021,0.8485,0.1515,0.3687,0.000629,2,169.2
2026-01-05,1,5,0,2,0,0,0,0,credit_card,mobile_app,west,retail,ios,0,0,0,4550,93.09,1870,26,19,10,1,19,0.0236,0.8436,0.1564,0.3259,0.000885,4,387.64
2026-01-05,1,5,0,2,0,0,0,0,credit_card,web,east,premium,desktop,0,0,0,1298,44.1,452,14,6,4,1,3,0.019,0.8652,0.1348,0.2423,0.000442,0,0.0
2026-01-05,1,5,0,2,0,0,0,0,credit_card,web,east,retail,desktop,0,0,0,2579,107.94,1218,25,13,5,3,15,0.0207,0.8595,0.1405,0.2736,0.000647,2,243.01
2026-01-05,1,5,0,2,0,0,0,0,credit_card,web,north,premium,desktop,0,0,0,1348,85.29,412,15,18,6,0,9,0.0222,0.8577,0.1423,0.2424,0.000497,1,97.41
2026-01-05,1,5,0,2,0,0,0,0,credit_card,web,north,retail,android,0,0,0,2946,77.12,921,27,11,5,3,13,0.0236,0.8623,0.1377,0.3806,0.000654,2,300.99
2026-01-05,1,5,0,2,0,0,0,0,credit_card,web,south,premium,desktop,0,0,0,1222,51.21,601,20,13,3,1,7,0.021,0.8708,0.1292,0.2608,0.000522,1,62.36
2026-01-05,1,5,0,2,0,0,0,0,credit_card,web,south,retail,desktop,0,0,0,2164,111.14,860,27,16,4,3,10,0.0209,0.8668,0.1332,0.2354,0.000753,0,44.7
2026-01-05,1,5,0,2,0,0,0,0,credit_card,web,west,premium,android,0,0,0,2213,63.44,1070,10,12,2,6,6,0.0171,0.8652,0.1348,0.4396,0.000535,1,150.25
2026-01-05,1,5,0,2,0,0,0,0,credit_card,web,west,retail,desktop,0,0,0,2598,66.1,1372,23,13,4,0,21,0.0245,0.8582,0.1418,0.2553,0.000775,6,372.08
2026-01-05,1,5,0,2,0,0,0,0,debit_card,branch,east,premium,desktop,0,0,0,476,89.71,297,11,16,7,0,4,0.0205,0.8676,0.1324,0.2064,0.000261,0,5.81
2026-01-05,1,5,0,2,0,0,0,0,debit_card,branch,east,retail,desktop,0,0,0,693,116.28,354,20,6,5,0,2,0.0166,0.8542,0.1458,0.2966,0.000345,0,0.0
2026-01-05,1,5,0,2,0,0,0,0,debit_card,branch,north,premium,desktop,0,0,0,569,55.57,182,3,6,4,1,3,0.0215,0.8775,0.1225,0.267,0.000265,0,2.55
2026-01-05,1,5,0,2,0,0,0,0,debit_card,branch,north,retail,desktop,0,0,0,815,86.88,371,21,12,2,1,7,0.0153,0.8553,0.1447,0.2967,0.00037,0,0.0
2026-01-05,1,5,0,2,0,0,0,0,debit_card,branch,south,premium,desktop,0,0,0,512,81.13,186,5,9,5,1,5,0.0225,0.8586,0.1414,0.2446,0.0003,0,42.05
2026-01-05,1,5,0,2,0,0,0,0,debit_card,branch,south,retail,desktop,0,0,0,795,92.5,292,22,7,4,2,3,0.0143,0.87,0.13,0.2512,0.000398,0,0.0
2026-01-05,1,5,0,2,0,0,0,0,debit_card,branch,west,premium,desktop,0,0,0,455,65.24,263,14,12,4,1,6,0.0219,0.8524,0.1476,0.2003,0.000305,0,1.86
2026-01-05,1,5,0,2,0,0,0,0,debit_card,branch,west,retail,desktop,0,0,0,822,174.24,450,23,9,4,0,6,0.0184,0.8563,0.1437,0.2481,0.000403,0,0.0
2026-01-05,1,5,0,2,0,0,0,0,debit_card,mobile_app,east,premium,ios,0,0,0,1970,52.26,686,22,25,10,1,10,0.0233,0.8545,0.1455,0.3648,0.00042,0,25.36
2026-01-05,1,5,0,2,0,0,0,0,debit_card,mobile_app,east,retail,ios,0,0,0,3235,86.84,1421,22,18,13,1,9,0.0211,0.863,0.137,0.3465,0.0006,0,0.0
2026-01-05,1,5,0,2,0,0,0,0,debit_card,mobile_app,north,premium,android,0,0,0,2706,42.87,1091,11,27,6,3,25,0.0232,0.8443,0.1557,0.4981,0.000454,2,81.7
2026-01-05,1,5,0,2,0,0,0,0,debit_card,mobile_app,north,retail,ios,0,0,0,3106,45.74,1292,27,28,13,1,16,0.0216,0.8525,0.1475,0.3089,0.000611,2,78.59
2026-01-05,1,5,0,2,0,0,0,0,debit_card,mobile_app,south,premium,android,0,0,0,2100,31.9,672,19,21,14,3,16,0.0191,0.8576,0.1424,0.5146,0.000495,1,65.89
2026-01-05,1,5,0,2,0,0,0,0,debit_card,mobile_app,south,retail,ios,0,0,0,2706,95.43,1538,24,25,10,4,14,0.0205,0.8662,0.1338,0.3858,0.000689,0,35.98
2026-01-05,1,5,0,2,0,0,0,0,debit_card,mobile_app,west,premium,ios,0,0,0,2388,72.28,1330,10,30,5,1,14,0.0177,0.8701,0.1299,0.3285,0.000498,1,97.55
2026-01-05,1,5,0,2,0,0,0,0,debit_card,mobile_app,west,retail,ios,0,0,0,3103,61.83,1492,27,25,8,1,25,0.0164,0.8584,0.1416,0.3379,0.000668,4,279.71
2026-01-05,1,5,0,2,0,0,0,0,debit_card,web,east,premium,desktop,0,0,0,1511,63.59,470,9,14,7,2,8,0.0214,0.8467,0.1533,0.2666,0.000382,1,58.21
2026-01-05,1,5,0,2,0,0,0,0,debit_card,web,east,retail,desktop,0,0,0,1910,85.44,873,30,10,11,2,4,0.0155,0.839,0.161,0.1564,0.000531,1,70.85
2026-01-05,1,5,0,2,0,0,0,0,debit_card,web,north,premium,ios,0,0,0,1893,74.49,700,16,15,7,0,14,0.0141,0.8763,0.1237,0.279,0.000386,2,110.43
2026-01-05,1,5,0,2,0,0,0,0,debit_card,web,north,retail,ios,0,0,0,2243,111.04,683,16,11,6,2,6,0.0251,0.8658,0.1342,0.2297,0.000549,1,129.66
2026-01-05,1,5,0,2,0,0,0,0,debit_card,web,south,premium,desktop,0,0,0,1405,65.64,433,12,16,7,3,6,0.0152,0.854,0.146,0.2875,0.000439,0,0.0
2026-01-05,1,5,0,2,0,0,0,0,debit_card,web,south,retail,desktop,0,0,0,1649,87.26,497,21,12,8,0,2,0.019,0.8683,0.1317,0.2919,0.000579,0,0.0
2026-01-05,1,5,0,2,0,0,0,0,debit_card,web,west,premium,android,0,0,0,1971,63.71,842,9,14,12,2,8,0.0171,0.8487,0.1513,0.3855,0.00044,0,0.0
2026-01-05,1,5,0,2,0,0,0,0,debit_card,web,west,retail,desktop,0,0,0,1995,68.17,658,29,14,12,1,8,0.0179,0.8544,0.1456,0.2358,0.000606,2,99.25
2026-01-05,1,5,0,2,0,0,0,0,digital_wallet,branch,east,premium,desktop,0,0,0,459,54.47,288,8,8,7,1,3,0.0223,0.8566,0.1434,0.1961,0.000384,0,3.56
2026-01-05,1,5,0,2,0,0,0,0,digital_wallet,branch,east,retail,desktop,0,0,0,523,67.84,226,20,12,4,3,6,0.0216,0.8616,0.1384,0.2768,0.000516,0,4.1
2026-01-05,1,5,0,2,0,0,0,0,digital_wallet,branch,north,premium,desktop,0,0,0,404,41.06,225,8,9,6,1,2,0.0263,0.8679,0.1321,0.2543,0.000386,0,26.1
2026-01-05,1,5,0,2,0,0,0,0,digital_wallet,branch,north,retail,desktop,0,0,0,714,62.45,416,17,11,3,2,5,0.0227,0.86,0.14,0.2566,0.000574,1,121.36
2026-01-05,1,5,0,2,0,0,0,0,digital_wallet,branch,south,premium,desktop,0,0,0,368,51.34,181,5,14,4,1,5,0.0143,0.8734,0.1266,0.2417,0.000419,0,0.0
2026-01-05,1,5,0,2,0,0,0,0,digital_wallet,branch,south,retail,desktop,0,0,0,618,35.15,289,13,11,5,1,7,0.0202,0.8727,0.1273,0.29,0.000608,0,0.0
2026-01-05,1,5,0,2,0,0,0,0,digital_wallet,branch,west,premium,desktop,0,0,0,456,56.47,213,12,5,5,1,1,0.0194,0.8487,0.1513,0.2737,0.000431,0,10.69
2026-01-05,1,5,0,2,0,0,0,0,digital_wallet,branch,west,retail,desktop,0,0,0,618,58.82,309,12,13,4,4,11,0.02,0.8535,0.1465,0.2676,0.000645,1,47.2
2026-01-05,1,5,0,2,0,0,0,0,digital_wallet,mobile_app,east,premium,ios,0,0,0,1878,55.17,683,16,14,9,5,5,0.0216,0.8336,0.1664,0.3127,0.00062,0,0.0
2026-01-05,1,5,0,2,0,0,0,0,digital_wallet,mobile_app,east,retail,android,0,0,0,2858,61.69,1311,22,22,13,4,16,0.0177,0.8588,0.1412,0.5733,0.000892,1,81.33
2026-01-05,1,5,0,2,0,0,0,0,digital_wallet,mobile_app,north,premium,android,0,0,0,2056,43.8,711,8,27,14,2,9,0.0196,0.8655,0.1345,0.5131,0.000648,2,47.31
2026-01-05,1,5,0,2,0,0,0,0,digital_wallet,mobile_app,north,retail,android,0,0,0,2760,108.06,961,24,16,9,2,8,0.0205,0.848,0.152,0.5172,0.000884,0,0.0
2026-01-05,1,5,0,2,0,0,0,0,digital_wallet,mobile_app,south,premium,android,0,0,0,2059,53.87,605,9,14,12,0,9,0.0188,0.8462,0.1538,0.5319,0.000641,1,37.11
2026-01-05,1,5,0,2,0,0,0,0,digital_wallet,mobile_app,south,retail,android,0,0,0,2689,40.33,1392,30,21,12,6,5,0.0188,0.8495,0.1505,0.484,0.000946,0,34.11
2026-01-05,1,5,0,2,0,0,0,0,digital_wallet,mobile_app,west,premium,android,0,0,0,1769,66.52,1056,6,17,14,1,8,0.018,0.8478,0.1522,0.4709,0.000711,0,37.81
2026-01-05,1,5,0,2,0,0,0,0,digital_wallet,mobile_app,west,retail,android,0,0,0,2738,84.07,997,23,19,13,1,18,0.0236,0.8604,0.1396,0.5236,0.001018,3,227.98
2026-01-05,1,5,0,2,0,0,0,0,digital_wallet,web,east,premium,android,0,0,0,1658,100.54,550,6,10,6,4,8,0.0134,0.8775,0.1225,0.4538,0.000564,2,164.59
2026-01-05,1,5,0,2,0,0,0,0,digital_wallet,web,east,retail,desktop,0,0,0,1695,58.28,617,20,16,7,6,10,0.0249,0.8656,0.1344,0.2599,0.000753,0,52.07
2026-01-05,1,5,0,2,0,0,0,0,digital_wallet,web,north,premium,desktop,0,0,0,978,64.14,412,5,13,10,1,10,0.0198,0.8725,0.1275,0.2652,0.000535,1,21.27
2026-01-05,1,5,0,2,0,0,0,0,digital_wallet,web,north,retail,android,0,0,0,2482,35.99,1389,17,7,8,3,5,0.0219,0.8551,0.1449,0.4021,0.000788,1,31.04
2026-01-05,1,5,0,2,0,0,0,0,digital_wallet,web,south,premium,desktop,0,0,0,942,55.53,529,12,7,4,1,1,0.0232,0.854,0.146,0.2719,0.000584,0,0.0
2026-01-05,1,5,0,2,0,0,0,0,digital_wallet,web,south,retail,desktop,0,0,0,1538,27.05,975,15,19,7,0,12,0.015,0.8395,0.1605,0.217,0.000871,2,74.24
2026-01-05,1,5,0,2,0,0,0,0,digital_wallet,web,west,premium,desktop,0,0,0,1137,51.89,609,7,16,17,2,15,0.0159,0.8527,0.1473,0.2382,0.000638,2,92.07
2026-01-05,1,5,0,2,0,0,0,0,digital_wallet,web,west,retail,desktop,0,0,0,1398,257.99,649,15,10,3,3,8,0.0161,0.8643,0.1357,0.2532,0.000839,2,632.3
2026-01-06,1,6,1,2,0,0,0,0,credit_card,branch,east,premium,desktop,0,0,0,587,70.71,172,17,14,4,2,4,0.0203,0.8787,0.1213,0.3087,0.000343,0,0.0
2026-01-06,1,6,1,2,0,0,0,0,credit_card,branch,east,retail,desktop,0,0,0,926,74.23,331,28,7,3,1,5,0.0252,0.8442,0.1558,0.2721,0.000432,1,133.55
2026-01-06,1,6,1,2,0,0,0,0,credit_card,branch,north,premium,desktop,0,0,0,626,47.3,333,12,8,5,0,7,0.019,0.8641,0.1359,0.2974,0.000323,1,73.69
2026-01-06,1,6,1,2,0,0,0,0,credit_card,branch,north,retail,desktop,0,0,0,985,41.9,555,22,9,3,2,2,0.0199,0.8641,0.1359,0.276,0.000501,0,15.01
2026-01-06,1,6,1,2,0,0,0,0,credit_card,branch,south,premium,desktop,0,0,0,609,53.33,302,7,9,7,1,2,0.0223,0.8657,0.1343,0.2431,0.000373,0,4.4
2026-01-06,1,6,1,2,0,0,0,0,credit_card,branch,south,retail,desktop,0,0,0,885,65.44,436,28,13,7,3,3,0.0197,0.8762,0.1238,0.2291,0.000533,0,0.0
2026-01-06,1,6,1,2,0,0,0,0,credit_card,branch,west,premium,desktop,0,0,0,687,77.27,232,16,13,4,2,8,0.0173,0.8601,0.1399,0.2255,0.000391,0,0.0
2026-01-06,1,6,1,2,0,0,0,0,credit_card,branch,west,retail,desktop,0,0,0,1034,41.61,318,24,11,1,2,8,0.0186,0.8599,0.1401,0.2344,0.000518,1,91.42
2026-01-06,1,6,1,2,0,0,0,0,credit_card,mobile_app,east,premium,ios,0,0,0,2317,101.08,915,16,23,7,1,16,0.0209,0.8521,0.1479,0.3473,0.000523,2,284.1
2026-01-06,1,6,1,2,0,0,0,0,credit_card,mobile_app,east,retail,android,0,0,0,4205,53.5,1455,28,22,17,2,8,0.0192,0.8399,0.1601,0.5477,0.000771,2,126.44
2026-01-06,1,6,1,2,0,0,0,0,credit_card,mobile_app,north,premium,android,0,0,0,3080,84.68,1267,16,21,14,1,11,0.0193,0.865,0.135,0.5597,0.000535,1,121.89
2026-01-06,1,6,1,2,0,0,0,0,credit_card,mobile_app,north,retail,android,0,0,0,3980,93.98,1187,29,16,8,4,10,0.0199,0.8674,0.1326,0.562,0.000732,1,29.54
2026-01-06,1,6,1,2,0,0,0,0,credit_card,mobile_app,south,premium,ios,0,0,0,2354,64.61,1270,21,25,13,2,8,0.0255,0.8808,0.1192,0.3884,0.000606,2,163.43
2026-01-06,1,6,1,2,0,0,0,0,credit_card,mobile_app,south,retail,ios,0,0,0,3030,174.84,1095,41,20,10,4,16,0.0164,0.8762,0.1238,0.3389,0.000849,1,248.74
2026-01-06,1,6,1,2,0,0,0,0,credit_card,mobile_app,west,premium,ios,0,0,0,3235,110.04,1365,14,24,11,4,10,0.0184,0.8699,0.1301,0.3828,0.000661,2,309.63
2026-01-06,1,6,1,2,0,0,0,0,credit_card,mobile_app,west,retail,android,0,0,0,3663,48.5,1222,25,17,7,0,27,0.0203,0.8449,0.1551,0.53,0.000917,7,579.7
2026-01-06,1,6,1,2,0,0,0,0,credit_card,web,east,premium,desktop,0,0,0,1438,54.8,517,17,9,6,2,2,0.0173,0.8624,0.1376,0.2331,0.000479,0,0.0
2026-01-06,1,6,1,2,0,0,0,0,credit_card,web,east,retail,desktop,0,0,0,2159,74.34,808,19,16,4,1,13,0.0204,0.859,0.141,0.2493,0.00062,1,151.66
2026-01-06,1,6,1,2,0,0,0,0,credit_card,web,north,premium,android,0,0,0,2598,57.06,1213,12,20,7,1,14,0.0288,0.8557,0.1443,0.4782,0.000488,1,87.77
2026-01-06,1,6,1,2,0,0,0,0,credit_card,web,north,retail,android,0,0,0,3269,73.77,1196,19,12,8,4,12,0.0164,0.8701,0.1299,0.433,0.000721,2,207.6
2026-01-06,1,6,1,2,0,0,0,0,credit_card,web,south,premium,ios,0,0,0,2260,46.29,895,10,19,5,2,16,0.0236,0.8695,0.1305,0.2717,0.000507,2,125.94
2026-01-06,1,6,1,2,0,0,0,0,credit_card,web,south,retail,desktop,0,0,0,2554,61.08,1151,19,17,7,3,21,0.0144,0.868,0.132,0.2074,0.000763,5,408.22
2026-01-06,1,6,1,2,0,0,0,0,credit_card,web,west,premium,ios,0,0,0,2470,66.35,968,15,14,4,3,11,0.0202,0.8709,0.1291,0.2674,0.000534,3,279.49
2026-01-06,1,6,1,2,0,0,0,0,credit_card,web,west,retail,ios,0,0,0,3953,128.5,1869,22,19,6,2,19,0.0227,0.8553,0.1447,0.2864,0.00075,3,450.21
2026-01-06,1,6,1,2,0,0,0,0,debit_card,branch,east,premium,desktop,0,0,0,542,53.62,166,9,6,4,1,3,0.0262,0.8584,0.1416,0.289,0.000252,0,0.0
2026-01-06,1,6,1,2,0,0,0,0,debit_card,branch,east,retail,desktop,0,0,0,752,90.4,398,24,12,5,2,6,0.0213,0.8584,0.1416,0.2607,0.00037,0,45.3
2026-01-06,1,6,1,2,0,0,0,0,debit_card,branch,north,premium,desktop,0,0,0,624,29.49,338,10,14,2,1,2,0.0113,0.8516,0.1484,0.2943,0.000267,0,3.33
2026-01-06,1,6,1,2,0,0,0,0,debit_card,branch,north,retail,desktop,0,0,0,862,81.63,323,24,8,3,2,7,0.0158,0.8607,0.1393,0.282,0.000394,1,32.32
2026-01-06,1,6,1,2,0,0,0,0,debit_card,branch,south,premium,desktop,0,0,0,529,84.59,191,11,15,4,0,5,0.0208,0.8643,0.1357,0.2577,0.000295,0,0.8
2026-01-06,1,6,1,2,0,0,0,0,debit_card,branch,south,retail,desktop,0,0,0,752,30.85,478,18,7,6,1,3,0.019,0.8468,0.1532,0.2303,0.000407,0,0.0
2026-01-06,1,6,1,2,0,0,0,0,debit_card,branch,west,premium,desktop,0,0,0,604,57.78,254,13,11,2,1,4,0.0279,0.8573,0.1427,0.2534,0.000292,0,0.0
2026-01-06,1,6,1,2,0,0,0,0,debit_card,branch,west,retail,desktop,0,0,0,791,26.37,413,16,12,7,1,5,0.0121,0.8576,0.1424,0.2328,0.000452,0,71.27
2026-01-06,1,6,1,2,0,0,0,0,debit_card,mobile_app,east,premium,ios,0,0,0,1663,35.89,583,20,16,8,2,10,0.0217,0.8439,0.1561,0.3469,0.000415,1,47.66
2026-01-06,1,6,1,2,0,0,0,0,debit_card,mobile_app,east,retail,android,0,0,0,3222,87.36,1154,32,14,7,1,4,0.0189,0.8591,0.1409,0.5236,0.000555,0,20.72
2026-01-06,1,6,1,2,0,0,0,0,debit_card,mobile_app,north,premium,ios,0,0,0,2354,49.99,797,10,17,13,3,8,0.0198,0.8524,0.1476,0.3184,0.000456,1,80.14
2026-01-06,1,6,1,2,0,0,0,0,debit_card,mobile_app,north,retail,ios,0,0,0,2980,42.97,1185,28,16,9,2,9,0.0222,0.8413,0.1587,0.3698,0.000616,1,76.1
2026-01-06,1,6,1,2,0,0,0,0,debit_card,mobile_app,south,premium,ios,0,0,0,2075,49.77,1046,14,28,9,2,17,0.0185,0.8717,0.1283,0.3449,0.000473,1,76.51
2026-01-06,1,6,1,2,0,0,0,0,debit_card,mobile_app,south,retail,android,0,0,0,2885,59.3,1672,26,32,16,2,20,0.0171,0.8742,0.1258,0.5874,0.000677,0,1.81
2026-01-06,1,6,1,2,0,0,0,0,debit_card,mobile_app,west,premium,ios,0,0,0,2479,44.13,1610,15,17,10,2,5,0.0145,0.8685,0.1315,0.3375,0.000529,1,14.87
2026-01-06,1,6,1,2,0,0,0,0,debit_card,mobile_app,west,retail,ios,0,0,0,3483,41.29,1022,28,16,8,2,27,0.0235,0.8544,0.1456,0.3766,0.000684,6,194.89
2026-01-06,1,6,1,2,0,0,0,0,debit_card,web,east,premium,android,0,0,0,2149,47.34,669,6,15,6,3,14,0.0259,0.8675,0.1325,0.4196,0.000373,2,107.38
2026-01-06,1,6,1,2,0,0,0,0,debit_card,web,east,retail,desktop,0,0,0,1970,73.73,986,19,12,9,0,8,0.0227,0.8566,0.1434,0.2771,0.000493,1,132.22
2026-01-06,1,6,1,2,0,0,0,0,debit_card,web,north,premium,desktop,0,0,0,1236,55.45,392,10,13,9,1,2,0.0224,0.8653,0.1347,0.3104,0.000362,0,0.0
2026-01-06,1,6,1,2,0,0,0,0,debit_card,web,north,retail,desktop,0,0,0,2080,32.99,713,24,18,3,1,15,0.0191,0.8637,0.1363,0.2239,0.000542,2,48.9
2026-01-06,1,6,1,2,0,0,0,0,debit_card,web,south,premium,desktop,0,0,0,1264,88.52,485,11,18,5,0,7,0.0232,0.8666,0.1334,0.283,0.000396,1,77.16
2026-01-06,1,6,1,2,0,0,0,0,debit_card,web,south,retail,ios,0,0,0,2611,51.37,1334,27,11,11,3,6,0.0185,0.8494,0.1506,0.2495,0.000561,1,33.54
2026-01-06,1,6,1,2,0,0,0,0,debit_card,web,west,premium,desktop,0,0,0,1235,62.61,774,12,18,6,1,11,0.0116,0.8477,0.1523,0.2391,0.000433,0,3.03
2026-01-06,1,6,1,2,0,0,0,0,debit_card,web,west,retail,ios,0,0,0,2707,64.85,913,14,16,6,2,15,0.0178,0.8616,0.1384,0.2439,0.000578,4,421.24
2026-01-06,1,6,1,2,0,0,0,0,digital_wallet,branch,east,premium,desktop,0,0,0,424,73.02,120,10,17,7,1,7,0.0245,0.8614,0.1386,0.2327,0.000378,0,29.17
2026-01-06,1,6,1,2,0,0,0,0,digital_wallet,branch,east,retail,desktop,0,0,0,623,47.21,356,25,12,6,1,5,0.0171,0.8647,0.1353,0.2333,0.000512,0,35.28
2026-01-06,1,6,1,2,0,0,0,0,digital_wallet,branch,north,premium,desktop,0,0,0,431,76.5,169,2,8,8,3,1,0.0183,0.8564,0.1436,0.2249,0.000357,0,85.27
2026-01-06,1,6,1,2,0,0,0,0,digital_wallet,branch,north,retail,desktop,0,0,0,491,19.52,127,23,13,5,3,8,0.0233,0.8537,0.1463,0.2283,0.000561,0,9.48
2026-01-06,1,6,1,2,0,0,0,0,digital_wallet,branch,south,premium,desktop,0,0,0,478,66.52,157,8,15,4,3,4,0.0228,0.8687,0.1313,0.2351,0.000422,0,46.58
2026-01-06,1,6,1,2,0,0,0,0,digital_wallet,branch,south,retail,desktop,0,0,0,648,72.82,220,19,17,2,1,6,0.0189,0.8457,0.1543,0.1794,0.000596,1,17.87
2026-01-06,1,6,1,2,0,0,0,0,digital_wallet,branch,west,premium,desktop,0,0,0,406,76.83,156,13,7,3,0,3,0.0163,0.8474,0.1526,0.258,0.000401,0,0.0
2026-01-06,1,6,1,2,0,0,0,0,digital_wallet,branch,west,retail,desktop,0,0,0,640,76.64,215,18,15,4,0,11,0.0272,0.859,0.141,0.2186,0.000647,1,32.83
2026-01-06,1,6,1,2,0,0,0,0,digital_wallet,mobile_app,east,premium,ios,0,0,0,1944,97.79,809,12,30,13,2,23,0.0175,0.8833,0.1167,0.2869,0.000637,3,387.98
2026-01-06,1,6,1,2,0,0,0,0,digital_wallet,mobile_app,east,retail,android,0,0,0,2577,74.95,824,28,19,5,3,22,0.0182,0.8724,0.1276,0.5414,0.000806,6,507.91
2026-01-06,1,6,1,2,0,0,0,0,digital_wallet,mobile_app,north,premium,ios,0,0,0,1806,46.61,955,12,32,12,3,20,0.0255,0.8582,0.1418,0.3341,0.000642,0,0.0
2026-01-06,1,6,1,2,0,0,0,0,digital_wallet,mobile_app,north,retail,ios,0,0,0,2783,46.21,1097,23,20,8,4,19,0.0236,0.8685,0.1315,0.349,0.000873,2,163.89
2026-01-06,1,6,1,2,0,0,0,0,digital_wallet,mobile_app,south,premium,android,0,0,0,1590,61.13,788,9,19,9,5,20,0.0147,0.8529,0.1471,0.5391,0.000668,3,204.0
2026-01-06,1,6,1,2,0,0,0,0,digital_wallet,mobile_app,south,retail,android,0,0,0,2417,31.36,777,26,22,9,2,26,0.0204,0.8583,0.1417,0.566,0.001022,3,144.71
2026-01-06,1,6,1,2,0,0,0,0,digital_wallet,mobile_app,west,premium,ios,0,0,0,2140,67.13,707,19,23,12,4,13,0.0262,0.8619,0.1381,0.2874,0.000768,1,124.11
2026-01-06,1,6,1,2,0,0,0,0,digital_wallet,mobile_app,west,retail,ios,0,0,0,2698,45.7,1327,20,22,16,8,25,0.0181,0.8571,0.1429,0.3671,0.000975,4,181.45
2026-01-06,1,6,1,2,0,0,0,0,digital_wallet,web,east,premium,desktop,0,0,0,1103,72.81,397,8,16,8,3,9,0.0212,0.8542,0.1458,0.2605,0.000533,0,0.0
2026-01-06,1,6,1,2,0,0,0,0,digital_wallet,web,east,retail,android,0,0,0,2409,58.01,1581,18,21,4,3,18,0.0231,0.8565,0.1435,0.3851,0.000736,5,494.98
2026-01-06,1,6,1,2,0,0,0,0,digital_wallet,web,north,premium,desktop,0,0,0,1141,88.51,342,9,6,6,2,2,0.0176,0.8506,0.1494,0.2969,0.00057,0,34.58
2026-01-06,1,6,1,2,0,0,0,0,digital_wallet,web,north,retail,desktop,0,0,0,1410,54.32,673,9,10,10,3,5,0.0225,0.8742,0.1258,0.292,0.000774,0,1.99
2026-01-06,1,6,1,2,0,0,0,0,digital_wallet,web,south,premium,desktop,0,0,0,1034,56.7,312,6,15,9,2,5,0.0252,0.8561,0.1439,0.2197,0.00064,0,0.0
2026-01-06,1,6,1,2,0,0,0,0,digital_wallet,web,south,retail,android,0,0,0,2164,68.48,696,17,16,7,2,9,0.0218,0.853,0.147,0.4494,0.000814,2,167.51
2026-01-06,1,6,1,2,0,0,0,0,digital_wallet,web,west,premium,desktop,0,0,0,1035,49.77,585,5,13,7,2,8,0.0186,0.8616,0.1384,0.1957,0.000605,0,13.56
2026-01-06,1,6,1,2,0,0,0,0,digital_wallet,web,west,retail,desktop,0,0,0,1674,28.88,993,15,9,5,5,5,0.0179,0.8746,0.1254,0.2677,0.000872,1,0.0
2026-01-07,1,7,2,2,0,0,0,0,credit_card,branch,east,premium,desktop,0,0,0,735,56.13,305,15,6,3,1,1,0.0203,0.8578,0.1422,0.2313,0.000338,0,34.01
2026-01-07,1,7,2,2,0,0,0,0,credit_card,branch,east,retail,desktop,0,0,0,870,59.15,498,27,10,7,2,8,0.0154,0.8695,0.1305,0.2858,0.000453,1,74.34
2026-01-07,1,7,2,2,0,0,0,0,credit_card,branch,north,premium,desktop,0,0,0,599,116.6,349,17,4,4,5,1,0.0242,0.8573,0.1427,0.2372,0.000339,0,0.0
2026-01-07,1,7,2,2,0,0,0,0,credit_card,branch,north,retail,desktop,0,0,0,906,97.03,434,31,8,7,2,2,0.012,0.8538,0.1462,0.2859,0.000482,0,0.0
2026-01-07,1,7,2,2,0,0,0,0,credit_card,branch,south,premium,desktop,0,0,0,596,40.03,352,17,11,5,3,3,0.017,0.8502,0.1498,0.2169,0.000387,0,51.31
2026-01-07,1,7,2,2,0,0,0,0,credit_card,branch,south,retail,desktop,0,0,0,1005,99.74,519,27,10,3,0,4,0.0212,0.8655,0.1345,0.309,0.000504,0,0.0
2026-01-07,1,7,2,2,0,0,0,0,credit_card,branch,west,premium,desktop,0,0,0,756,54.28,282,15,5,5,3,3,0.0176,0.8567,0.1433,0.2409,0.000389,0,14.36
2026-01-07,1,7,2,2,0,0,0,0,credit_card,branch,west,retail,desktop,0,0,0,985,64.46,622,22,7,4,1,10,0.0118,0.8656,0.1344,0.2768,0.000561,2,139.86
2026-01-07,1,7,2,2,0,0,0,0,credit_card,mobile_app,east,premium,android,0,0,0,2653,83.9,868,17,19,13,1,16,0.0206,0.8555,0.1445,0.4994,0.000549,3,311.56
2026-01-07,1,7,2,2,0,0,0,0,credit_card,mobile_app,east,retail,android,0,0,0,4008,51.44,1228,41,21,15,1,12,0.0271,0.8498,0.1502,0.5401,0.000774,3,283.31
2026-01-07,1,7,2,2,0,0,0,0,credit_card,mobile_app,north,premium,ios,0,0,0,2827,59.37,1658,19,20,9,2,6,0.0188,0.8439,0.1561,0.3278,0.00056,1,147.33
2026-01-07,1,7,2,2,0,0,0,0,credit_card,mobile_app,north,retail,ios,0,0,0,3570,61.24,2044,30,22,10,1,15,0.0253,0.8832,0.1168,0.3865,0.000792,1,118.7
2026-01-07,1,7,2,2,0,0,0,0,credit_card,mobile_app,south,premium,android,0,0,0,3047,43.53,1277,20,16,14,1,22,0.0182,0.8455,0.1545,0.5705,0.000627,4,291.14
2026-01-07,1,7,2,2,0,0,0,0,credit_card,mobile_app,south,retail,android,0,0,0,3377,105.97,1993,33,20,8,3,13,0.018,0.8544,0.1456,0.5244,0.000857,1,118.29
2026-01-07,1,7,2,2,0,0,0,0,credit_card,mobile_app,west,premium,android,0,0,0,2674,85.23,918,22,25,10,2,18,0.0216,0.8484,0.1516,0.5839,0.000648,4,449.66
2026-01-07,1,7,2,2,0,0,0,0,credit_card,mobile_app,west,retail,android,0,0,0,4723,76.38,2809,40,21,14,3,18,0.02,0.8425,0.1575,0.5705,0.0009,4,274.11
2026-01-07,1,7,2,2,0,0,0,0,credit_card,web,east,premium,desktop,0,0,0,1394,75.62,468,9,13,5,1,3,0.0194,0.8525,0.1475,0.2441,0.000456,0,0.0
2026-01-07,1,7,2,2,0,0,0,0,credit_card,web,east,retail,desktop,0,0,0,2113,93.41,1270,20,10,4,1,5,0.0196,0.8507,0.1493,0.236,0.000648,0,0.53
2026-01-07,1,7,2,2,0,0,0,0,credit_card,web,north,premium,ios,0,0,0,2324,50.68,689,20,10,5,2,5,0.0184,0.8594,0.1406,0.2143,0.000483,0,14.78
2026-01-07,1,7,2,2,0,0,0,0,credit_card,web,north,retail,desktop,0,0,0,2661,37.3,815,25,21,8,1,9,0.0184,0.871,0.129,0.2573,0.000678,0,0.22
2026-01-07,1,7,2,2,0,0,0,0,credit_card,web,south,premium,android,0,0,0,2674,56.31,1144,9,16,8,1,16,0.0175,0.8524,0.1476,0.4155,0.000538,3,269.92
2026-01-07,1,7,2,2,0,0,0,0,credit_card,web,south,retail,ios,0,0,0,3118,55.99,1630,24,18,3,4,12,0.0164,0.86,0.14,0.2506,0.000736,1,117.89
2026-01-07,1,7,2,2,0,0,0,0,credit_card,web,west,premium,desktop,0,0,0,1533,39.37,670,12,10,4,2,9,0.0178,0.8642,0.1358,0.2498,0.00056,1,101.73
2026-01-07,1,7,2,2,0,0,0,0,credit_card,web,west,retail,android,0,0,0,4036,39.98,1754,28,13,6,1,9,0.0195,0.8469,0.1531,0.3862,0.00076,2,68.63
2026-01-07,1,7,2,2,0,0,0,0,debit_card,branch,east,premium,desktop,0,0,0,465,55.57,199,16,12,4,3,8,0.0264,0.8546,0.1454,0.2821,0.000255,0,0.0
2026-01-07,1,7,2,2,0,0,0,0,debit_card,branch,east,retail,desktop,0,0,0,746,51.22,227,24,9,4,3,6,0.0271,0.8379,0.1621,0.2858,0.000368,0,0.0
2026-01-07,1,7,2,2,0,0,0,0,debit_card,branch,north,premium,desktop,0,0,0,552,38.06,246,7,9,3,1,2,0.0135,0.8724,0.1276,0.2357,0.000268,0,42.9
2026-01-07,1,7,2,2,0,0,0,0,debit_card,branch,north,retail,desktop,0,0,0,650,65.15,235,31,9,7,1,4,0.0179,0.8607,0.1393,0.2669,0.000358,0,0.41
2026-01-07,1,7,2,2,0,0,0,0,debit_card,branch,south,premium,desktop,0,0,0,544,60.33,181,18,13,4,0,10,0.0101,0.858,0.142,0.2827,0.000306,1,113.61
2026-01-07,1,7,2,2,0,0,0,0,debit_card,branch,south,retail,desktop,0,0,0,780,48.43,276,13,8,5,1,2,0.0259,0.8588,0.1412,0.2828,0.00041,0,0.0
2026-01-07,1,7,2,2,0,0,0,0,debit_card,branch,west,premium,desktop,0,0,0,564,90.01,183,8,19,3,0,4,0.029,0.8716,0.1284,0.2745,0.00031,0,1.98
2026-01-07,1,7,2,2,0,0,0,0,debit_card,branch,west,retail,desktop,0,0,0,807,60.13,524,17,13,2,2,8,0.0203,0.8651,0.1349,0.2421,0.000415,0,30.02
2026-01-07,1,7,2,2,0,0,0,0,debit_card,mobile_app,east,premium,ios,0,0,0,2150,42.32,924,17,25,16,0,10,0.0218,0.8464,0.1536,0.3313,0.000448,0,45.18
2026-01-07,1,7,2,2,0,0,0,0,debit_card,mobile_app,east,retail,android,0,0,0,3150,49.36,1414,31,24,14,0,17,0.0188,0.8672,0.1328,0.5248,0.000585,2,111.46
2026-01-07,1,7,2,2,0,0,0,0,debit_card,mobile_app,north,premium,android,0,0,0,2301,73.42,1123,16,18,9,1,17,0.0235,0.8511,0.1489,0.5381,0.000415,2,172.02
2026-01-07,1,7,2,2,0,0,0,0,debit_card,mobile_app,north,retail,ios,0,0,0,3125,56.42,1928,28,16,12,1,4,0.0257,0.8638,0.1362,0.3285,0.000629,0,0.0
2026-01-07,1,7,2,2,0,0,0,0,debit_card,mobile_app,south,premium,android,0,0,0,2225,67.91,1486,14,32,12,2,11,0.0207,0.8458,0.1542,0.5486,0.000513,1,36.85
2026-01-07,1,7,2,2,0,0,0,0,debit_card,mobile_app,south,retail,android,0,0,0,3899,54.46,1374,33,33,10,3,19,0.0224,0.8561,0.1439,0.5104,0.000694,4,290.88
2026-01-07,1,7,2,2,0,0,0,0,debit_card,mobile_app,west,premium,ios,0,0,0,2317,85.52,719,23,19,8,2,11,0.017,0.8601,0.1399,0.3314,0.000515,0,0.0
2026-01-07,1,7,2,2,0,0,0,0,debit_card,mobile_app,west,retail,ios,0,0,0,3907,56.82,1286,32,19,12,1,21,0.0189,0.8653,0.1347,0.3566,0.000695,3,175.4
2026-01-07,1,7,2,2,0,0,0,0,debit_card,web,east,premium,desktop,0,0,0,1247,47.1,596,12,10,7,1,6,0.0218,0.8652,0.1348,0.2224,0.000386,0,28.61
2026-01-07,1,7,2,2,0,0,0,0,debit_card,web,east,retail,desktop,0,0,0,1976,63.28,815,24,17,6,2,6,0.0113,0.8717,0.1283,0.2227,0.00052,1,35.3
2026-01-07,1,7,2,2,0,0,0,0,debit_card,web,north,premium,desktop,0,0,0,1367,66.37,675,8,11,8,0,6,0.0257,0.8568,0.1432,0.2288,0.000374,0,44.96
2026-01-07,1,7,2,2,0,0,0,0,debit_card,web,north,retail,ios,0,0,0,2746,63.54,1364,31,18,2,1,15,0.0175,0.8597,0.1403,0.2351,0.000541,4,222.45
2026-01-07,1,7,2,2,0,0,0,0,debit_card,web,south,premium,ios,0,0,0,2018,86.49,937,13,14,4,7,8,0.019,0.8491,0.1509,0.2238,0.000406,1,81.85
2026-01-07,1,7,2,2,0,0,0,0,debit_card,web,south,retail,android,0,0,0,2647,46.03,966,27,28,4,2,24,0.0183,0.8811,0.1189,0.4095,0.000605,2,92.62
2026-01-07,1,7,2,2,0,0,0,0,debit_card,web,west,premium,ios,0,0,0,1968,44.03,990,7,15,4,2,7,0.0168,0.8653,0.1347,0.2056,0.000429,0,0.0
2026-01-07,1,7,2,2,0,0,0,0,debit_card,web,west,retail,ios,0,0,0,2872,62.6,870,16,12,4,3,9,0.0245,0.8726,0.1274,0.2659,0.000603,3,326.63
2026-01-07,1,7,2,2,0,0,0,0,digital_wallet,branch,east,premium,desktop,0,0,0,400,66.69,142,6,12,6,1,9,0.0202,0.8601,0.1399,0.2327,0.000358,1,51.32
2026-01-07,1,7,2,2,0,0,0,0,digital_wallet,branch,east,retail,desktop,0,0,0,608,45.31,265,15,6,3,2,4,0.0199,0.8545,0.1455,0.2789,0.000505,0,15.54
2026-01-07,1,7,2,2,0,0,0,0,digital_wallet,branch,north,premium,desktop,0,0,0,463,69.14,156,9,9,5,1,5,0.0102,0.8559,0.1441,0.247,0.000386,0,2.2
2026-01-07,1,7,2,2,0,0,0,0,digital_wallet,branch,north,retail,desktop,0,0,0,626,69.1,199,21,11,10,2,6,0.022,0.8637,0.1363,0.2717,0.000547,0,39.85
2026-01-07,1,7,2,2,0,0,0,0,digital_wallet,branch,south,premium,desktop,0,0,0,450,67.12,240,13,11,6,1,3,0.0187,0.8649,0.1351,0.293,0.000409,0,8.68
2026-01-07,1,7,2,2,0,0,0,0,digital_wallet,branch,south,retail,desktop,0,0,0,572,76.02,360,20,11,4,1,3,0.0165,0.8393,0.1607,0.2562,0.000592,0,9.2
2026-01-07,1,7,2,2,0,0,0,0,digital_wallet,branch,west,premium,desktop,0,0,0,449,70.68,282,15,8,2,2,4,0.0134,0.8456,0.1544,0.231,0.000448,0,0.0
2026-01-07,1,7,2,2,0,0,0,0,digital_wallet,branch,west,retail,desktop,0,0,0,780,56.62,239,18,4,4,2,2,0.0238,0.8527,0.1473,0.292,0.000602,0,54.91
2026-01-07,1,7,2,2,0,0,0,0,digital_wallet,mobile_app,east,premium,android,0,0,0,1862,51.61,767,7,21,13,2,10,0.0158,0.8563,0.1437,0.5521,0.000599,1,26.31
2026-01-07,1,7,2,2,0,0,0,0,digital_wallet,mobile_app,east,retail,android,0,0,0,2816,47.39,1640,24,15,9,5,18,0.0168,0.8715,0.1285,0.5675,0.00092,5,306.45
2026-01-07,1,7,2,2,0,0,0,0,digital_wallet,mobile_app,north,premium,ios,0,0,0,1784,26.69,713,12,21,10,4,6,0.0152,0.8657,0.1343,0.3372,0.000669,1,17.47
2026-01-07,1,7,2,2,0,0,0,0,digital_wallet,mobile_app,north,retail,ios,0,0,0,2836,69.28,1555,27,22,10,4,11,0.0221,0.8675,0.1325,0.342,0.000872,2,78.1
2026-01-07,1,7,2,2,0,0,0,0,digital_wallet,mobile_app,south,premium,android,0,0,0,1455,74.13,500,9,14,8,3,6,0.0217,0.847,0.153,0.5138,0.00068,0,0.0
2026-01-07,1,7,2,2,0,0,0,0,digital_wallet,mobile_app,south,retail,android,0,0,0,2520,44.29,892,30,11,10,2,8,0.0136,0.8547,0.1453,0.5421,0.000984,1,138.76
2026-01-07,1,7,2,2,0,0,0,0,digital_wallet,mobile_app,west,premium,ios,0,0,0,1975,86.6,635,7,23,12,2,6,0.0245,0.8516,0.1484,0.3301,0.000692,0,9.07
2026-01-07,1,7,2,2,0,0,0,0,digital_wallet,mobile_app,west,retail,android,0,0,0,2923,50.96,1557,32,13,12,4,13,0.0249,0.8626,0.1374,0.5333,0.001,3,111.75
2026-01-07,1,7,2,2,0,0,0,0,digital_wallet,web,east,premium,desktop,0,0,0,1228,69.41,699,10,14,5,4,5,0.024,0.8531,0.1469,0.2211,0.000536,0,59.02
2026-01-07,1,7,2,2,0,0,0,0,digital_wallet,web,east,retail,android,0,0,0,2493,45.5,1243,12,24,4,6,18,0.0162,0.8663,0.1337,0.4863,0.000719,1,31.6
2026-01-07,1,7,2,2,0,0,0,0,digital_wallet,web,north,premium,desktop,0,0,0,1123,41.93,451,9,16,14,2,13,0.0197,0.8641,0.1359,0.2274,0.000555,1,53.89
2026-01-07,1,7,2,2,0,0,0,0,digital_wallet,web,north,retail,desktop,0,0,0,1574,126.51,491,15,9,9,1,6,0.0226,0.8365,0.1635,0.2559,0.000797,1,124.89
2026-01-07,1,7,2,2,0,0,0,0,digital_wallet,web,south,premium,desktop,0,0,0,1039,71.07,519,6,20,5,5,7,0.0263,0.8474,0.1526,0.2208,0.000603,0,0.0
2026-01-07,1,7,2,2,0,0,0,0,digital_wallet,web,south,retail,desktop,0,0,0,1446,54.93,476,14,10,6,1,9,0.017,0.858,0.142,0.2204,0.000802,2,147.66
2026-01-07,1,7,2,2,0,0,0,0,digital_wallet,web,west,premium,desktop,0,0,0,1169,36.37,386,6,13,8,2,7,0.0266,0.8651,0.1349,0.2634,0.000637,2,127.6
2026-01-07,1,7,2,2,0,0,0,0,digital_wallet,web,west,retail,desktop,0,0,0,1544,41.13,512,18,9,7,4,9,0.0218,0.8575,0.1425,0.2916,0.00086,2,93.05
2026-01-08,1,8,3,2,0,0,0,0,credit_card,branch,east,premium,desktop,0,0,0,608,69.72,191,11,10,5,1,6,0.0185,0.8653,0.1347,0.2453,0.000324,0,41.59
2026-01-08,1,8,3,2,0,0,0,0,credit_card,branch,east,retail,desktop,0,0,0,951,67.84,526,39,15,2,2,8,0.0204,0.8765,0.1235,0.2172,0.000476,0,39.41
2026-01-08,1,8,3,2,0,0,0,0,credit_card,branch,north,premium,desktop,0,0,0,635,74.58,201,7,12,7,1,7,0.024,0.8523,0.1477,0.2776,0.00034,0,17.71
2026-01-08,1,8,3,2,0,0,0,0,credit_card,branch,north,retail,desktop,0,0,0,885,71.83,268,32,14,6,2,3,0.0262,0.8451,0.1549,0.2785,0.000488,0,20.1
2026-01-08,1,8,3,2,0,0,0,0,credit_card,branch,south,premium,desktop,0,0,0,613,64.88,269,10,9,7,1,2,0.0204,0.8655,0.1345,0.2465,0.000391,0,0.0
2026-01-08,1,8,3,2,0,0,0,0,credit_card,branch,south,retail,desktop,0,0,0,941,88.98,386,20,10,7,2,6,0.0211,0.8638,0.1362,0.2067,0.000533,1,118.91
2026-01-08,1,8,3,2,0,0,0,0,credit_card,branch,west,premium,desktop,0,0,0,580,66.39,196,19,11,6,1,3,0.0239,0.8614,0.1386,0.2032,0.000378,0,53.09
2026-01-08,1,8,3,2,0,0,0,0,credit_card,branch,west,retail,desktop,0,0,0,840,61.13,280,31,9,1,1,8,0.0214,0.8688,0.1312,0.2299,0.000508,1,6.83
2026-01-08,1,8,3,2,0,0,0,0,credit_card,mobile_app,east,premium,android,0,0,0,2945,60.39,1122,22,23,9,2,12,0.0247,0.8659,0.1341,0.5481,0.000538,1,112.92
2026-01-08,1,8,3,2,0,0,0,0,credit_card,mobile_app,east,retail,ios,0,0,0,3581,66.51,1910,34,19,9,1,15,0.026,0.8816,0.1184,0.3551,0.000759,1,69.18
2026-01-08,1,8,3,2,0,0,0,0,credit_card,mobile_app,north,premium,ios,0,0,0,3096,51.4,1329,15,19,4,4,10,0.0221,0.8554,0.1446,0.3265,0.000566,2,118.37
2026-01-08,1,8,3,2,0,0,0,0,credit_card,mobile_app,north,retail,android,0,0,0,4494,124.97,1496,34,23,16,0,18,0.0251,0.8644,0.1356,0.5294,0.000834,2,276.93
2026-01-08,1,8,3,2,0,0,0,0,credit_card,mobile_app,south,premium,android,0,0,0,2958,108.24,1390,14,26,10,5,20,0.0187,0.8577,0.1423,0.4905,0.000646,2,231.28
2026-01-08,1,8,3,2,0,0,0,0,credit_card,mobile_app,south,retail,android,0,0,0,4673,52.46,1736,35,13,7,4,14,0.0205,0.8563,0.1437,0.4861,0.000859,4,225.99
2026-01-08,1,8,3,2,0,0,0,0,credit_card,mobile_app,west,premium,android,0,0,0,2921,80.68,853,13,21,6,2,5,0.0254,0.8579,0.1421,0.5357,0.000637,0,0.0
2026-01-08,1,8,3,2,0,0,0,0,credit_card,mobile_app,west,retail,ios,0,0,0,3824,57.02,2212,34,15,9,3,23,0.0212,0.8575,0.1425,0.3212,0.000875,4,268.89
2026-01-08,1,8,3,2,0,0,0,0,credit_card,web,east,premium,desktop,0,0,0,1533,81.7,638,10,17,6,3,9,0.0191,0.8555,0.1445,0.3152,0.000485,3,273.86
2026-01-08,1,8,3,2,0,0,0,0,credit_card,web,east,retail,android,0,0,0,3615,123.16,1539,26,11,8,3,7,0.0245,0.8564,0.1436,0.4213,0.000662,1,186.4
2026-01-08,1,8,3,2,0,0,0,0,credit_card,web,north,premium,desktop,0,0,0,1672,48.61,729,10,14,6,2,5,0.0211,0.8644,0.1356,0.268,0.000465,0,63.57
2026-01-08,1,8,3,2,0,0,0,0,credit_card,web,north,retail,ios,0,0,0,3698,43.32,1952,22,14,9,5,14,0.0215,0.8735,0.1265,0.2375,0.000695,2,74.49
2026-01-08,1,8,3,2,0,0,0,0,credit_card,web,south,premium,android,0,0,0,2330,55.34,1423,13,13,4,0,14,0.0118,0.8513,0.1487,0.4471,0.000508,2,99.23
2026-01-08,1,8,3,2,0,0,0,0,credit_card,web,south,retail,desktop,0,0,0,2699,54.52,944,32,17,9,0,14,0.0216,0.8682,0.1318,0.2385,0.000744,3,181.21
2026-01-08,1,8,3,2,0,0,0,0,credit_card,web,west,premium,desktop,0,0,0,1694,73.84,733,10,9,4,2,5,0.0239,0.8717,0.1283,0.2385,0.000559,1,103.97
2026-01-08,1,8,3,2,0,0,0,0,credit_card,web,west,retail,desktop,0,0,0,2358,67.66,973,23,10,10,6,8,0.0239,0.844,0.156,0.2186,0.000734,2,95.8
2026-01-08,1,8,3,2,0,0,0,0,debit_card,branch,east,premium,desktop,0,0,0,515,63.58,271,7,8,1,1,3,0.0222,0.8552,0.1448,0.2467,0.000253,0,6.33
2026-01-08,1,8,3,2,0,0,0,0,debit_card,branch,east,retail,desktop,0,0,0,883,67.09,485,22,13,8,1,5,0.0209,0.8523,0.1477,0.2019,0.000368,1,17.38
2026-01-08,1,8,3,2,0,0,0,0,debit_card,branch,north,premium,desktop,0,0,0,541,32.96,274,7,10,5,2,4,0.0175,0.85,0.15,0.2625,0.000282,0,0.0
2026-01-08,1,8,3,2,0,0,0,0,debit_card,branch,north,retail,desktop,0,0,0,868,122.97,370,17,5,3,1,3,0.0244,0.8612,0.1388,0.1976,0.000381,0,30.62
2026-01-08,1,8,3,2,0,0,0,0,debit_card,branch,south,premium,desktop,0,0,0,488,126.79,203,9,11,7,0,7,0.021,0.8575,0.1425,0.2032,0.000298,0,37.11
2026-01-08,1,8,3,2,0,0,0,0,debit_card,branch,south,retail,desktop,0,0,0,694,55.59,430,23,10,8,3,2,0.0236,0.8472,0.1528,0.2686,0.00041,0,16.16
2026-01-08,1,8,3,2,0,0,0,0,debit_card,branch,west,premium,desktop,0,0,0,516,89.48,199,11,12,5,3,5,0.0172,0.844,0.156,0.2543,0.00031,0,6.73
2026-01-08,1,8,3,2,0,0,0,0,debit_card,branch,west,retail,desktop,0,0,0,915,79.67,581,30,10,4,3,6,0.0197,0.8533,0.1467,0.2749,0.000411,0,0.0
2026-01-08,1,8,3,2,0,0,0,0,debit_card,mobile_app,east,premium,ios,0,0,0,2240,58.5,812,15,27,7,1,14,0.0214,0.8616,0.1384,0.2987,0.000416,2,146.72
2026-01-08,1,8,3,2,0,0,0,0,debit_card,mobile_app,east,retail,android,0,0,0,3179,33.33,1400,16,24,10,4,17,0.0176,0.8586,0.1414,0.5188,0.000603,1,22.11
2026-01-08,1,8,3,2,0,0,0,0,debit_card,mobile_app,north,premium,ios,0,0,0,2023,62.28,781,14,23,11,1,7,0.0227,0.8496,0.1504,0.3912,0.000438,0,0.0
2026-01-08,1,8,3,2,0,0,0,0,debit_card,mobile_app,north,retail,ios,0,0,0,2973,105.74,1248,28,28,8,3,18,0.0147,0.8673,0.1327,0.379,0.00061,4,351.48
2026-01-08,1,8,3,2,0,0,0,0,debit_card,mobile_app,south,premium,android,0,0,0,2256,87.7,687,17,29,6,2,10,0.0239,0.8687,0.1313,0.5485,0.000478,1,53.91
2026-01-08,1,8,3,2,0,0,0,0,debit_card,mobile_app,south,retail,android,0,0,0,2967,64.87,1101,20,20,11,1,7,0.019,0.8596,0.1404,0.5793,0.000678,1,112.69
2026-01-08,1,8,3,2,0,0,0,0,debit_card,mobile_app,west,premium,ios,0,0,0,2656,36.87,1395,10,28,15,1,18,0.0199,0.8651,0.1349,0.3447,0.000498,2,23.49
2026-01-08,1,8,3,2,0,0,0,0,debit_card,mobile_app,west,retail,android,0,0,0,3860,49.85,1554,26,20,10,0,25,0.0085,0.8592,0.1408,0.4977,0.000666,4,269.52
2026-01-08,1,8,3,2,0,0,0,0,debit_card,web,east,premium,android,0,0,0,1823,81.3,662,7,16,6,1,8,0.0182,0.8524,0.1476,0.4374,0.000358,0,16.77
2026-01-08,1,8,3,2,0,0,0,0,debit_card,web,east,retail,desktop,0,0,0,1696,43.46,642,16,16,6,2,9,0.0181,0.8497,0.1503,0.2503,0.000511,2,76.79
2026-01-08,1,8,3,2,0,0,0,0,debit_card,web,north,premium,desktop,0,0,0,1499,55.45,870,9,16,8,1,10,0.0286,0.855,0.145,0.2756,0.000379,1,71.33
2026-01-08,1,8,3,2,0,0,0,0,debit_card,web,north,retail,desktop,0,0,0,2033,33.88,902,23,13,5,1,6,0.0225,0.875,0.125,0.1995,0.000544,1,70.97
2026-01-08,1,8,3,2,0,0,0,0,debit_card,web,south,premium,ios,0,0,0,1753,65.32,601,17,16,4,2,6,0.0173,0.8439,0.1561,0.2111,0.000398,0,0.0
2026-01-08,1,8,3,2,0,0,0,0,debit_card,web,south,retail,desktop,0,0,0,1794,73.24,858,25,12,2,1,4,0.0165,0.8672,0.1328,0.2465,0.000561,0,27.38
2026-01-08,1,8,3,2,0,0,0,0,debit_card,web,west,premium,android,0,0,0,1846,62.0,1199,18,20,6,0,6,0.0226,0.8689,0.1311,0.4141,0.000425,1,4.4
2026-01-08,1,8,3,2,0,0,0,0,debit_card,web,west,retail,desktop,0,0,0,1994,48.74,1033,25,13,6,4,7,0.0214,0.8504,0.1496,0.2491,0.00058,1,36.56
2026-01-08,1,8,3,2,0,0,0,0,digital_wallet,branch,east,premium,desktop,0,0,0,486,42.5,174,17,13,5,3,4,0.024,0.8648,0.1352,0.2313,0.000376,0,11.8
2026-01-08,1,8,3,2,0,0,0,0,digital_wallet,branch,east,retail,desktop,0,0,0,651,53.52,211,19,10,5,1,10,0.0262,0.8687,0.1313,0.2546,0.000524,2,109.88
2026-01-08,1,8,3,2,0,0,0,0,digital_wallet,branch,north,premium,desktop,0,0,0,487,66.3,270,6,9,4,1,1,0.0253,0.8755,0.1245,0.2542,0.000393,0,0.0
2026-01-08,1,8,3,2,0,0,0,0,digital_wallet,branch,north,retail,desktop,0,0,0,694,58.88,251,14,8,4,1,4,0.0175,0.8448,0.1552,0.2394,0.000551,1,88.28
2026-01-08,1,8,3,2,0,0,0,0,digital_wallet,branch,south,premium,desktop,0,0,0,389,88.46,156,8,4,3,0,1,0.0216,0.8701,0.1299,0.295,0.000416,0,3.55
2026-01-08,1,8,3,2,0,0,0,0,digital_wallet,branch,south,retail,desktop,0,0,0,517,50.92,244,13,10,5,1,2,0.0284,0.8625,0.1375,0.2296,0.000587,0,22.61
2026-01-08,1,8,3,2,0,0,0,0,digital_wallet,branch,west,premium,desktop,0,0,0,446,93.63,121,7,12,3,3,7,0.0203,0.8535,0.1465,0.2746,0.00043,0,0.0
2026-01-08,1,8,3,2,0,0,0,0,digital_wallet,branch,west,retail,desktop,0,0,0,687,71.38,310,17,11,5,1,2,0.0145,0.8693,0.1307,0.248,0.000637,0,52.03
2026-01-08,1,8,3,2,0,0,0,0,digital_wallet,mobile_app,east,premium,ios,0,0,0,1967,83.58,1211,15,24,17,2,24,0.0177,0.8606,0.1394,0.3802,0.000655,4,268.41
2026-01-08,1,8,3,2,0,0,0,0,digital_wallet,mobile_app,east,retail,android,0,0,0,2817,101.83,993,27,18,9,0,23,0.0142,0.8525,0.1475,0.4856,0.000871,3,365.59
2026-01-08,1,8,3,2,0,0,0,0,digital_wallet,mobile_app,north,premium,ios,0,0,0,1711,71.38,1014,13,14,12,2,6,0.0216,0.8631,0.1369,0.3184,0.000655,1,17.7
2026-01-08,1,8,3,2,0,0,0,0,digital_wallet,mobile_app,north,retail,ios,0,0,0,2880,99.13,1088,26,26,11,4,9,0.0118,0.8547,0.1453,0.3346,0.000883,2,223.36
2026-01-08,1,8,3,2,0,0,0,0,digital_wallet,mobile_app,south,premium,ios,0,0,0,1919,74.29,771,14,18,7,2,15,0.0191,0.8662,0.1338,0.3268,0.000726,1,77.92
2026-01-08,1,8,3,2,0,0,0,0,digital_wallet,mobile_app,south,retail,android,0,0,0,2580,120.28,837,26,30,13,4,23,0.0151,0.8641,0.1359,0.551,0.001023,2,312.7
2026-01-08,1,8,3,2,0,0,0,0,digital_wallet,mobile_app,west,premium,ios,0,0,0,2225,69.38,1266,16,10,8,8,6,0.0198,0.8657,0.1343,0.3751,0.000736,0,39.95
2026-01-08,1,8,3,2,0,0,0,0,digital_wallet,mobile_app,west,retail,ios,0,0,0,3029,86.61,1213,25,31,11,1,20,0.0273,0.8603,0.1397,0.3297,0.001078,2,118.02
2026-01-08,1,8,3,2,0,0,0,0,digital_wallet,web,east,premium,ios,0,0,0,1319,58.11,423,7,16,6,1,10,0.0215,0.853,0.147,0.2338,0.000516,0,0.0
2026-01-08,1,8,3,2,0,0,0,0,digital_wallet,web,east,retail,desktop,0,0,0,1407,44.83,572,22,7,9,2,4,0.0224,0.8718,0.1282,0.2363,0.00074,0,32.21
2026-01-08,1,8,3,2,0,0,0,0,digital_wallet,web,north,premium,desktop,0,0,0,876,85.91,274,13,17,6,2,8,0.0188,0.8641,0.1359,0.2314,0.000538,0,40.99
2026-01-08,1,8,3,2,0,0,0,0,digital_wallet,web,north,retail,desktop,0,0,0,1510,43.4,634,19,13,12,3,2,0.0224,0.8698,0.1302,0.2861,0.000806,0,0.0
2026-01-08,1,8,3,2,0,0,0,0,digital_wallet,web,south,premium,android,0,0,0,1568,48.24,845,9,24,7,3,17,0.0175,0.8586,0.1414,0.4223,0.000629,1,19.58
2026-01-08,1,8,3,2,0,0,0,0,digital_wallet,web,south,retail,desktop,0,0,0,1248,84.6,413,14,14,12,2,7,0.021,0.8596,0.1404,0.2285,0.000852,2,132.44
2026-01-08,1,8,3,2,0,0,0,0,digital_wallet,web,west,premium,desktop,0,0,0,1103,39.6,330,7,19,6,0,11,0.0209,0.8648,0.1352,0.293,0.00059,1,78.65
2026-01-08,1,8,3,2,0,0,0,0,digital_wallet,web,west,retail,ios,0,0,0,2030,46.57,669,18,15,5,2,9,0.025,0.8699,0.1301,0.2657,0.000891,1,57.14
2026-01-09,1,9,4,2,0,0,0,0,credit_card,branch,east,premium,desktop,0,0,0,632,96.28,198,13,15,3,2,12,0.0206,0.8666,0.1334,0.2855,0.000317,1,149.31
2026-01-09,1,9,4,2,0,0,0,0,credit_card,branch,east,retail,desktop,0,0,0,909,99.14,549,22,11,8,1,7,0.024,0.8647,0.1353,0.2878,0.000479,1,128.84
2026-01-09,1,9,4,2,0,0,0,0,credit_card,branch,north,premium,desktop,0,0,0,617,71.19,222,13,9,8,2,3,0.0164,0.8701,0.1299,0.2712,0.00034,0,0.0
2026-01-09,1,9,4,2,0,0,0,0,credit_card,branch,north,retail,desktop,0,0,0,884,82.34,351,22,9,3,2,6,0.0198,0.8723,0.1277,0.2484,0.000481,1,81.75
2026-01-09,1,9,4,2,0,0,0,0,credit_card,branch,south,premium,desktop,0,0,0,656,100.26,232,15,9,3,4,1,0.0082,0.8518,0.1482,0.2464,0.000374,0,5.85
2026-01-09,1,9,4,2,0,0,0,0,credit_card,branch,south,retail,desktop,0,0,0,845,74.98,508,19,7,7,3,2,0.0146,0.8429,0.1571,0.3079,0.00052,0,0.0
2026-01-09,1,9,4,2,0,0,0,0,credit_card,branch,west,premium,desktop,0,0,0,731,43.1,291,13,12,6,1,5,0.0241,0.8597,0.1403,0.2538,0.000376,0,0.0
2026-01-09,1,9,4,2,0,0,0,0,credit_card,branch,west,retail,desktop,0,0,0,936,130.89,510,19,11,4,2,10,0.0156,0.8573,0.1427,0.2192,0.000571,1,172.59
2026-01-09,1,9,4,2,0,0,0,0,credit_card,mobile_app,east,premium,android,0,0,0,2777,73.4,1745,17,26,12,1,18,0.0195,0.8692,0.1308,0.5837,0.000564,1,182.3
2026-01-09,1,9,4,2,0,0,0,0,credit_card,mobile_app,east,retail,android,0,0,0,4300,55.73,1534,43,19,12,1,17,0.0138,0.8752,0.1248,0.5367,0.000744,4,378.23
2026-01-09,1,9,4,2,0,0,0,0,credit_card,mobile_app,north,premium,android,0,0,0,2854,110.89,1302,17,24,7,2,10,0.0139,0.8561,0.1439,0.5047,0.000559,1,109.44
2026-01-09,1,9,4,2,0,0,0,0,credit_card,mobile_app,north,retail,android,0,0,0,3954,53.06,1582,34,20,11,2,24,0.0282,0.8621,0.1379,0.5338,0.00078,5,193.67
2026-01-09,1,9,4,2,0,0,0,0,credit_card,mobile_app,south,premium,ios,0,0,0,2649,79.6,763,19,23,6,3,5,0.025,0.8691,0.1309,0.3744,0.000612,0,0.0
2026-01-09,1,9,4,2,0,0,0,0,credit_card,mobile_app,south,retail,ios,0,0,0,4183,53.11,2472,35,15,11,2,8,0.0255,0.8665,0.1335,0.3251,0.000892,3,286.77
2026-01-09,1,9,4,2,0,0,0,0,credit_card,mobile_app,west,premium,android,0,0,0,3148,103.18,1237,15,28,11,3,21,0.0259,0.8527,0.1473,0.5406,0.000659,1,159.19
2026-01-09,1,9,4,2,0,0,0,0,credit_card,mobile_app,west,retail,ios,0,0,0,4287,70.47,1456,27,19,18,5,21,0.0147,0.8632,0.1368,0.3444,0.000931,4,376.41
2026-01-09,1,9,4,2,0,0,0,0,credit_card,web,east,premium,desktop,0,0,0,1767,35.96,863,14,16,2,2,12,0.0175,0.8632,0.1368,0.2283,0.000468,1,119.98
2026-01-09,1,9,4,2,0,0,0,0,credit_card,web,east,retail,desktop,0,0,0,2389,111.87,737,21,9,7,5,17,0.0307,0.8707,0.1293,0.2655,0.000656,4,564.53
2026-01-09,1,9,4,2,0,0,0,0,credit_card,web,north,premium,desktop,0,0,0,1886,45.44,946,6,17,1,1,7,0.0223,0.862,0.138,0.2858,0.000458,0,0.0
2026-01-09,1,9,4,2,0,0,0,0,credit_card,web,north,retail,desktop,0,0,0,2327,61.87,774,22,9,10,2,7,0.0196,0.8774,0.1226,0.2505,0.000661,1,102.62
2026-01-09,1,9,4,2,0,0,0,0,credit_card,web,south,premium,desktop,0,0,0,1578,87.84,533,7,13,5,3,13,0.0189,0.8543,0.1457,0.2657,0.000538,3,330.88
2026-01-09,1,9,4,2,0,0,0,0,credit_card,web,south,retail,desktop,0,0,0,2318,82.54,859,16,11,10,2,11,0.0191,0.8438,0.1562,0.2439,0.000733,2,201.85
2026-01-09,1,9,4,2,0,0,0,0,credit_card,web,west,premium,desktop,0,0,0,1495,81.51,538,23,16,8,2,10,0.0229,0.8587,0.1413,0.2158,0.000571,0,0.0
2026-01-09,1,9,4,2,0,0,0,0,credit_card,web,west,retail,desktop,0,0,0,2708,70.23,850,25,17,5,2,13,0.0207,0.8537,0.1463,0.2054,0.000723,2,100.07
2026-01-09,1,9,4,2,0,0,0,0,debit_card,branch,east,premium,desktop,0,0,0,492,82.26,151,12,5,2,0,2,0.0177,0.864,0.136,0.255,0.000239,0,24.76
2026-01-09,1,9,4,2,0,0,0,0,debit_card,branch,east,retail,desktop,0,0,0,753,61.5,274,16,11,4,4,6,0.0193,0.8583,0.1417,0.2945,0.000363,0,16.78
2026-01-09,1,9,4,2,0,0,0,0,debit_card,branch,north,premium,desktop,0,0,0,539,52.51,167,12,13,5,0,7,0.0221,0.8586,0.1414,0.275,0.000275,0,20.52
2026-01-09,1,9,4,2,0,0,0,0,debit_card,branch,north,retail,desktop,0,0,0,709,58.65,221,26,15,9,3,10,0.0224,0.8568,0.1432,0.2467,0.00038,1,109.93
2026-01-09,1,9,4,2,0,0,0,0,debit_card,branch,south,premium,desktop,0,0,0,499,58.78,318,7,12,4,3,3,0.0201,0.8658,0.1342,0.244,0.000291,0,0.0
2026-01-09,1,9,4,2,0,0,0,0,debit_card,branch,south,retail,desktop,0,0,0,785,32.49,319,21,8,9,2,6,0.0157,0.8431,0.1569,0.2487,0.000397,2,14.44
2026-01-09,1,9,4,2,0,0,0,0,debit_card,branch,west,premium,desktop,0,0,0,553,95.91,259,14,8,2,1,3,0.0207,0.8462,0.1538,0.2204,0.000293,0,21.87
2026-01-09,1,9,4,2,0,0,0,0,debit_card,branch,west,retail,desktop,0,0,0,796,60.14,290,26,16,5,1,6,0.0221,0.8575,0.1425,0.2713,0.000431,0,21.45
2026-01-09,1,9,4,2,0,0,0,0,debit_card,mobile_app,east,premium,android,0,0,0,2113,39.66,911,13,25,11,5,17,0.0206,0.8359,0.1641,0.5384,0.000435,1,82.57
2026-01-09,1,9,4,2,0,0,0,0,debit_card,mobile_app,east,retail,android,0,0,0,3471,51.11,1046,24,22,13,0,12,0.0197,0.8625,0.1375,0.5164,0.000571,2,102.71
2026-01-09,1,9,4,2,0,0,0,0,debit_card,mobile_app,north,premium,ios,0,0,0,2183,48.42,894,11,12,13,0,4,0.015,0.876,0.124,0.3049,0.00045,0,0.0
2026-01-09,1,9,4,2,0,0,0,0,debit_card,mobile_app,north,retail,ios,0,0,0,3529,63.69,1160,26,19,6,0,23,0.0258,0.8652,0.1348,0.3334,0.000625,5,259.65
2026-01-09,1,9,4,2,0,0,0,0,debit_card,mobile_app,south,premium,android,0,0,0,1981,59.02,667,18,19,2,2,8,0.0247,0.8646,0.1354,0.5325,0.000485,0,0.0
2026-01-09,1,9,4,2,0,0,0,0,debit_card,mobile_app,south,retail,ios,0,0,0,3279,84.04,1087,30,21,9,2,18,0.017,0.868,0.132,0.3595,0.0007,3,291.6
2026-01-09,1,9,4,2,0,0,0,0,debit_card,mobile_app,west,premium,android,0,0,0,2360,85.82,890,11,22,14,3,10,0.0133,0.88,0.12,0.5165,0.000502,0,44.38
2026-01-09,1,9,4,2,0,0,0,0,debit_card,mobile_app,west,retail,android,0,0,0,3732,30.0,1285,33,17,16,5,17,0.0212,0.8394,0.1606,0.5004,0.000718,3,26.28
2026-01-09,1,9,4,2,0,0,0,0,debit_card,web,east,premium,desktop,0,0,0,1184,53.81,365,5,11,4,1,5,0.02,0.8659,0.1341,0.2462,0.000363,0,21.15
2026-01-09,1,9,4,2,0,0,0,0,debit_card,web,east,retail,desktop,0,0,0,2071,90.58,971,17,11,3,4,4,0.0115,0.84,0.16,0.2404,0.000499,1,146.21
2026-01-09,1,9,4,2,0,0,0,0,debit_card,web,north,premium,desktop,0,0,0,1260,87.1,736,10,16,4,2,7,0.014,0.8663,0.1337,0.2288,0.000369,0,0.0
2026-01-09,1,9,4,2,0,0,0,0,debit_card,web,north,retail,desktop,0,0,0,1818,99.82,685,24,10,6,1,9,0.0187,0.8598,0.1402,0.2458,0.000525,1,103.49
2026-01-09,1,9,4,2,0,0,0,0,debit_card,web,south,premium,ios,0,0,0,1710,63.69,748,7,11,6,1,6,0.0188,0.8443,0.1557,0.2533,0.000395,0,0.0
2026-01-09,1,9,4,2,0,0,0,0,debit_card,web,south,retail,desktop,0,0,0,1747,51.65,547,24,13,8,5,5,0.023,0.8391,0.1609,0.2395,0.000572,0,33.46
2026-01-09,1,9,4,2,0,0,0,0,debit_card,web,west,premium,ios,0,0,0,1885,86.76,789,11,14,2,2,12,0.0167,0.8676,0.1324,0.2372,0.000414,1,81.48
2026-01-09,1,9,4,2,0,0,0,0,debit_card,web,west,retail,desktop,0,0,0,2152,93.45,859,19,9,5,1,8,0.0168,0.8591,0.1409,0.2254,0.000582,1,155.2
2026-01-09,1,9,4,2,0,0,0,0,digital_wallet,branch,east,premium,desktop,0,0,0,440,48.44,176,10,10,5,2,5,0.016,0.8534,0.1466,0.209,0.000384,0,0.0
2026-01-09,1,9,4,2,0,0,0,0,digital_wallet,branch,east,retail,desktop,0,0,0,670,113.5,365,19,15,4,0,9,0.0163,0.8628,0.1372,0.2649,0.000529,0,13.29
2026-01-09,1,9,4,2,0,0,0,0,digital_wallet,branch,north,premium,desktop,0,0,0,410,41.74,254,3,10,5,2,2,0.0191,0.8675,0.1325,0.2764,0.000372,0,4.77
2026-01-09,1,9,4,2,0,0,0,0,digital_wallet,branch,north,retail,desktop,0,0,0,739,37.59,367,11,13,1,1,3,0.0253,0.8628,0.1372,0.1905,0.00053,0,0.0
2026-01-09,1,9,4,2,0,0,0,0,digital_wallet,branch,south,premium,desktop,0,0,0,436,75.8,230,10,6,4,2,3,0.0234,0.8627,0.1373,0.2618,0.000408,0,0.0
2026-01-09,1,9,4,2,0,0,0,0,digital_wallet,branch,south,retail,desktop,0,0,0,631,66.27,189,18,8,2,6,3,0.0195,0.8572,0.1428,0.2353,0.000561,0,18.87
2026-01-09,1,9,4,2,0,0,0,0,digital_wallet,branch,west,premium,desktop,0,0,0,497,71.28,253,4,5,8,0,2,0.0262,0.8578,0.1422,0.3053,0.000426,0,0.0
2026-01-09,1,9,4,2,0,0,0,0,digital_wallet,branch,west,retail,desktop,0,0,0,661,51.7,245,20,11,3,7,5,0.0226,0.8543,0.1457,0.2467,0.000639,1,67.28
2026-01-09,1,9,4,2,0,0,0,0,digital_wallet,mobile_app,east,premium,ios,0,0,0,1975,62.29,839,16,20,16,4,14,0.0108,0.8681,0.1319,0.4101,0.000585,1,84.94
2026-01-09,1,9,4,2,0,0,0,0,digital_wallet,mobile_app,east,retail,android,0,0,0,2870,65.73,858,30,28,10,3,17,0.0238,0.8542,0.1458,0.5743,0.000887,2,156.38
2026-01-09,1,9,4,2,0,0,0,0,digital_wallet,mobile_app,north,premium,ios,0,0,0,1898,23.44,560,13,16,12,2,3,0.0265,0.8633,0.1367,0.39,0.000602,0,31.18
2026-01-09,1,9,4,2,0,0,0,0,digital_wallet,mobile_app,north,retail,ios,0,0,0,2748,53.1,1574,30,25,11,1,10,0.023,0.8638,0.1362,0.3607,0.000927,0,0.0
2026-01-09,1,9,4,2,0,0,0,0,digital_wallet,mobile_app,south,premium,android,0,0,0,1917,75.45,1003,11,28,7,7,14,0.02,0.8646,0.1354,0.4875,0.000737,1,67.91
2026-01-09,1,9,4,2,0,0,0,0,digital_wallet,mobile_app,south,retail,android,0,0,0,2219,54.12,776,22,21,14,3,15,0.0183,0.8552,0.1448,0.5187,0.001002,2,138.41
2026-01-09,1,9,4,2,0,0,0,0,digital_wallet,mobile_app,west,premium,android,0,0,0,2327,60.57,1505,9,28,6,3,30,0.0267,0.8638,0.1362,0.5061,0.000726,4,271.73
2026-01-09,1,9,4,2,0,0,0,0,digital_wallet,mobile_app,west,retail,android,0,0,0,2901,57.72,978,23,16,6,1,8,0.025,0.8718,0.1282,0.5763,0.001047,1,103.3
2026-01-09,1,9,4,2,0,0,0,0,digital_wallet,web,east,premium,desktop,0,0,0,1193,73.55,361,4,12,10,2,7,0.0239,0.8626,0.1374,0.3078,0.000529,0,0.0
2026-01-09,1,9,4,2,0,0,0,0,digital_wallet,web,east,retail,desktop,0,0,0,1689,111.12,523,17,10,5,0,12,0.016,0.8689,0.1311,0.2759,0.00072,2,261.79
2026-01-09,1,9,4,2,0,0,0,0,digital_wallet,web,north,premium,ios,0,0,0,1309,64.76,499,7,11,4,2,4,0.018,0.8445,0.1555,0.2603,0.000538,1,68.1
2026-01-09,1,9,4,2,0,0,0,0,digital_wallet,web,north,retail,android,0,0,0,2460,74.54,1386,20,12,9,0,7,0.0195,0.8661,0.1339,0.4833,0.000744,2,181.49
2026-01-09,1,9,4,2,0,0,0,0,digital_wallet,web,south,premium,desktop,0,0,0,889,55.67,472,5,9,2,1,3,0.0111,0.8725,0.1275,0.2394,0.000593,0,102.12
2026-01-09,1,9,4,2,0,0,0,0,digital_wallet,web,south,retail,desktop,0,0,0,1403,32.46,536,21,12,5,3,6,0.0193,0.8512,0.1488,0.2299,0.00083,1,15.67
2026-01-09,1,9,4,2,0,0,0,0,digital_wallet,web,west,premium,desktop,0,0,0,1091,50.66,511,11,11,6,2,7,0.021,0.8633,0.1367,0.2788,0.000602,1,118.81
2026-01-09,1,9,4,2,0,0,0,0,digital_wallet,web,west,retail,desktop,0,0,0,1855,46.84,688,21,9,5,7,8,0.0238,0.8628,0.1372,0.2615,0.000852,1,38.21
2026-01-10,1,10,5,2,1,0,0,0,credit_card,branch,east,premium,desktop,0,0,0,530,53.09,244,15,14,5,2,4,0.0219,0.8491,0.1509,0.3059,0.00031,0,0.0
2026-01-10,1,10,5,2,1,0,0,0,credit_card,branch,east,retail,desktop,0,0,0,915,107.91,380,28,7,6,3,1,0.0206,0.8469,0.1531,0.2458,0.000459,0,17.51
2026-01-10,1,10,5,2,1,0,0,0,credit_card,branch,north,premium,desktop,0,0,0,508,115.98,239,18,10,8,0,2,0.0221,0.8526,0.1474,0.269,0.000359,0,39.59
2026-01-10,1,10,5,2,1,0,0,0,credit_card,branch,north,retail,desktop,0,0,0,747,82.72,477,28,11,7,1,2,0.023,0.8443,0.1557,0.2878,0.000477,0,0.0
2026-01-10,1,10,5,2,1,0,0,0,credit_card,branch,south,premium,desktop,0,0,0,548,76.85,310,7,9,5,1,2,0.0218,0.8528,0.1472,0.2329,0.000385,0,74.45
2026-01-10,1,10,5,2,1,0,0,0,credit_card,branch,south,retail,desktop,0,0,0,815,84.1,223,37,8,3,4,5,0.021,0.8473,0.1527,0.2197,0.000518,0,0.0
2026-01-10,1,10,5,2,1,0,0,0,credit_card,branch,west,premium,desktop,0,0,0,504,79.63,286,12,10,9,1,6,0.0214,0.8611,0.1389,0.2305,0.000406,0,65.66
2026-01-10,1,10,5,2,1,0,0,0,credit_card,branch,west,retail,desktop,0,0,0,816,93.81,400,30,10,8,2,5,0.0182,0.8493,0.1507,0.2601,0.000562,1,191.77
2026-01-10,1,10,5,2,1,0,0,0,credit_card,mobile_app,east,premium,android,0,0,0,2171,29.43,1210,15,24,13,2,19,0.0179,0.841,0.159,0.5489,0.000537,2,0.0
2026-01-10,1,10,5,2,1,0,0,0,credit_card,mobile_app,east,retail,android,0,0,0,3794,123.01,1461,26,19,9,2,19,0.0192,0.8461,0.1539,0.4949,0.000793,3,380.07
2026-01-10,1,10,5,2,1,0,0,0,credit_card,mobile_app,north,premium,ios,0,0,0,2372,67.6,920,18,18,9,3,6,0.0175,0.8515,0.1485,0.4019,0.000561,1,118.08
2026-01-10,1,10,5,2,1,0,0,0,credit_card,mobile_app,north,retail,android,0,0,0,3641,35.05,1913,35,27,13,4,31,0.0253,0.8514,0.1486,0.4781,0.00083,6,285.23
2026-01-10,1,10,5,2,1,0,0,0,credit_card,mobile_app,south,premium,android,0,0,0,2088,63.61,764,13,31,11,3,15,0.0161,0.8762,0.1238,0.5375,0.00061,0,4.52
2026-01-10,1,10,5,2,1,0,0,0,credit_card,mobile_app,south,retail,android,0,0,0,3538,61.91,1056,33,17,9,2,22,0.0206,0.8489,0.1511,0.5063,0.000868,3,252.62
2026-01-10,1,10,5,2,1,0,0,0,credit_card,mobile_app,west,premium,android,0,0,0,2484,144.9,1264,31,21,11,2,9,0.0284,0.8519,0.1481,0.4712,0.000644,1,113.11
2026-01-10,1,10,5,2,1,0,0,0,credit_card,mobile_app,west,retail,ios,0,0,0,3723,102.04,1618,37,22,6,4,18,0.0188,0.8642,0.1358,0.3484,0.000928,2,286.76
2026-01-10,1,10,5,2,1,0,0,0,credit_card,web,east,premium,desktop,0,0,0,1295,66.06,459,18,9,7,2,4,0.0167,0.8517,0.1483,0.2371,0.000463,1,132.44
2026-01-10,1,10,5,2,1,0,0,0,credit_card,web,east,retail,desktop,0,0,0,1710,101.04,764,16,11,7,1,8,0.0254,0.8567,0.1433,0.2767,0.000675,1,137.13
2026-01-10,1,10,5,2,1,0,0,0,credit_card,web,north,premium,desktop,0,0,0,1253,71.01,819,11,17,2,1,10,0.0265,0.8616,0.1384,0.2779,0.000475,1,21.07
2026-01-10,1,10,5,2,1,0,0,0,credit_card,web,north,retail,desktop,0,0,0,2122,46.09,1060,25,22,9,2,12,0.0213,0.8597,0.1403,0.2332,0.000696,1,53.05
2026-01-10,1,10,5,2,1,0,0,0,credit_card,web,south,premium,ios,0,0,0,1872,69.35,685,15,18,8,6,15,0.0179,0.8586,0.1414,0.2045,0.000528,1,93.05
2026-01-10,1,10,5,2,1,0,0,0,credit_card,web,south,retail,ios,0,0,0,3010,63.51,1567,20,13,10,4,7,0.0175,0.8562,0.1438,0.2701,0.000742,0,14.82
2026-01-10,1,10,5,2,1,0,0,0,credit_card,web,west,premium,desktop,0,0,0,1350,122.8,419,5,14,3,2,4,0.0158,0.8468,0.1532,0.2798,0.00056,0,0.0
2026-01-10,1,10,5,2,1,0,0,0,credit_card,web,west,retail,android,0,0,0,3133,61.48,1197,32,16,5,1,13,0.022,0.8509,0.1491,0.4126,0.000757,2,144.57
2026-01-10,1,10,5,2,1,0,0,0,debit_card,branch,east,premium,desktop,0,0,0,412,31.7,188,11,13,7,0,6,0.0299,0.8544,0.1456,0.2844,0.000255,0,42.56
2026-01-10,1,10,5,2,1,0,0,0,debit_card,branch,east,retail,desktop,0,0,0,561,58.5,168,18,5,7,3,4,0.0201,0.8569,0.1431,0.1981,0.000351,1,68.2
2026-01-10,1,10,5,2,1,0,0,0,debit_card,branch,north,premium,desktop,0,0,0,492,61.43,280,11,13,5,2,4,0.0238,0.8361,0.1639,0.2616,0.000277,0,0.0
2026-01-10,1,10,5,2,1,0,0,0,debit_card,branch,north,retail,desktop,0,0,0,646,42.49,301,23,20,2,1,6,0.0211,0.8627,0.1373,0.2422,0.000374,0,23.37
2026-01-10,1,10,5,2,1,0,0,0,debit_card,branch,south,premium,desktop,0,0,0,473,74.38,153,5,12,9,0,4,0.0187,0.8512,0.1488,0.2918,0.000293,0,33.76
2026-01-10,1,10,5,2,1,0,0,0,debit_card,branch,south,retail,desktop,0,0,0,638,62.68,266,27,12,2,0,5,0.0163,0.8388,0.1612,0.2598,0.000381,0,0.0
2026-01-10,1,10,5,2,1,0,0,0,debit_card,branch,west,premium,desktop,0,0,0,450,60.04,153,14,17,6,0,9,0.0156,0.835,0.165,0.224,0.000312,0,38.18
2026-01-10,1,10,5,2,1,0,0,0,debit_card,branch,west,retail,desktop,0,0,0,684,43.59,253,16,12,7,3,5,0.0159,0.8564,0.1436,0.219,0.000431,0,0.0
2026-01-10,1,10,5,2,1,0,0,0,debit_card,mobile_app,east,premium,android,0,0,0,2022,43.35,686,11,16,10,0,5,0.0178,0.853,0.147,0.5166,0.000408,0,0.0
2026-01-10,1,10,5,2,1,0,0,0,debit_card,mobile_app,east,retail,android,0,0,0,2617,72.11,1474,28,25,9,1,18,0.0192,0.8654,0.1346,0.5324,0.000608,1,79.74
2026-01-10,1,10,5,2,1,0,0,0,debit_card,mobile_app,north,premium,android,0,0,0,1977,37.34,906,11,24,6,0,9,0.0201,0.8582,0.1418,0.4816,0.00045,1,63.49
2026-01-10,1,10,5,2,1,0,0,0,debit_card,mobile_app,north,retail,ios,0,0,0,2803,48.63,1848,33,23,14,3,9,0.0219,0.8449,0.1551,0.3793,0.000628,1,0.0
2026-01-10,1,10,5,2,1,0,0,0,debit_card,mobile_app,south,premium,ios,0,0,0,2039,60.4,977,25,31,5,2,21,0.0203,0.8413,0.1587,0.359,0.000482,1,4.26
2026-01-10,1,10,5,2,1,0,0,0,debit_card,mobile_app,south,retail,ios,0,0,0,2656,60.6,811,28,21,4,2,8,0.0161,0.8539,0.1461,0.3757,0.000689,1,79.31
2026-01-10,1,10,5,2,1,0,0,0,debit_card,mobile_app,west,premium,android,0,0,0,1999,73.03,1034,15,30,5,1,21,0.0176,0.8556,0.1444,0.5943,0.000505,1,81.13
2026-01-10,1,10,5,2,1,0,0,0,debit_card,mobile_app,west,retail,ios,0,0,0,3163,34.03,1756,33,20,12,3,20,0.0238,0.8617,0.1383,0.3551,0.000677,4,125.02
2026-01-10,1,10,5,2,1,0,0,0,debit_card,web,east,premium,ios,0,0,0,1518,54.1,465,17,14,8,0,3,0.0168,0.855,0.145,0.2669,0.000372,0,0.0
2026-01-10,1,10,5,2,1,0,0,0,debit_card,web,east,retail,desktop,0,0,0,1635,62.17,477,17,16,9,1,12,0.0183,0.8569,0.1431,0.2797,0.000514,2,167.31
2026-01-10,1,10,5,2,1,0,0,0,debit_card,web,north,premium,android,0,0,0,1679,37.79,507,9,13,4,0,7,0.0182,0.8315,0.1685,0.4537,0.000402,0,95.22
2026-01-10,1,10,5,2,1,0,0,0,debit_card,web,north,retail,desktop,0,0,0,1694,76.55,981,19,15,10,5,19,0.0225,0.8385,0.1615,0.2964,0.000543,3,279.86
2026-01-10,1,10,5,2,1,0,0,0,debit_card,web,south,premium,desktop,0,0,0,1050,65.8,346,13,11,4,1,10,0.0264,0.8544,0.1456,0.3026,0.00041,2,129.13
2026-01-10,1,10,5,2,1,0,0,0,debit_card,web,south,retail,ios,0,0,0,2441,59.45,1156,16,12,5,3,9,0.0191,0.8648,0.1352,0.2983,0.000559,2,138.18
2026-01-10,1,10,5,2,1,0,0,0,debit_card,web,west,premium,desktop,0,0,0,1370,66.38,487,5,15,6,1,8,0.0113,0.848,0.152,0.2819,0.000453,1,52.34
2026-01-10,1,10,5,2,1,0,0,0,debit_card,web,west,retail,desktop,0,0,0,1654,49.97,512,20,25,5,0,12,0.0163,0.8464,0.1536,0.2111,0.000586,0,25.81
2026-01-10,1,10,5,2,1,0,0,0,digital_wallet,branch,east,premium,desktop,0,0,0,395,58.86,161,7,11,4,0,7,0.011,0.8635,0.1365,0.262,0.000371,0,0.0
2026-01-10,1,10,5,2,1,0,0,0,digital_wallet,branch,east,retail,desktop,0,0,0,428,109.64,162,16,13,5,1,4,0.0228,0.8393,0.1607,0.224,0.00053,0,43.92
2026-01-10,1,10,5,2,1,0,0,0,digital_wallet,branch,north,premium,desktop,0,0,0,419,32.35,140,6,14,6,1,5,0.0189,0.8375,0.1625,0.2263,0.000366,0,1.76
2026-01-10,1,10,5,2,1,0,0,0,digital_wallet,branch,north,retail,desktop,0,0,0,598,62.34,166,13,10,6,2,6,0.0167,0.8549,0.1451,0.2006,0.000549,0,36.67
2026-01-10,1,10,5,2,1,0,0,0,digital_wallet,branch,south,premium,desktop,0,0,0,270,87.52,106,8,17,8,1,11,0.031,0.8533,0.1467,0.2904,0.000398,0,5.63
2026-01-10,1,10,5,2,1,0,0,0,digital_wallet,branch,south,retail,desktop,0,0,0,537,75.45,252,22,9,5,4,5,0.0175,0.8615,0.1385,0.2338,0.000586,1,123.73
2026-01-10,1,10,5,2,1,0,0,0,digital_wallet,branch,west,premium,desktop,0,0,0,361,40.29,100,6,8,4,0,2,0.0206,0.8623,0.1377,0.2753,0.00042,0,31.96
2026-01-10,1,10,5,2,1,0,0,0,digital_wallet,branch,west,retail,desktop,0,0,0,559,51.19,185,18,12,5,7,4,0.0291,0.8516,0.1484,0.2646,0.000654,0,0.0
2026-01-10,1,10,5,2,1,0,0,0,digital_wallet,mobile_app,east,premium,ios,0,0,0,1566,55.43,872,13,29,6,1,8,0.0229,0.8544,0.1456,0.3594,0.000616,1,0.0
2026-01-10,1,10,5,2,1,0,0,0,digital_wallet,mobile_app,east,retail,ios,0,0,0,2362,51.75,831,24,25,14,2,12,0.0241,0.8603,0.1397,0.3597,0.00083,2,120.07
2026-01-10,1,10,5,2,1,0,0,0,digital_wallet,mobile_app,north,premium,android,0,0,0,1696,82.69,857,9,31,12,3,8,0.0167,0.8529,0.1471,0.5019,0.000663,0,66.41
2026-01-10,1,10,5,2,1,0,0,0,digital_wallet,mobile_app,north,retail,android,0,0,0,2788,60.92,1384,19,21,9,4,13,0.0242,0.8499,0.1501,0.5436,0.000907,2,107.65
2026-01-10,1,10,5,2,1,0,0,0,digital_wallet,mobile_app,south,premium,ios,0,0,0,1569,67.46,948,11,18,14,1,3,0.0212,0.8467,0.1533,0.3339,0.000738,0,0.0
2026-01-10,1,10,5,2,1,0,0,0,digital_wallet,mobile_app,south,retail,ios,0,0,0,1809,53.94,704,21,21,7,4,22,0.026,0.8788,0.1212,0.333,0.000964,4,183.01
2026-01-10,1,10,5,2,1,0,0,0,digital_wallet,mobile_app,west,premium,android,0,0,0,1781,53.86,818,14,29,8,4,15,0.0127,0.8546,0.1454,0.5762,0.000762,2,130.55
2026-01-10,1,10,5,2,1,0,0,0,digital_wallet,mobile_app,west,retail,android,0,0,0,2894,48.43,1128,20,24,9,0,12,0.0159,0.8454,0.1546,0.4924,0.001016,0,30.58
2026-01-10,1,10,5,2,1,0,0,0,digital_wallet,web,east,premium,desktop,0,0,0,930,56.06,516,8,9,6,3,5,0.0263,0.8409,0.1591,0.2275,0.000548,1,135.59
2026-01-10,1,10,5,2,1,0,0,0,digital_wallet,web,east,retail,desktop,0,0,0,1387,52.68,577,14,24,8,1,12,0.017,0.8418,0.1582,0.3061,0.000778,2,108.15
2026-01-10,1,10,5,2,1,0,0,0,digital_wallet,web,north,premium,desktop,0,0,0,962,44.5,341,4,16,8,1,9,0.0278,0.8463,0.1537,0.3002,0.000538,0,0.0
2026-01-10,1,10,5,2,1,0,0,0,digital_wallet,web,north,retail,desktop,0,0,0,1341,133.03,601,16,26,8,2,13,0.0289,0.8431,0.1569,0.2611,0.000809,1,170.48
2026-01-10,1,10,5,2,1,0,0,0,digital_wallet,web,south,premium,ios,0,0,0,1369,81.32,791,8,10,4,1,7,0.0241,0.8362,0.1638,0.2507,0.00059,2,81.21
2026-01-10,1,10,5,2,1,0,0,0,digital_wallet,web,south,retail,desktop,0,0,0,1412,77.62,522,17,29,10,4,17,0.0204,0.8484,0.1516,0.2361,0.00087,1,132.74
2026-01-10,1,10,5,2,1,0,0,0,digital_wallet,web,west,premium,desktop,0,0,0,1047,72.22,401,10,13,4,2,11,0.0183,0.8617,0.1383,0.237,0.000611,1,48.03
2026-01-10,1,10,5,2,1,0,0,0,digital_wallet,web,west,retail,desktop,0,0,0,1565,33.6,711,20,11,10,8,6,0.0199,0.854,0.146,0.2399,0.000926,0,35.16
2026-01-11,1,11,6,2,1,0,0,0,credit_card,branch,east,premium,desktop,0,0,0,620,81.39,362,14,10,5,2,3,0.0257,0.8529,0.1471,0.2373,0.000338,0,0.12
2026-01-11,1,11,6,2,1,0,0,0,credit_card,branch,east,retail,desktop,0,0,0,815,61.91,233,19,18,2,2,3,0.0243,0.8302,0.1698,0.2587,0.000468,0,0.0
2026-01-11,1,11,6,2,1,0,0,0,credit_card,branch,north,premium,desktop,0,0,0,576,102.61,226,7,11,7,1,4,0.012,0.8505,0.1495,0.2745,0.000372,0,2.95
2026-01-11,1,11,6,2,1,0,0,0,credit_card,branch,north,retail,desktop,0,0,0,858,38.79,508,22,11,3,2,4,0.0174,0.865,0.135,0.2191,0.000473,1,43.93
2026-01-11,1,11,6,2,1,0,0,0,credit_card,branch,south,premium,desktop,0,0,0,568,93.5,182,13,15,3,1,10,0.0239,0.8565,0.1435,0.2573,0.000375,0,11.14
2026-01-11,1,11,6,2,1,0,0,0,credit_card,branch,south,retail,desktop,0,0,0,728,70.59,230,28,11,5,2,6,0.0102,0.8765,0.1235,0.2625,0.000542,0,0.0
2026-01-11,1,11,6,2,1,0,0,0,credit_card,branch,west,premium,desktop,0,0,0,523,86.04,187,6,8,3,1,3,0.02,0.8496,0.1504,0.2918,0.000393,0,0.0
2026-01-11,1,11,6,2,1,0,0,0,credit_card,branch,west,retail,desktop,0,0,0,745,62.03,293,20,4,5,3,1,0.0195,0.8657,0.1343,0.3007,0.000552,0,0.0
2026-01-11,1,11,6,2,1,0,0,0,credit_card,mobile_app,east,premium,android,0,0,0,2433,84.67,711,16,18,9,1,20,0.0281,0.8577,0.1423,0.49,0.000528,3,299.42
2026-01-11,1,11,6,2,1,0,0,0,credit_card,mobile_app,east,retail,android,0,0,0,3175,44.9,2038,32,23,12,4,18,0.0201,0.8511,0.1489,0.5797,0.000769,3,130.14
2026-01-11,1,11,6,2,1,0,0,0,credit_card,mobile_app,north,premium,ios,0,0,0,2327,52.05,968,23,22,7,4,14,0.0183,0.8372,0.1628,0.3607,0.000564,1,93.7
2026-01-11,1,11,6,2,1,0,0,0,credit_card,mobile_app,north,retail,ios,0,0,0,3075,113.02,1057,39,31,14,1,31,0.0181,0.8692,0.1308,0.3419,0.000801,4,610.35
2026-01-11,1,11,6,2,1,0,0,0,credit_card,mobile_app,south,premium,android,0,0,0,2333,102.36,727,20,27,14,1,5,0.0159,0.8466,0.1534,0.5325,0.000604,0,28.92
2026-01-11,1,11,6,2,1,0,0,0,credit_card,mobile_app,south,retail,android,0,0,0,3567,40.46,2197,27,19,8,4,12,0.0291,0.8502,0.1498,0.5345,0.000847,2,73.5
2026-01-11,1,11,6,2,1,0,0,0,credit_card,mobile_app,west,premium,ios,0,0,0,2394,119.77,691,15,25,19,0,17,0.028,0.8559,0.1441,0.368,0.000646,3,444.48
2026-01-11,1,11,6,2,1,0,0,0,credit_card,mobile_app,west,retail,ios,0,0,0,3385,142.3,1791,44,28,12,3,14,0.0279,0.86,0.14,0.3512,0.000925,0,33.83
2026-01-11,1,11,6,2,1,0,0,0,credit_card,web,east,premium,desktop,0,0,0,1233,66.95,409,9,11,9,0,10,0.0192,0.8326,0.1674,0.2945,0.000466,1,27.82
2026-01-11,1,11,6,2,1,0,0,0,credit_card,web,east,retail,ios,0,0,0,2763,76.28,1047,19,15,4,2,13,0.0289,0.849,0.151,0.2237,0.000665,2,263.92
2026-01-11,1,11,6,2,1,0,0,0,credit_card,web,north,premium,android,0,0,0,2168,46.59,1136,12,13,6,0,15,0.0239,0.8724,0.1276,0.4264,0.000492,3,191.46
2026-01-11,1,11,6,2,1,0,0,0,credit_card,web,north,retail,ios,0,0,0,2587,98.01,1464,22,14,5,2,6,0.0197,0.8764,0.1236,0.2658,0.000718,1,134.15
2026-01-11,1,11,6,2,1,0,0,0,credit_card,web,south,premium,desktop,0,0,0,1183,75.48,472,13,13,3,2,9,0.0183,0.8644,0.1356,0.2697,0.000519,1,72.4
2026-01-11,1,11,6,2,1,0,0,0,credit_card,web,south,retail,desktop,0,0,0,1756,73.39,789,26,14,6,2,8,0.0211,0.859,0.141,0.2563,0.000718,0,18.45
2026-01-11,1,11,6,2,1,0,0,0,credit_card,web,west,premium,desktop,0,0,0,1675,108.45,1098,12,21,5,4,14,0.0218,0.8342,0.1658,0.2251,0.000525,1,169.52
2026-01-11,1,11,6,2,1,0,0,0,credit_card,web,west,retail,desktop,0,0,0,2238,75.14,760,29,23,5,6,10,0.0212,0.8536,0.1464,0.2577,0.000798,0,46.81
2026-01-11,1,11,6,2,1,0,0,0,debit_card,branch,east,premium,desktop,0,0,0,458,38.11,221,11,7,8,1,2,0.0134,0.8568,0.1432,0.2581,0.000251,0,0.0
2026-01-11,1,11,6,2,1,0,0,0,debit_card,branch,east,retail,desktop,0,0,0,676,52.95,200,19,11,7,1,6,0.0167,0.8498,0.1502,0.2101,0.000366,0,35.24
2026-01-11,1,11,6,2,1,0,0,0,debit_card,branch,north,premium,desktop,0,0,0,477,51.54,256,6,6,5,1,4,0.0171,0.8478,0.1522,0.238,0.000265,1,45.0
2026-01-11,1,11,6,2,1,0,0,0,debit_card,branch,north,retail,desktop,0,0,0,764,63.28,430,16,14,6,3,9,0.0167,0.8387,0.1613,0.2523,0.000388,0,0.0
2026-01-11,1,11,6,2,1,0,0,0,debit_card,branch,south,premium,desktop,0,0,0,382,44.06,112,12,14,6,1,7,0.0236,0.8437,0.1563,0.2765,0.000285,0,20.3
2026-01-11,1,11,6,2,1,0,0,0,debit_card,branch,south,retail,desktop,0,0,0,658,23.24,250,24,8,6,1,5,0.0224,0.854,0.146,0.2593,0.000389,0,0.0
2026-01-11,1,11,6,2,1,0,0,0,debit_card,branch,west,premium,desktop,0,0,0,584,96.18,331,9,10,10,1,8,0.0153,0.8476,0.1524,0.2839,0.000313,1,106.22
2026-01-11,1,11,6,2,1,0,0,0,debit_card,branch,west,retail,desktop,0,0,0,693,86.79,216,17,11,0,1,4,0.0158,0.8509,0.1491,0.3321,0.000418,0,2.39
2026-01-11,1,11,6,2,1,0,0,0,debit_card,mobile_app,east,premium,android,0,0,0,2143,69.19,689,18,15,15,2,8,0.022,0.857,0.143,0.5286,0.000407,0,0.0
2026-01-11,1,11,6,2,1,0,0,0,debit_card,mobile_app,east,retail,ios,0,0,0,2434,145.79,864,32,8,8,1,8,0.0239,0.8478,0.1522,0.3381,0.000581,2,309.73
2026-01-11,1,11,6,2,1,0,0,0,debit_card,mobile_app,north,premium,android,0,0,0,2155,92.51,647,11,26,7,0,13,0.0228,0.8517,0.1483,0.5232,0.000445,1,88.05
2026-01-11,1,11,6,2,1,0,0,0,debit_card,mobile_app,north,retail,android,0,0,0,2616,91.74,1025,28,29,10,1,21,0.0174,0.8637,0.1363,0.4645,0.000639,4,449.75
2026-01-11,1,11,6,2,1,0,0,0,debit_card,mobile_app,south,premium,android,0,0,0,1772,64.9,1056,11,34,11,1,20,0.0149,0.8405,0.1595,0.5736,0.000466,0,0.0
2026-01-11,1,11,6,2,1,0,0,0,debit_card,mobile_app,south,retail,android,0,0,0,2918,39.91,1672,27,25,10,3,9,0.0171,0.8596,0.1404,0.5457,0.000662,1,34.05
2026-01-11,1,11,6,2,1,0,0,0,debit_card,mobile_app,west,premium,android,0,0,0,1711,56.24,824,15,29,11,0,13,0.0171,0.846,0.154,0.4979,0.000494,2,101.11
2026-01-11,1,11,6,2,1,0,0,0,debit_card,mobile_app,west,retail,ios,0,0,0,3631,77.32,1160,38,19,8,2,31,0.0196,0.8459,0.1541,0.3723,0.000685,6,381.72
2026-01-11,1,11,6,2,1,0,0,0,debit_card,web,east,premium,desktop,0,0,0,1048,78.18,301,11,19,9,0,5,0.0251,0.8589,0.1411,0.2766,0.000375,0,0.0
2026-01-11,1,11,6,2,1,0,0,0,debit_card,web,east,retail,desktop,0,0,0,1638,62.09,691,31,12,11,4,8,0.0122,0.8568,0.1432,0.2357,0.000526,1,93.3
2026-01-11,1,11,6,2,1,0,0,0,debit_card,web,north,premium,desktop,0,0,0,1060,57.33,490,18,14,6,2,4,0.0234,0.8318,0.1682,0.2814,0.000367,0,19.17
2026-01-11,1,11,6,2,1,0,0,0,debit_card,web,north,retail,desktop,0,0,0,1797,42.06,542,18,17,9,4,8,0.0194,0.8405,0.1595,0.1931,0.000534,2,67.25
2026-01-11,1,11,6,2,1,0,0,0,debit_card,web,south,premium,ios,0,0,0,1524,71.16,755,9,17,5,1,12,0.0218,0.8603,0.1397,0.2711,0.000412,1,96.21
2026-01-11,1,11,6,2,1,0,0,0,debit_card,web,south,retail,android,0,0,0,2254,50.9,1323,20,16,8,2,5,0.0203,0.8602,0.1398,0.4376,0.000597,1,40.36
2026-01-11,1,11,6,2,1,0,0,0,debit_card,web,west,premium,desktop,0,0,0,1231,45.6,622,10,12,5,1,11,0.0163,0.8504,0.1496,0.3222,0.000447,2,159.26
2026-01-11,1,11,6,2,1,0,0,0,debit_card,web,west,retail,desktop,0,0,0,1960,75.22,1084,20,16,5,3,7,0.0317,0.8658,0.1342,0.3011,0.000582,1,127.09
2026-01-11,1,11,6,2,1,0,0,0,digital_wallet,branch,east,premium,desktop,0,0,0,313,34.15,100,12,10,6,1,5,0.0172,0.8532,0.1468,0.2191,0.000377,0,62.4
2026-01-11,1,11,6,2,1,0,0,0,digital_wallet,branch,east,retail,desktop,0,0,0,532,77.08,227,21,10,6,4,3,0.0174,0.8419,0.1581,0.2626,0.000521,0,29.97
2026-01-11,1,11,6,2,1,0,0,0,digital_wallet,branch,north,premium,desktop,0,0,0,414,70.96,150,10,14,8,2,7,0.0181,0.8277,0.1723,0.275,0.000402,0,0.0
2026-01-11,1,11,6,2,1,0,0,0,digital_wallet,branch,north,retail,desktop,0,0,0,506,116.1,182,23,19,5,2,7,0.0254,0.8426,0.1574,0.2789,0.000573,0,11.6
2026-01-11,1,11,6,2,1,0,0,0,digital_wallet,branch,south,premium,desktop,0,0,0,363,80.6,143,16,11,6,1,7,0.0231,0.8629,0.1371,0.2167,0.000427,1,155.07
2026-01-11,1,11,6,2,1,0,0,0,digital_wallet,branch,south,retail,desktop,0,0,0,583,96.7,375,12,16,5,2,7,0.0209,0.8553,0.1447,0.224,0.000608,0,19.56
2026-01-11,1,11,6,2,1,0,0,0,digital_wallet,branch,west,premium,desktop,0,0,0,368,86.37,138,6,6,6,0,1,0.0183,0.8541,0.1459,0.2348,0.000465,0,21.09
2026-01-11,1,11,6,2,1,0,0,0,digital_wallet,branch,west,retail,desktop,0,0,0,671,62.24,216,18,22,2,1,9,0.0198,0.8354,0.1646,0.2288,0.000612,0,2.71
2026-01-11,1,11,6,2,1,0,0,0,digital_wallet,mobile_app,east,premium,ios,0,0,0,1369,95.07,455,9,26,13,2,18,0.0202,0.8554,0.1446,0.3828,0.000626,2,149.46
2026-01-11,1,11,6,2,1,0,0,0,digital_wallet,mobile_app,east,retail,android,0,0,0,2387,23.92,1602,26,17,10,9,17,0.0195,0.8489,0.1511,0.4586,0.00088,4,112.18
2026-01-11,1,11,6,2,1,0,0,0,digital_wallet,mobile_app,north,premium,android,0,0,0,1963,80.26,675,19,27,13,6,18,0.021,0.8482,0.1518,0.4721,0.000691,2,143.49
2026-01-11,1,11,6,2,1,0,0,0,digital_wallet,mobile_app,north,retail,ios,0,0,0,2592,35.77,890,26,21,8,4,10,0.0205,0.8438,0.1562,0.3159,0.000906,1,57.24
2026-01-11,1,11,6,2,1,0,0,0,digital_wallet,mobile_app,south,premium,android,0,0,0,1419,50.36,905,12,27,10,5,11,0.0212,0.8526,0.1474,0.5369,0.000717,0,34.34
2026-01-11,1,11,6,2,1,0,0,0,digital_wallet,mobile_app,south,retail,ios,0,0,0,2800,55.42,1147,25,21,9,2,8,0.0273,0.8487,0.1513,0.3576,0.000997,1,36.75
2026-01-11,1,11,6,2,1,0,0,0,digital_wallet,mobile_app,west,premium,android,0,0,0,1749,115.66,1115,16,17,15,3,12,0.0202,0.8575,0.1425,0.5227,0.000749,1,142.45
2026-01-11,1,11,6,2,1,0,0,0,digital_wallet,mobile_app,west,retail,android,0,0,0,2272,61.1,709,18,23,20,3,11,0.0167,0.8572,0.1428,0.489,0.000998,2,130.17
2026-01-11,1,11,6,2,1,0,0,0,digital_wallet,web,east,premium,ios,0,0,0,1244,77.55,556,7,19,4,2,10,0.0215,0.8401,0.1599,0.2592,0.000526,1,172.55
2026-01-11,1,11,6,2,1,0,0,0,digital_wallet,web,east,retail,desktop,0,0,0,1253,68.01,359,12,17,6,2,9,0.0216,0.8454,0.1546,0.2141,0.000756,0,2.91
2026-01-11,1,11,6,2,1,0,0,0,digital_wallet,web,north,premium,desktop,0,0,0,897,104.0,302,12,20,5,1,11,0.0198,0.8577,0.1423,0.257,0.000566,0,8.18
2026-01-11,1,11,6,2,1,0,0,0,digital_wallet,web,north,retail,android,0,0,0,1963,35.87,662,12,10,9,1,3,0.0174,0.8396,0.1604,0.4417,0.000776,0,4.64
2026-01-11,1,11,6,2,1,0,0,0,digital_wallet,web,south,premium,desktop,0,0,0,912,44.71,585,9,18,7,2,12,0.0229,0.8583,0.1417,0.2861,0.00061,1,12.29
2026-01-11,1,11,6,2,1,0,0,0,digital_wallet,web,south,retail,desktop,0,0,0,1439,47.86,702,14,13,8,2,12,0.0239,0.8435,0.1565,0.2885,0.000861,2,90.11
2026-01-11,1,11,6,2,1,0,0,0,digital_wallet,web,west,premium,desktop,0,0,0,1052,47.75,595,8,12,8,3,5,0.022,0.8639,0.1361,0.3205,0.000629,0,0.0
2026-01-11,1,11,6,2,1,0,0,0,digital_wallet,web,west,retail,desktop,0,0,0,1386,60.99,494,10,21,7,3,18,0.0227,0.8652,0.1348,0.2479,0.000862,2,144.8
2026-01-12,1,12,0,3,0,0,0,0,credit_card,branch,east,premium,desktop,0,0,0,537,76.55,256,13,7,4,2,3,0.0202,0.8605,0.1395,0.2772,0.000329,0,0.0
2026-01-12,1,12,0,3,0,0,0,0,credit_card,branch,east,retail,desktop,0,0,0,870,49.0,520,28,10,4,2,7,0.0239,0.8608,0.1392,0.257,0.000475,1,73.89
2026-01-12,1,12,0,3,0,0,0,0,credit_card,branch,north,premium,desktop,0,0,0,535,45.46,219,7,9,5,0,3,0.0223,0.864,0.136,0.2453,0.000355,0,29.49
2026-01-12,1,12,0,3,0,0,0,0,credit_card,branch,north,retail,desktop,0,0,0,964,47.34,333,26,8,10,1,7,0.0218,0.8546,0.1454,0.257,0.000498,1,50.87
2026-01-12,1,12,0,3,0,0,0,0,credit_card,branch,south,premium,desktop,0,0,0,638,69.24,220,12,12,5,1,7,0.021,0.8556,0.1444,0.2571,0.000373,1,113.95
2026-01-12,1,12,0,3,0,0,0,0,credit_card,branch,south,retail,desktop,0,0,0,767,103.67,400,30,15,3,1,16,0.0148,0.8584,0.1416,0.2191,0.000525,4,422.81
2026-01-12,1,12,0,3,0,0,0,0,credit_card,branch,west,premium,desktop,0,0,0,573,57.36,195,16,14,5,3,3,0.0201,0.8726,0.1274,0.2783,0.000389,0,0.22
2026-01-12,1,12,0,3,0,0,0,0,credit_card,branch,west,retail,desktop,0,0,0,1104,131.65,560,21,6,3,1,5,0.0181,0.8565,0.1435,0.2084,0.000545,1,179.03
2026-01-12,1,12,0,3,0,0,0,0,credit_card,mobile_app,east,premium,android,0,0,0,2514,42.66,861,17,30,6,3,18,0.0168,0.8409,0.1591,0.5671,0.000542,0,54.22
2026-01-12,1,12,0,3,0,0,0,0,credit_card,mobile_app,east,retail,android,0,0,0,3656,68.62,1452,28,22,10,5,15,0.0178,0.8475,0.1525,0.5237,0.00081,2,173.24
2026-01-12,1,12,0,3,0,0,0,0,credit_card,mobile_app,north,premium,ios,0,0,0,2284,93.79,1487,19,18,7,1,9,0.019,0.851,0.149,0.3759,0.000542,0,4.68
2026-01-12,1,12,0,3,0,0,0,0,credit_card,mobile_app,north,retail,android,0,0,0,4444,53.72,2355,37,21,18,3,9,0.0175,0.8713,0.1287,0.48,0.000812,1,99.77
2026-01-12,1,12,0,3,0,0,0,0,credit_card,mobile_app,south,premium,ios,0,0,0,2092,87.55,1006,13,20,7,3,13,0.0258,0.8607,0.1393,0.3088,0.000606,1,90.5
2026-01-12,1,12,0,3,0,0,0,0,credit_card,mobile_app,south,retail,android,0,0,0,4074,80.76,1467,32,24,13,4,23,0.0237,0.8579,0.1421,0.4783,0.000899,5,424.86
2026-01-12,1,12,0,3,0,0,0,0,credit_card,mobile_app,west,premium,ios,0,0,0,3002,85.81,1373,15,18,16,4,9,0.0209,0.8588,0.1412,0.3147,0.000627,1,127.13
2026-01-12,1,12,0,3,0,0,0,0,credit_card,mobile_app,west,retail,android,0,0,0,3915,112.73,1288,25,22,12,6,18,0.0245,0.8555,0.1445,0.592,0.000864,3,520.51
2026-01-12,1,12,0,3,0,0,0,0,credit_card,web,east,premium,desktop,0,0,0,1490,41.27,960,9,8,2,2,4,0.0152,0.8804,0.1196,0.2816,0.000458,0,18.26
2026-01-12,1,12,0,3,0,0,0,0,credit_card,web,east,retail,ios,0,0,0,2924,75.17,1400,25,13,9,2,16,0.0159,0.8769,0.1231,0.2755,0.00065,3,285.41
2026-01-12,1,12,0,3,0,0,0,0,credit_card,web,north,premium,ios,0,0,0,1716,28.73,620,8,17,5,0,12,0.0245,0.867,0.133,0.3163,0.000474,2,45.04
2026-01-12,1,12,0,3,0,0,0,0,credit_card,web,north,retail,desktop,0,0,0,2433,79.15,859,24,8,6,1,10,0.0194,0.8418,0.1582,0.3136,0.000672,2,301.64
2026-01-12,1,12,0,3,0,0,0,0,credit_card,web,south,premium,desktop,0,0,0,1422,74.21,554,12,13,1,2,4,0.0229,0.8588,0.1412,0.2531,0.000521,0,0.0
2026-01-12,1,12,0,3,0,0,0,0,credit_card,web,south,retail,desktop,0,0,0,1920,82.24,817,26,16,8,5,15,0.019,0.8683,0.1317,0.2635,0.000733,4,523.89
2026-01-12,1,12,0,3,0,0,0,0,credit_card,web,west,premium,desktop,0,0,0,1649,70.43,553,10,18,9,4,5,0.0211,0.8692,0.1308,0.2959,0.000555,0,47.15
2026-01-12,1,12,0,3,0,0,0,0,credit_card,web,west,retail,desktop,0,0,0,2263,30.48,910,24,14,12,4,21,0.0217,0.8611,0.1389,0.226,0.000767,4,126.81
2026-01-12,1,12,0,3,0,0,0,0,debit_card,branch,east,premium,desktop,0,0,0,492,52.45,218,9,7,2,2,4,0.014,0.8523,0.1477,0.214,0.000242,0,0.0
2026-01-12,1,12,0,3,0,0,0,0,debit_card,branch,east,retail,desktop,0,0,0,678,27.14,243,26,10,5,0,4,0.0164,0.851,0.149,0.2548,0.000362,0,0.0
2026-01-12,1,12,0,3,0,0,0,0,debit_card,branch,north,premium,desktop,0,0,0,535,50.62,157,15,15,7,1,6,0.0127,0.8699,0.1301,0.2339,0.000263,0,0.0
2026-01-12,1,12,0,3,0,0,0,0,debit_card,branch,north,retail,desktop,0,0,0,774,63.28,353,26,10,4,2,4,0.0207,0.8551,0.1449,0.2687,0.000383,0,11.89
2026-01-12,1,12,0,3,0,0,0,0,debit_card,branch,south,premium,desktop,0,0,0,498,61.56,165,15,13,6,0,2,0.0187,0.868,0.132,0.2744,0.000276,0,40.94
2026-01-12,1,12,0,3,0,0,0,0,debit_card,branch,south,retail,desktop,0,0,0,819,97.44,254,17,8,6,0,2,0.0177,0.854,0.146,0.2248,0.000423,0,20.48
2026-01-12,1,12,0,3,0,0,0,0,debit_card,branch,west,premium,desktop,0,0,0,512,101.99,268,15,7,5,2,8,0.0168,0.8648,0.1352,0.3317,0.00031,2,203.78
2026-01-12,1,12,0,3,0,0,0,0,debit_card,branch,west,retail,desktop,0,0,0,898,29.47,283,14,11,5,1,4,0.0138,0.8581,0.1419,0.2576,0.000421,0,0.0
2026-01-12,1,12,0,3,0,0,0,0,debit_card,mobile_app,east,premium,ios,0,0,0,2181,34.34,793,13,21,13,1,8,0.0241,0.8565,0.1435,0.339,0.000425,0,0.0
2026-01-12,1,12,0,3,0,0,0,0,debit_card,mobile_app,east,retail,ios,0,0,0,3016,47.65,1029,29,21,14,2,14,0.0202,0.8785,0.1215,0.4241,0.000571,3,56.19
2026-01-12,1,12,0,3,0,0,0,0,debit_card,mobile_app,north,premium,ios,0,0,0,2090,83.42,808,20,27,11,0,11,0.0221,0.8662,0.1338,0.3783,0.00044,1,24.96
2026-01-12,1,12,0,3,0,0,0,0,debit_card,mobile_app,north,retail,android,0,0,0,4067,36.32,1266,22,19,12,3,6,0.0235,0.865,0.135,0.481,0.00063,1,10.03
2026-01-12,1,12,0,3,0,0,0,0,debit_card,mobile_app,south,premium,ios,0,0,0,2187,33.42,801,14,23,13,1,17,0.0203,0.8587,0.1413,0.3116,0.000485,1,101.44
2026-01-12,1,12,0,3,0,0,0,0,debit_card,mobile_app,south,retail,android,0,0,0,3076,61.68,1049,26,19,10,5,7,0.0192,0.863,0.137,0.5433,0.000672,0,22.98
2026-01-12,1,12,0,3,0,0,0,0,debit_card,mobile_app,west,premium,android,0,0,0,2559,51.3,1479,16,24,7,0,17,0.0196,0.8694,0.1306,0.574,0.000495,1,0.0
2026-01-12,1,12,0,3,0,0,0,0,debit_card,mobile_app,west,retail,ios,0,0,0,3325,133.22,1109,25,19,9,3,8,0.0237,0.8695,0.1305,0.3419,0.000684,1,146.75
2026-01-12,1,12,0,3,0,0,0,0,debit_card,web,east,premium,android,0,0,0,1893,110.39,1087,10,13,4,2,7,0.0222,0.8452,0.1548,0.4723,0.000358,0,0.0
2026-01-12,1,12,0,3,0,0,0,0,debit_card,web,east,retail,desktop,0,0,0,1705,46.78,613,25,18,9,1,10,0.0213,0.8473,0.1527,0.2886,0.000533,2,93.12
2026-01-12,1,12,0,3,0,0,0,0,debit_card,web,north,premium,desktop,0,0,0,1068,64.4,469,5,15,8,1,4,0.0211,0.8569,0.1431,0.2474,0.000384,0,8.32
2026-01-12,1,12,0,3,0,0,0,0,debit_card,web,north,retail,desktop,0,0,0,1854,72.42,1144,17,15,9,1,10,0.0213,0.8634,0.1366,0.2737,0.000544,0,0.0
2026-01-12,1,12,0,3,0,0,0,0,debit_card,web,south,premium,android,0,0,0,1935,97.03,601,7,17,8,2,10,0.0218,0.8795,0.1205,0.3878,0.000431,0,0.0
2026-01-12,1,12,0,3,0,0,0,0,debit_card,web,south,retail,android,0,0,0,2839,61.19,1003,21,17,4,1,6,0.02,0.853,0.147,0.4444,0.000553,2,146.12
2026-01-12,1,12,0,3,0,0,0,0,debit_card,web,west,premium,android,0,0,0,1923,94.87,1093,13,7,5,2,8,0.0208,0.869,0.131,0.4261,0.00042,3,388.11
2026-01-12,1,12,0,3,0,0,0,0,debit_card,web,west,retail,ios,0,0,0,2941,48.07,1285,19,11,7,3,8,0.0223,0.8562,0.1438,0.2146,0.000606,1,68.18
2026-01-12,1,12,0,3,0,0,0,0,digital_wallet,branch,east,premium,desktop,0,0,0,369,60.87,149,4,11,7,4,6,0.022,0.8529,0.1471,0.2506,0.000372,0,0.0
2026-01-12,1,12,0,3,0,0,0,0,digital_wallet,branch,east,retail,desktop,0,0,0,578,29.6,167,13,16,4,2,9,0.0213,0.8617,0.1383,0.2754,0.000527,1,76.44
2026-01-12,1,12,0,3,0,0,0,0,digital_wallet,branch,north,premium,desktop,0,0,0,422,42.9,161,8,13,4,0,8,0.019,0.8537,0.1463,0.2638,0.000389,0,0.0
2026-01-12,1,12,0,3,0,0,0,0,digital_wallet,branch,north,retail,desktop,0,0,0,591,53.28,203,21,10,6,4,6,0.0211,0.8442,0.1558,0.2367,0.000537,0,0.0
2026-01-12,1,12,0,3,0,0,0,0,digital_wallet,branch,south,premium,desktop,0,0,0,412,73.23,167,6,13,5,2,11,0.0261,0.8696,0.1304,0.2869,0.000437,1,0.0
2026-01-12,1,12,0,3,0,0,0,0,digital_wallet,branch,south,retail,desktop,0,0,0,507,74.18,136,13,11,4,0,5,0.0198,0.8718,0.1282,0.2364,0.000601,0,2.69
2026-01-12,1,12,0,3,0,0,0,0,digital_wallet,branch,west,premium,desktop,0,0,0,422,45.65,198,13,11,4,4,6,0.0247,0.8673,0.1327,0.2818,0.000432,1,109.29
2026-01-12,1,12,0,3,0,0,0,0,digital_wallet,branch,west,retail,desktop,0,0,0,784,116.88,272,17,13,4,1,5,0.0232,0.8595,0.1405,0.2219,0.000615,0,0.0
2026-01-12,1,12,0,3,0,0,0,0,digital_wallet,mobile_app,east,premium,android,0,0,0,1634,73.4,610,16,26,10,0,12,0.0242,0.8583,0.1417,0.6153,0.000627,2,149.35
2026-01-12,1,12,0,3,0,0,0,0,digital_wallet,mobile_app,east,retail,ios,0,0,0,2585,50.69,1299,25,17,15,4,12,0.0179,0.8784,0.1216,0.3586,0.000888,1,16.66
2026-01-12,1,12,0,3,0,0,0,0,digital_wallet,mobile_app,north,premium,android,0,0,0,2016,106.34,604,6,26,14,0,16,0.0154,0.8566,0.1434,0.5457,0.000643,1,138.66
2026-01-12,1,12,0,3,0,0,0,0,digital_wallet,mobile_app,north,retail,android,0,0,0,3012,65.76,1022,23,17,16,3,6,0.0245,0.8494,0.1506,0.5268,0.000894,0,26.51
2026-01-12,1,12,0,3,0,0,0,0,digital_wallet,mobile_app,south,premium,ios,0,0,0,1622,124.98,587,6,21,12,2,14,0.018,0.8529,0.1471,0.3274,0.000688,1,59.16
2026-01-12,1,12,0,3,0,0,0,0,digital_wallet,mobile_app,south,retail,ios,0,0,0,2843,59.82,1130,18,20,11,5,6,0.014,0.8468,0.1532,0.344,0.000997,1,53.12
2026-01-12,1,12,0,3,0,0,0,0,digital_wallet,mobile_app,west,premium,android,0,0,0,1721,51.93,1086,17,12,9,3,10,0.0233,0.8601,0.1399,0.5631,0.000731,2,143.41
2026-01-12,1,12,0,3,0,0,0,0,digital_wallet,mobile_app,west,retail,ios,0,0,0,2683,60.92,1264,21,20,9,1,25,0.0111,0.8589,0.1411,0.3616,0.000998,4,346.12
2026-01-12,1,12,0,3,0,0,0,0,digital_wallet,web,east,premium,ios,0,0,0,1405,72.62,482,5,15,4,2,8,0.0169,0.8499,0.1501,0.2724,0.000538,1,33.87
2026-01-12,1,12,0,3,0,0,0,0,digital_wallet,web,east,retail,ios,0,0,0,2035,46.87,934,14,21,12,3,16,0.0175,0.8671,0.1329,0.2035,0.000778,2,34.72
2026-01-12,1,12,0,3,0,0,0,0,digital_wallet,web,north,premium,desktop,0,0,0,917,29.31,510,13,16,5,2,12,0.0145,0.8628,0.1372,0.2305,0.000554,3,59.07
2026-01-12,1,12,0,3,0,0,0,0,digital_wallet,web,north,retail,ios,0,0,0,2175,104.1,1328,12,10,9,1,12,0.0209,0.8584,0.1416,0.2041,0.000829,3,422.37
2026-01-12,1,12,0,3,0,0,0,0,digital_wallet,web,south,premium,desktop,0,0,0,918,88.21,327,9,18,8,0,4,0.0194,0.8439,0.1561,0.2292,0.000583,0,7.98
2026-01-12,1,12,0,3,0,0,0,0,digital_wallet,web,south,retail,ios,0,0,0,2199,46.32,1172,21,15,2,2,21,0.0181,0.8674,0.1326,0.2592,0.000808,4,198.2
2026-01-12,1,12,0,3,0,0,0,0,digital_wallet,web,west,premium,desktop,0,0,0,1198,88.21,521,5,15,10,3,11,0.0152,0.8535,0.1465,0.3043,0.000622,1,57.17
2026-01-12,1,12,0,3,0,0,0,0,digital_wallet,web,west,retail,desktop,0,0,0,1536,44.67,610,17,8,2,4,6,0.0197,0.8643,0.1357,0.236,0.000835,1,103.65
2026-01-13,1,13,1,3,0,0,0,0,credit_card,branch,east,premium,desktop,0,0,0,548,36.42,231,12,13,5,4,6,0.0201,0.8585,0.1415,0.3289,0.00034,0,0.0
2026-01-13,1,13,1,3,0,0,0,0,credit_card,branch,east,retail,desktop,0,0,0,1006,31.52,506,38,9,4,2,5,0.0194,0.8582,0.1418,0.2254,0.000454,0,4.66
2026-01-13,1,13,1,3,0,0,0,0,credit_card,branch,north,premium,desktop,0,0,0,624,66.32,188,14,12,1,0,6,0.0183,0.8427,0.1573,0.253,0.000331,0,37.84
2026-01-13,1,13,1,3,0,0,0,0,credit_card,branch,north,retail,desktop,0,0,0,941,52.8,322,25,7,1,1,5,0.0164,0.8575,0.1425,0.2672,0.000452,2,198.69
2026-01-13,1,13,1,3,0,0,0,0,credit_card,branch,south,premium,desktop,0,0,0,613,84.96,366,16,8,7,1,6,0.0199,0.8573,0.1427,0.3047,0.000382,1,169.0
2026-01-13,1,13,1,3,0,0,0,0,credit_card,branch,south,retail,desktop,0,0,0,877,75.35,279,22,13,4,1,7,0.0195,0.8532,0.1468,0.2848,0.000514,0,19.78
2026-01-13,1,13,1,3,0,0,0,0,credit_card,branch,west,premium,desktop,0,0,0,722,77.55,226,15,11,5,0,6,0.0184,0.8708,0.1292,0.1648,0.000393,0,0.0
2026-01-13,1,13,1,3,0,0,0,0,credit_card,branch,west,retail,desktop,0,0,0,897,38.46,251,26,10,9,0,5,0.0156,0.8618,0.1382,0.2553,0.000567,0,0.0
2026-01-13,1,13,1,3,0,0,0,0,credit_card,mobile_app,east,premium,ios,0,0,0,2722,109.6,1054,22,22,11,2,18,0.0181,0.8679,0.1321,0.353,0.000529,3,317.47
2026-01-13,1,13,1,3,0,0,0,0,credit_card,mobile_app,east,retail,android,0,0,0,4327,72.12,1816,36,23,6,1,9,0.0159,0.8581,0.1419,0.5015,0.000769,1,122.11
2026-01-13,1,13,1,3,0,0,0,0,credit_card,mobile_app,north,premium,android,0,0,0,2961,72.71,1526,20,20,11,1,13,0.022,0.8746,0.1254,0.5375,0.000578,1,116.7
2026-01-13,1,13,1,3,0,0,0,0,credit_card,mobile_app,north,retail,ios,0,0,0,3661,94.68,2199,37,25,8,1,19,0.0182,0.8525,0.1475,0.3809,0.000809,3,334.39
2026-01-13,1,13,1,3,0,0,0,0,credit_card,mobile_app,south,premium,android,0,0,0,2441,71.83,819,17,24,13,3,8,0.0267,0.8584,0.1416,0.4623,0.000608,1,95.13
2026-01-13,1,13,1,3,0,0,0,0,credit_card,mobile_app,south,retail,ios,0,0,0,3724,37.79,1238,36,19,7,5,18,0.014,0.854,0.146,0.3751,0.000855,6,200.07
2026-01-13,1,13,1,3,0,0,0,0,credit_card,mobile_app,west,premium,android,0,0,0,2421,75.79,1384,21,24,6,2,13,0.0134,0.8719,0.1281,0.5856,0.000642,0,0.0
2026-01-13,1,13,1,3,0,0,0,0,credit_card,mobile_app,west,retail,ios,0,0,0,3381,53.29,1115,34,24,15,2,22,0.0145,0.8558,0.1442,0.3465,0.000903,4,298.38
2026-01-13,1,13,1,3,0,0,0,0,credit_card,web,east,premium,desktop,0,0,0,1636,61.94,547,23,12,11,0,13,0.0157,0.8697,0.1303,0.2564,0.000483,3,240.72
2026-01-13,1,13,1,3,0,0,0,0,credit_card,web,east,retail,ios,0,0,0,3132,104.89,1124,32,12,5,3,6,0.0212,0.8463,0.1537,0.2311,0.000676,0,22.2
2026-01-13,1,13,1,3,0,0,0,0,credit_card,web,north,premium,desktop,0,0,0,1647,73.81,881,13,18,1,2,7,0.0166,0.8436,0.1564,0.2253,0.00049,0,8.88
2026-01-13,1,13,1,3,0,0,0,0,credit_card,web,north,retail,desktop,0,0,0,2304,72.76,854,28,12,6,4,7,0.0224,0.8647,0.1353,0.2524,0.000722,1,124.91
2026-01-13,1,13,1,3,0,0,0,0,credit_card,web,south,premium,desktop,0,0,0,1217,109.04,513,13,11,13,2,5,0.0161,0.8592,0.1408,0.2748,0.000544,0,0.0
2026-01-13,1,13,1,3,0,0,0,0,credit_card,web,south,retail,ios,0,0,0,3051,50.83,1475,19,8,8,6,11,0.0222,0.8698,0.1302,0.2411,0.00076,5,290.26
2026-01-13,1,13,1,3,0,0,0,0,credit_card,web,west,premium,ios,0,0,0,2381,30.03,949,11,13,3,1,7,0.0234,0.8453,0.1547,0.255,0.000547,0,0.0
2026-01-13,1,13,1,3,0,0,0,0,credit_card,web,west,retail,desktop,0,0,0,1890,65.3,1233,19,14,5,3,6,0.0142,0.8705,0.1295,0.3009,0.000767,1,144.61
2026-01-13,1,13,1,3,0,0,0,0,debit_card,branch,east,premium,desktop,0,0,0,588,82.55,350,14,12,10,0,3,0.0187,0.8597,0.1403,0.2534,0.000265,0,0.0
2026-01-13,1,13,1,3,0,0,0,0,debit_card,branch,east,retail,desktop,0,0,0,597,95.5,241,20,13,7,4,4,0.0224,0.8324,0.1676,0.2499,0.000366,0,3.29
2026-01-13,1,13,1,3,0,0,0,0,debit_card,branch,north,premium,desktop,0,0,0,522,62.61,342,4,7,6,0,4,0.0184,0.8503,0.1497,0.2344,0.000262,0,48.73
2026-01-13,1,13,1,3,0,0,0,0,debit_card,branch,north,retail,desktop,0,0,0,776,54.46,346,22,8,1,1,3,0.0168,0.8477,0.1523,0.2378,0.00036,0,20.2
2026-01-13,1,13,1,3,0,0,0,0,debit_card,branch,south,premium,desktop,0,0,0,573,65.12,295,8,13,2,2,6,0.0206,0.871,0.129,0.2184,0.00029,0,0.0
2026-01-13,1,13,1,3,0,0,0,0,debit_card,branch,south,retail,desktop,0,0,0,772,47.82,327,23,14,2,0,8,0.0248,0.859,0.141,0.2199,0.000397,0,0.0
2026-01-13,1,13,1,3,0,0,0,0,debit_card,branch,west,premium,desktop,0,0,0,561,74.15,210,11,8,3,1,1,0.0178,0.8596,0.1404,0.2301,0.000283,0,0.0
2026-01-13,1,13,1,3,0,0,0,0,debit_card,branch,west,retail,desktop,0,0,0,764,39.99,355,22,8,3,2,9,0.0172,0.8496,0.1504,0.2904,0.00043,2,68.02
2026-01-13,1,13,1,3,0,0,0,0,debit_card,mobile_app,east,premium,ios,0,0,0,2262,111.29,734,18,17,16,0,7,0.0176,0.8629,0.1371,0.2967,0.000443,1,122.2
2026-01-13,1,13,1,3,0,0,0,0,debit_card,mobile_app,east,retail,android,0,0,0,3366,84.09,1514,28,14,6,2,7,0.0224,0.8766,0.1234,0.5528,0.000552,1,102.57
2026-01-13,1,13,1,3,0,0,0,0,debit_card,mobile_app,north,premium,ios,0,0,0,2433,56.56,732,18,22,11,3,10,0.0266,0.8698,0.1302,0.3897,0.000465,0,83.63
2026-01-13,1,13,1,3,0,0,0,0,debit_card,mobile_app,north,retail,android,0,0,0,3452,71.94,1195,27,16,7,3,17,0.0158,0.8805,0.1195,0.5472,0.000617,4,299.53
2026-01-13,1,13,1,3,0,0,0,0,debit_card,mobile_app,south,premium,ios,0,0,0,2235,65.32,885,9,20,16,0,11,0.0254,0.8675,0.1325,0.3841,0.0005,2,137.08
2026-01-13,1,13,1,3,0,0,0,0,debit_card,mobile_app,south,retail,ios,0,0,0,3347,65.21,2152,30,30,10,3,11,0.0198,0.8623,0.1377,0.342,0.000632,0,0.0
2026-01-13,1,13,1,3,0,0,0,0,debit_card,mobile_app,west,premium,android,0,0,0,2383,89.84,808,14,24,5,2,16,0.0234,0.8689,0.1311,0.5334,0.000501,1,133.65
2026-01-13,1,13,1,3,0,0,0,0,debit_card,mobile_app,west,retail,android,0,0,0,3465,69.47,1845,36,34,12,4,22,0.0168,0.857,0.143,0.5212,0.000703,2,94.31
2026-01-13,1,13,1,3,0,0,0,0,debit_card,web,east,premium,ios,0,0,0,1862,71.72,714,13,19,7,0,3,0.023,0.8645,0.1355,0.242,0.00036,0,0.0
2026-01-13,1,13,1,3,0,0,0,0,debit_card,web,east,retail,desktop,0,0,0,1768,84.63,1067,22,17,5,4,14,0.0237,0.8616,0.1384,0.2185,0.00051,1,83.78
2026-01-13,1,13,1,3,0,0,0,0,debit_card,web,north,premium,desktop,0,0,0,1276,85.57,523,6,16,7,1,8,0.0173,0.8557,0.1443,0.2494,0.000399,0,0.0
2026-01-13,1,13,1,3,0,0,0,0,debit_card,web,north,retail,desktop,0,0,0,2010,35.32,1089,23,12,7,3,4,0.0149,0.8598,0.1402,0.3037,0.00056,0,0.0
2026-01-13,1,13,1,3,0,0,0,0,debit_card,web,south,premium,ios,0,0,0,1539,64.45,535,8,16,8,0,6,0.0201,0.8747,0.1253,0.2592,0.000409,0,0.0
2026-01-13,1,13,1,3,0,0,0,0,debit_card,web,south,retail,ios,0,0,0,2496,56.25,1103,26,21,8,2,13,0.0252,0.853,0.147,0.2984,0.000587,2,117.44
2026-01-13,1,13,1,3,0,0,0,0,debit_card,web,west,premium,desktop,0,0,0,1303,58.06,593,11,14,10,0,3,0.0274,0.8633,0.1367,0.2313,0.000419,0,6.72
2026-01-13,1,13,1,3,0,0,0,0,debit_card,web,west,retail,desktop,0,0,0,2137,65.85,695,23,11,4,3,9,0.0244,0.8697,0.1303,0.2949,0.000611,2,125.09
2026-01-13,1,13,1,3,0,0,0,0,digital_wallet,branch,east,premium,desktop,0,0,0,396,45.07,229,12,6,3,2,2,0.0173,0.8666,0.1334,0.2388,0.000376,0,9.1
2026-01-13,1,13,1,3,0,0,0,0,digital_wallet,branch,east,retail,desktop,0,0,0,599,58.38,236,15,9,6,2,4,0.0213,0.8691,0.1309,0.2525,0.000544,0,25.98
2026-01-13,1,13,1,3,0,0,0,0,digital_wallet,branch,north,premium,desktop,0,0,0,392,57.04,143,10,7,2,1,1,0.02,0.8553,0.1447,0.2166,0.000391,0,0.0
2026-01-13,1,13,1,3,0,0,0,0,digital_wallet,branch,north,retail,desktop,0,0,0,607,58.03,196,13,12,5,2,8,0.0162,0.8607,0.1393,0.2865,0.00057,2,174.32
2026-01-13,1,13,1,3,0,0,0,0,digital_wallet,branch,south,premium,desktop,0,0,0,421,67.51,215,14,9,4,2,4,0.0158,0.8559,0.1441,0.2589,0.000404,0,35.64
2026-01-13,1,13,1,3,0,0,0,0,digital_wallet,branch,south,retail,desktop,0,0,0,563,59.33,188,17,13,3,1,6,0.022,0.8601,0.1399,0.2537,0.000577,0,22.72
2026-01-13,1,13,1,3,0,0,0,0,digital_wallet,branch,west,premium,desktop,0,0,0,420,106.98,244,5,11,4,2,2,0.0165,0.8786,0.1214,0.267,0.000435,0,0.0
2026-01-13,1,13,1,3,0,0,0,0,digital_wallet,branch,west,retail,desktop,0,0,0,676,118.48,345,20,11,1,6,9,0.0254,0.8679,0.1321,0.2248,0.000592,2,308.66
2026-01-13,1,13,1,3,0,0,0,0,digital_wallet,mobile_app,east,premium,android,0,0,0,1670,69.46,957,10,20,14,1,16,0.024,0.8423,0.1577,0.5069,0.000621,3,285.76
2026-01-13,1,13,1,3,0,0,0,0,digital_wallet,mobile_app,east,retail,android,0,0,0,2807,79.88,1523,22,20,15,4,29,0.0182,0.8599,0.1401,0.5467,0.000917,5,380.15
2026-01-13,1,13,1,3,0,0,0,0,digital_wallet,mobile_app,north,premium,android,0,0,0,1772,58.51,1061,9,26,13,1,16,0.026,0.8667,0.1333,0.4699,0.000669,0,31.96
2026-01-13,1,13,1,3,0,0,0,0,digital_wallet,mobile_app,north,retail,ios,0,0,0,2853,59.65,1544,22,24,11,5,15,0.0196,0.8485,0.1515,0.4077,0.000927,1,133.02
2026-01-13,1,13,1,3,0,0,0,0,digital_wallet,mobile_app,south,premium,ios,0,0,0,1806,121.14,710,13,28,14,2,10,0.0277,0.8622,0.1378,0.4183,0.00074,1,96.0
2026-01-13,1,13,1,3,0,0,0,0,digital_wallet,mobile_app,south,retail,ios,0,0,0,2629,115.62,929,25,34,10,3,29,0.0188,0.8569,0.1431,0.3185,0.00098,3,421.31
2026-01-13,1,13,1,3,0,0,0,0,digital_wallet,mobile_app,west,premium,ios,0,0,0,1602,75.02,798,15,25,3,1,6,0.0179,0.8612,0.1388,0.3468,0.000686,0,0.0
2026-01-13,1,13,1,3,0,0,0,0,digital_wallet,mobile_app,west,retail,ios,0,0,0,3039,70.76,1401,19,11,2,5,10,0.0134,0.8591,0.1409,0.3505,0.000957,2,169.19
2026-01-13,1,13,1,3,0,0,0,0,digital_wallet,web,east,premium,desktop,0,0,0,909,53.05,562,7,9,14,1,5,0.0183,0.8531,0.1469,0.2312,0.000527,0,19.96
2026-01-13,1,13,1,3,0,0,0,0,digital_wallet,web,east,retail,desktop,0,0,0,1529,50.03,472,17,14,6,2,13,0.0241,0.8698,0.1302,0.2404,0.000734,3,59.45
2026-01-13,1,13,1,3,0,0,0,0,digital_wallet,web,north,premium,android,0,0,0,1627,103.37,903,9,11,1,2,7,0.0168,0.8466,0.1534,0.4326,0.00054,0,8.13
2026-01-13,1,13,1,3,0,0,0,0,digital_wallet,web,north,retail,desktop,0,0,0,1364,49.48,629,14,9,11,2,3,0.0194,0.8732,0.1268,0.2194,0.000792,0,0.0
2026-01-13,1,13,1,3,0,0,0,0,digital_wallet,web,south,premium,desktop,0,0,0,875,140.82,285,8,20,8,4,16,0.0208,0.8647,0.1353,0.1944,0.000619,2,235.24
2026-01-13,1,13,1,3,0,0,0,0,digital_wallet,web,south,retail,desktop,0,0,0,1590,55.03,576,24,11,7,5,6,0.0248,0.8641,0.1359,0.2666,0.000872,1,95.2
2026-01-13,1,13,1,3,0,0,0,0,digital_wallet,web,west,premium,desktop,0,0,0,1224,56.02,524,7,10,11,3,12,0.0295,0.8536,0.1464,0.3039,0.000606,2,90.0
2026-01-13,1,13,1,3,0,0,0,0,digital_wallet,web,west,retail,desktop,0,0,0,1507,40.59,735,11,17,9,4,6,0.0245,0.8569,0.1431,0.2013,0.00091,0,0.0
2026-01-14,1,14,2,3,0,0,0,0,credit_card,branch,east,premium,desktop,0,0,0,620,74.03,190,15,11,4,1,9,0.0185,0.8495,0.1505,0.2767,0.000315,1,83.59
2026-01-14,1,14,2,3,0,0,0,0,credit_card,branch,east,retail,desktop,0,0,0,1007,91.85,288,24,9,3,2,2,0.0232,0.8599,0.1401,0.2105,0.000441,0,0.0
2026-01-14,1,14,2,3,0,0,0,0,credit_card,branch,north,premium,desktop,0,0,0,582,101.88,319,15,15,8,4,7,0.0179,0.8746,0.1254,0.2353,0.00036,0,0.0
2026-01-14,1,14,2,3,0,0,0,0,credit_card,branch,north,retail,desktop,0,0,0,969,50.84,361,25,6,4,1,5,0.0169,0.8499,0.1501,0.2888,0.000449,1,22.41
2026-01-14,1,14,2,3,0,0,0,0,credit_card,branch,south,premium,desktop,0,0,0,597,44.9,220,12,7,5,1,6,0.0207,0.856,0.144,0.2926,0.000358,1,89.33
2026-01-14,1,14,2,3,0,0,0,0,credit_card,branch,south,retail,desktop,0,0,0,880,96.11,524,27,8,0,0,3,0.0223,0.8648,0.1352,0.1977,0.000485,0,16.62
2026-01-14,1,14,2,3,0,0,0,0,credit_card,branch,west,premium,desktop,0,0,0,632,38.5,211,12,11,4,0,4,0.0168,0.8713,0.1287,0.2447,0.000399,0,0.0
2026-01-14,1,14,2,3,0,0,0,0,credit_card,branch,west,retail,desktop,0,0,0,972,55.43,527,19,3,6,1,1,0.0255,0.8468,0.1532,0.2562,0.000563,0,10.01
2026-01-14,1,14,2,3,0,0,0,0,credit_card,mobile_app,east,premium,ios,0,0,0,2415,42.29,768,18,17,8,7,5,0.019,0.8692,0.1308,0.2791,0.000543,0,0.0
2026-01-14,1,14,2,3,0,0,0,0,credit_card,mobile_app,east,retail,android,0,0,0,3569,83.18,1263,24,26,7,1,19,0.0131,0.8679,0.1321,0.542,0.000773,3,290.26
2026-01-14,1,14,2,3,0,0,0,0,credit_card,mobile_app,north,premium,ios,0,0,0,2695,199.11,1580,21,16,8,1,7,0.0163,0.8174,0.1826,0.3267,0.000539,1,254.47
2026-01-14,1,14,2,3,0,0,0,0,credit_card,mobile_app,north,retail,android,0,0,0,4155,49.3,1555,40,21,6,6,16,0.028,0.8539,0.1461,0.4805,0.0008,2,65.61
2026-01-14,1,14,2,3,0,0,0,0,credit_card,mobile_app,south,premium,ios,0,0,0,2453,94.14,1504,12,10,4,1,7,0.0196,0.8609,0.1391,0.3913,0.000589,1,124.4
2026-01-14,1,14,2,3,0,0,0,0,credit_card,mobile_app,south,retail,ios,0,0,0,3411,62.45,1000,39,20,17,7,12,0.019,0.8504,0.1496,0.2853,0.000886,3,220.68
2026-01-14,1,14,2,3,0,0,0,0,credit_card,mobile_app,west,premium,android,0,0,0,2862,74.9,1286,27,24,11,3,17,0.0191,0.8759,0.1241,0.5062,0.000662,2,148.44
2026-01-14,1,14,2,3,0,0,0,0,credit_card,mobile_app,west,retail,ios,0,0,0,3760,52.93,1112,20,23,14,5,11,0.027,0.8656,0.1344,0.37,0.000876,3,97.25
2026-01-14,1,14,2,3,0,0,0,0,credit_card,web,east,premium,desktop,0,0,0,1511,56.98,566,13,12,4,2,7,0.0139,0.8643,0.1357,0.238,0.000463,1,51.51
2026-01-14,1,14,2,3,0,0,0,0,credit_card,web,east,retail,desktop,0,0,0,2026,101.4,1219,27,13,12,2,7,0.0148,0.8391,0.1609,0.2768,0.00068,1,115.59
2026-01-14,1,14,2,3,0,0,0,0,credit_card,web,north,premium,android,0,0,0,2241,74.9,699,8,22,8,3,12,0.0248,0.863,0.137,0.4599,0.000516,0,0.0
2026-01-14,1,14,2,3,0,0,0,0,credit_card,web,north,retail,desktop,0,0,0,2248,113.17,649,24,15,4,3,11,0.0196,0.8584,0.1416,0.1871,0.000699,1,165.79
2026-01-14,1,14,2,3,0,0,0,0,credit_card,web,south,premium,desktop,0,0,0,1709,48.16,959,19,9,9,2,5,0.0243,0.863,0.137,0.214,0.000554,0,0.0
2026-01-14,1,14,2,3,0,0,0,0,credit_card,web,south,retail,desktop,0,0,0,1814,65.18,871,18,10,8,0,6,0.0197,0.8567,0.1433,0.2486,0.0007,0,3.05
2026-01-14,1,14,2,3,0,0,0,0,credit_card,web,west,premium,desktop,0,0,0,1669,116.8,943,12,15,8,3,7,0.0205,0.8581,0.1419,0.2486,0.000541,1,133.9
2026-01-14,1,14,2,3,0,0,0,0,credit_card,web,west,retail,desktop,0,0,0,2514,89.29,1294,23,12,6,4,13,0.0279,0.8744,0.1256,0.2289,0.000727,3,463.41
2026-01-14,1,14,2,3,0,0,0,0,debit_card,branch,east,premium,desktop,0,0,0,572,74.23,172,9,7,4,1,1,0.0208,0.8547,0.1453,0.2825,0.000261,0,0.0
2026-01-14,1,14,2,3,0,0,0,0,debit_card,branch,east,retail,desktop,0,0,0,719,37.3,242,23,6,1,0,3,0.0177,0.8617,0.1383,0.2667,0.000362,0,0.0
2026-01-14,1,14,2,3,0,0,0,0,debit_card,branch,north,premium,desktop,0,0,0,475,55.01,218,6,13,6,1,7,0.0203,0.8464,0.1536,0.2372,0.000264,0,0.0
2026-01-14,1,14,2,3,0,0,0,0,debit_card,branch,north,retail,desktop,0,0,0,779,45.3,283,22,9,2,4,3,0.0185,0.8703,0.1297,0.2214,0.000356,0,0.0
2026-01-14,1,14,2,3,0,0,0,0,debit_card,branch,south,premium,desktop,0,0,0,567,48.05,152,8,9,3,0,8,0.0217,0.8656,0.1344,0.2378,0.000292,1,99.98
2026-01-14,1,14,2,3,0,0,0,0,debit_card,branch,south,retail,desktop,0,0,0,614,70.71,289,26,15,3,4,5,0.0173,0.8495,0.1505,0.2109,0.000431,0,53.84
2026-01-14,1,14,2,3,0,0,0,0,debit_card,branch,west,premium,desktop,0,0,0,554,60.21,228,11,9,8,2,6,0.0197,0.8552,0.1448,0.2227,0.000311,1,81.83
2026-01-14,1,14,2,3,0,0,0,0,debit_card,branch,west,retail,desktop,0,0,0,885,90.43,391,18,8,2,2,5,0.0258,0.8602,0.1398,0.266,0.000426,0,0.0
2026-01-14,1,14,2,3,0,0,0,0,debit_card,mobile_app,east,premium,android,0,0,0,2562,129.08,932,26,19,14,2,15,0.0207,0.8628,0.1372,0.5289,0.000401,1,102.66
2026-01-14,1,14,2,3,0,0,0,0,debit_card,mobile_app,east,retail,ios,0,0,0,3303,50.34,1118,28,26,7,1,10,0.0076,0.8689,0.1311,0.3685,0.00061,2,85.0
2026-01-14,1,14,2,3,0,0,0,0,debit_card,mobile_app,north,premium,ios,0,0,0,2364,54.56,902,14,20,5,1,11,0.011,0.8702,0.1298,0.353,0.000424,1,77.34
2026-01-14,1,14,2,3,0,0,0,0,debit_card,mobile_app,north,retail,ios,0,0,0,2975,36.75,1977,35,21,10,1,4,0.0185,0.8605,0.1395,0.295,0.000613,0,0.0
2026-01-14,1,14,2,3,0,0,0,0,debit_card,mobile_app,south,premium,android,0,0,0,2289,93.93,894,8,20,13,1,7,0.0137,0.8609,0.1391,0.5345,0.0005,1,75.07
2026-01-14,1,14,2,3,0,0,0,0,debit_card,mobile_app,south,retail,android,0,0,0,3258,66.57,1193,37,25,7,2,13,0.0164,0.8547,0.1453,0.5723,0.000651,0,0.0
2026-01-14,1,14,2,3,0,0,0,0,debit_card,mobile_app,west,premium,ios,0,0,0,2346,67.44,1022,17,22,9,2,11,0.0177,0.8525,0.1475,0.3702,0.000482,1,83.96
2026-01-14,1,14,2,3,0,0,0,0,debit_card,mobile_app,west,retail,android,0,0,0,3122,37.75,988,33,21,9,2,13,0.0207,0.8688,0.1312,0.5052,0.000736,5,135.76
2026-01-14,1,14,2,3,0,0,0,0,debit_card,web,east,premium,ios,0,0,0,1685,38.35,613,12,25,5,0,10,0.0234,0.8545,0.1455,0.2475,0.000364,0,11.0
2026-01-14,1,14,2,3,0,0,0,0,debit_card,web,east,retail,desktop,0,0,0,1860,38.88,783,30,22,9,1,10,0.0197,0.8732,0.1268,0.2751,0.000508,2,95.08
2026-01-14,1,14,2,3,0,0,0,0,debit_card,web,north,premium,desktop,0,0,0,1058,69.24,411,12,17,5,1,10,0.0176,0.8525,0.1475,0.2499,0.000384,0,12.35
2026-01-14,1,14,2,3,0,0,0,0,debit_card,web,north,retail,android,0,0,0,2591,64.26,1527,17,19,11,2,7,0.0214,0.8424,0.1576,0.4201,0.000527,2,270.8
2026-01-14,1,14,2,3,0,0,0,0,debit_card,web,south,premium,desktop,0,0,0,1118,107.73,398,12,17,7,2,5,0.0215,0.8606,0.1394,0.2768,0.000433,0,99.51
2026-01-14,1,14,2,3,0,0,0,0,debit_card,web,south,retail,ios,0,0,0,2348,115.03,763,22,15,7,2,7,0.0193,0.8611,0.1389,0.2833,0.000572,0,39.9
2026-01-14,1,14,2,3,0,0,0,0,debit_card,web,west,premium,desktop,0,0,0,1303,60.32,597,8,14,9,0,5,0.02,0.8758,0.1242,0.2907,0.000435,0,11.61
2026-01-14,1,14,2,3,0,0,0,0,debit_card,web,west,retail,desktop,0,0,0,1922,70.86,800,30,11,6,4,6,0.0202,0.859,0.141,0.2401,0.000611,1,30.06
2026-01-14,1,14,2,3,0,0,0,0,digital_wallet,branch,east,premium,desktop,0,0,0,398,89.4,152,11,6,3,2,2,0.0191,0.8775,0.1225,0.2324,0.000365,0,14.09
2026-01-14,1,14,2,3,0,0,0,0,digital_wallet,branch,east,retail,desktop,0,0,0,564,54.65,220,16,7,5,0,1,0.0146,0.8641,0.1359,0.2085,0.000503,0,0.0
2026-01-14,1,14,2,3,0,0,0,0,digital_wallet,branch,north,premium,desktop,0,0,0,427,74.25,180,4,11,2,1,3,0.0187,0.8559,0.1441,0.2236,0.00038,0,0.0
2026-01-14,1,14,2,3,0,0,0,0,digital_wallet,branch,north,retail,desktop,0,0,0,546,33.66,195,26,9,7,2,9,0.0129,0.8575,0.1425,0.2327,0.000561,1,30.8
2026-01-14,1,14,2,3,0,0,0,0,digital_wallet,branch,south,premium,desktop,0,0,0,411,75.11,202,11,14,3,1,5,0.0204,0.8776,0.1224,0.2167,0.000391,0,73.32
2026-01-14,1,14,2,3,0,0,0,0,digital_wallet,branch,south,retail,desktop,0,0,0,596,58.11,339,24,9,2,1,2,0.0162,0.8696,0.1304,0.2256,0.000594,0,0.0
2026-01-14,1,14,2,3,0,0,0,0,digital_wallet,branch,west,premium,desktop,0,0,0,468,89.84,160,11,5,3,1,1,0.0172,0.8679,0.1321,0.2937,0.000421,0,0.0
2026-01-14,1,14,2,3,0,0,0,0,digital_wallet,branch,west,retail,desktop,0,0,0,558,91.89,198,12,8,8,6,3,0.0193,0.8534,0.1466,0.2442,0.000621,0,0.0
2026-01-14,1,14,2,3,0,0,0,0,digital_wallet,mobile_app,east,premium,android,0,0,0,1657,70.67,620,9,20,7,1,14,0.0219,0.852,0.148,0.561,0.000604,2,156.18
2026-01-14,1,14,2,3,0,0,0,0,digital_wallet,mobile_app,east,retail,android,0,0,0,2982,41.4,1142,28,16,9,4,8,0.0205,0.8548,0.1452,0.5296,0.000851,2,53.64
2026-01-14,1,14,2,3,0,0,0,0,digital_wallet,mobile_app,north,premium,android,0,0,0,2012,34.29,689,13,23,8,1,9,0.0177,0.8542,0.1458,0.5616,0.000656,1,68.81
2026-01-14,1,14,2,3,0,0,0,0,digital_wallet,mobile_app,north,retail,android,0,0,0,2697,95.18,1099,24,21,12,2,22,0.0169,0.8666,0.1334,0.5343,0.000944,5,424.33
2026-01-14,1,14,2,3,0,0,0,0,digital_wallet,mobile_app,south,premium,ios,0,0,0,1580,64.62,978,11,23,15,1,13,0.0205,0.8453,0.1547,0.3411,0.000687,0,19.35
2026-01-14,1,14,2,3,0,0,0,0,digital_wallet,mobile_app,south,retail,android,0,0,0,2888,67.25,1258,21,13,3,3,7,0.0209,0.8668,0.1332,0.5207,0.000986,0,47.89
2026-01-14,1,14,2,3,0,0,0,0,digital_wallet,mobile_app,west,premium,android,0,0,0,2171,63.85,1158,17,23,7,5,5,0.0175,0.849,0.151,0.5412,0.000699,0,24.16
2026-01-14,1,14,2,3,0,0,0,0,digital_wallet,mobile_app,west,retail,ios,0,0,0,3267,85.36,1266,28,15,8,7,26,0.0158,0.8679,0.1321,0.3852,0.001005,6,341.44
2026-01-14,1,14,2,3,0,0,0,0,digital_wallet,web,east,premium,desktop,0,0,0,983,93.35,392,7,16,10,2,5,0.0242,0.8479,0.1521,0.2273,0.000522,0,0.0
2026-01-14,1,14,2,3,0,0,0,0,digital_wallet,web,east,retail,desktop,0,0,0,1320,43.69,449,22,18,8,4,5,0.021,0.8541,0.1459,0.2114,0.000744,0,11.24
2026-01-14,1,14,2,3,0,0,0,0,digital_wallet,web,north,premium,desktop,0,0,0,909,56.41,529,6,7,8,3,2,0.019,0.8531,0.1469,0.2663,0.000549,0,0.0
2026-01-14,1,14,2,3,0,0,0,0,digital_wallet,web,north,retail,desktop,0,0,0,1515,67.33,716,18,12,9,1,9,0.0192,0.8588,0.1412,0.2428,0.000786,2,175.11
2026-01-14,1,14,2,3,0,0,0,0,digital_wallet,web,south,premium,ios,0,0,0,1386,93.13,720,11,17,6,1,3,0.0219,0.8676,0.1324,0.281,0.000571,0,21.15
2026-01-14,1,14,2,3,0,0,0,0,digital_wallet,web,south,retail,desktop,0,0,0,1449,69.82,556,20,15,3,4,8,0.0225,0.8755,0.1245,0.2472,0.000834,0,0.0
2026-01-14,1,14,2,3,0,0,0,0,digital_wallet,web,west,premium,ios,0,0,0,1574,45.97,1047,12,13,6,1,3,0.0123,0.8612,0.1388,0.2293,0.000613,0,13.67
2026-01-14,1,14,2,3,0,0,0,0,digital_wallet,web,west,retail,desktop,0,0,0,1734,65.09,1037,15,15,6,1,13,0.0139,0.8533,0.1467,0.2481,0.000822,1,42.11
2026-01-15,1,15,3,3,0,0,1,0,credit_card,branch,east,premium,desktop,0,0,0,573,82.25,226,19,8,3,4,5,0.0239,0.8585,0.1415,0.2679,0.000319,0,0.0
2026-01-15,1,15,3,3,0,0,1,0,credit_card,branch,east,retail,desktop,0,0,0,1036,91.99,667,18,13,9,0,16,0.0238,0.8558,0.1442,0.2518,0.000502,2,298.38
2026-01-15,1,15,3,3,0,0,1,0,credit_card,branch,north,premium,desktop,0,0,0,639,75.77,381,13,10,1,1,7,0.0192,0.8697,0.1303,0.2257,0.000339,2,181.17
2026-01-15,1,15,3,3,0,0,1,0,credit_card,branch,north,retail,desktop,0,0,0,1019,100.81,429,19,8,7,3,5,0.0173,0.8595,0.1405,0.2011,0.000487,0,43.41
2026-01-15,1,15,3,3,0,0,1,0,credit_card,branch,south,premium,desktop,0,0,0,680,106.54,309,14,12,3,2,5,0.019,0.8478,0.1522,0.1998,0.000366,1,198.89
2026-01-15,1,15,3,3,0,0,1,0,credit_card,branch,south,retail,desktop,0,0,0,861,87.62,386,27,9,9,1,2,0.0106,0.8681,0.1319,0.2298,0.000531,0,0.0
2026-01-15,1,15,3,3,0,0,1,0,credit_card,branch,west,premium,desktop,0,0,0,693,85.01,316,9,12,4,2,5,0.0212,0.8654,0.1346,0.2345,0.000385,0,0.0
2026-01-15,1,15,3,3,0,0,1,0,credit_card,branch,west,retail,desktop,0,0,0,1123,67.3,514,20,12,7,3,7,0.0178,0.8717,0.1283,0.2143,0.000551,0,0.0
2026-01-15,1,15,3,3,0,0,1,0,credit_card,mobile_app,east,premium,ios,0,0,0,3028,124.68,1280,14,15,13,2,7,0.0204,0.8456,0.1544,0.3226,0.00052,0,0.0
2026-01-15,1,15,3,3,0,0,1,0,credit_card,mobile_app,east,retail,android,0,0,0,3812,88.28,1188,28,21,10,1,17,0.011,0.8567,0.1433,0.5585,0.000785,4,494.35
2026-01-15,1,15,3,3,0,0,1,0,credit_card,mobile_app,north,premium,ios,0,0,0,2694,56.21,836,18,21,10,4,11,0.0168,0.8651,0.1349,0.3365,0.000591,2,214.35
2026-01-15,1,15,3,3,0,0,1,0,credit_card,mobile_app,north,retail,ios,0,0,0,3371,58.45,1058,36,23,14,2,12,0.0219,0.873,0.127,0.3358,0.000801,4,276.66
2026-01-15,1,15,3,3,0,0,1,0,credit_card,mobile_app,south,premium,ios,0,0,0,3114,119.28,1371,15,20,11,5,15,0.018,0.8497,0.1503,0.391,0.000599,3,310.56
2026-01-15,1,15,3,3,0,0,1,0,credit_card,mobile_app,south,retail,android,0,0,0,4297,73.12,1795,24,21,9,2,8,0.0208,0.8514,0.1486,0.4989,0.000836,2,157.87
2026-01-15,1,15,3,3,0,0,1,0,credit_card,mobile_app,west,premium,ios,0,0,0,2907,68.85,1038,21,24,8,5,14,0.0226,0.8806,0.1194,0.3175,0.000676,1,88.27
2026-01-15,1,15,3,3,0,0,1,0,credit_card,mobile_app,west,retail,android,0,0,0,3907,73.0,1591,24,26,7,4,12,0.0178,0.8333,0.1667,0.5296,0.000922,3,332.8
2026-01-15,1,15,3,3,0,0,1,0,credit_card,web,east,premium,desktop,0,0,0,1642,39.08,612,11,10,6,2,4,0.0198,0.8473,0.1527,0.2525,0.000474,0,0.0
2026-01-15,1,15,3,3,0,0,1,0,credit_card,web,east,retail,ios,0,0,0,3441,109.23,1688,29,12,4,1,15,0.0122,0.8366,0.1634,0.2708,0.00066,5,577.77
2026-01-15,1,15,3,3,0,0,1,0,credit_card,web,north,premium,desktop,0,0,0,1666,57.77,708,9,12,6,2,6,0.0208,0.8433,0.1567,0.2568,0.000487,0,25.63
2026-01-15,1,15,3,3,0,0,1,0,credit_card,web,north,retail,desktop,0,0,0,2555,92.77,1145,26,14,6,3,11,0.0189,0.8802,0.1198,0.2299,0.000685,2,250.22
2026-01-15,1,15,3,3,0,0,1,0,credit_card,web,south,premium,desktop,0,0,0,1523,77.99,583,11,18,8,0,6,0.0191,0.8634,0.1366,0.2877,0.000518,1,101.47
2026-01-15,1,15,3,3,0,0,1,0,credit_card,web,south,retail,desktop,0,0,0,2373,45.24,1511,40,19,5,1,13,0.0281,0.867,0.133,0.2375,0.000704,4,231.06
2026-01-15,1,15,3,3,0,0,1,0,credit_card,web,west,premium,desktop,0,0,0,1714,61.33,656,9,10,6,0,5,0.0199,0.8594,0.1406,0.2338,0.00051,0,0.0
2026-01-15,1,15,3,3,0,0,1,0,credit_card,web,west,retail,ios,0,0,0,4163,94.49,1476,33,18,6,2,15,0.0281,0.8522,0.1478,0.2541,0.000737,3,335.86
2026-01-15,1,15,3,3,0,0,1,0,debit_card,branch,east,premium,desktop,0,0,0,489,32.49,220,11,5,2,1,1,0.0256,0.8681,0.1319,0.2399,0.000257,0,17.73
2026-01-15,1,15,3,3,0,0,1,0,debit_card,branch,east,retail,desktop,0,0,0,929,83.97,479,25,9,12,2,3,0.0148,0.8587,0.1413,0.2307,0.00038,0,0.0
2026-01-15,1,15,3,3,0,0,1,0,debit_card,branch,north,premium,desktop,0,0,0,603,38.0,223,15,8,5,1,3,0.025,0.8684,0.1316,0.2321,0.000268,0,0.0
2026-01-15,1,15,3,3,0,0,1,0,debit_card,branch,north,retail,desktop,0,0,0,779,79.04,471,16,11,4,0,6,0.0133,0.8645,0.1355,0.251,0.000372,0,2.92
2026-01-15,1,15,3,3,0,0,1,0,debit_card,branch,south,premium,desktop,0,0,0,512,59.95,178,16,10,2,1,5,0.0142,0.882,0.118,0.2487,0.000266,1,102.54
2026-01-15,1,15,3,3,0,0,1,0,debit_card,branch,south,retail,desktop,0,0,0,706,84.04,278,25,6,4,2,2,0.0203,0.8576,0.1424,0.2972,0.000381,0,51.07
2026-01-15,1,15,3,3,0,0,1,0,debit_card,branch,west,premium,desktop,0,0,0,614,43.47,262,11,6,5,0,3,0.0184,0.8667,0.1333,0.2159,0.000292,1,0.0
2026-01-15,1,15,3,3,0,0,1,0,debit_card,branch,west,retail,desktop,0,0,0,910,67.39,550,17,9,2,0,4,0.0201,0.8517,0.1483,0.2036,0.000413,0,0.0
2026-01-15,1,15,3,3,0,0,1,0,debit_card,mobile_app,east,premium,android,0,0,0,2651,46.87,1755,15,17,14,1,16,0.0247,0.8711,0.1289,0.5348,0.000432,4,116.01
2026-01-15,1,15,3,3,0,0,1,0,debit_card,mobile_app,east,retail,ios,0,0,0,3079,77.81,2023,34,19,8,5,9,0.0275,0.8601,0.1399,0.38,0.000615,1,113.88
2026-01-15,1,15,3,3,0,0,1,0,debit_card,mobile_app,north,premium,android,0,0,0,2331,76.07,1132,11,23,9,2,11,0.0183,0.85,0.15,0.5804,0.000453,2,234.66
2026-01-15,1,15,3,3,0,0,1,0,debit_card,mobile_app,north,retail,android,0,0,0,3497,57.29,1504,19,25,9,1,9,0.0282,0.8714,0.1286,0.5405,0.000608,1,125.06
2026-01-15,1,15,3,3,0,0,1,0,debit_card,mobile_app,south,premium,android,0,0,0,2419,67.83,805,18,20,12,1,11,0.02,0.8501,0.1499,0.5522,0.000502,0,12.0
2026-01-15,1,15,3,3,0,0,1,0,debit_card,mobile_app,south,retail,android,0,0,0,3656,90.0,1160,36,21,10,1,12,0.0178,0.845,0.155,0.479,0.000679,1,45.66
2026-01-15,1,15,3,3,0,0,1,0,debit_card,mobile_app,west,premium,android,0,0,0,2806,90.18,880,11,24,11,4,17,0.0221,0.8595,0.1405,0.5106,0.000496,2,116.44
2026-01-15,1,15,3,3,0,0,1,0,debit_card,mobile_app,west,retail,android,0,0,0,3632,44.8,1552,38,16,11,0,18,0.0274,0.8407,0.1593,0.5185,0.000709,4,236.67
2026-01-15,1,15,3,3,0,0,1,0,debit_card,web,east,premium,desktop,0,0,0,1233,61.49,563,8,11,9,2,7,0.0157,0.8633,0.1367,0.2011,0.000371,1,82.62
2026-01-15,1,15,3,3,0,0,1,0,debit_card,web,east,retail,desktop,0,0,0,1905,36.17,1223,18,14,8,3,7,0.0215,0.864,0.136,0.2489,0.000511,1,20.24
2026-01-15,1,15,3,3,0,0,1,0,debit_card,web,north,premium,desktop,0,0,0,1267,31.8,817,12,12,7,0,7,0.0171,0.8672,0.1328,0.2949,0.000382,0,101.73
2026-01-15,1,15,3,3,0,0,1,0,debit_card,web,north,retail,desktop,0,0,0,2018,63.19,724,30,9,10,0,6,0.0173,0.8367,0.1633,0.2384,0.000534,0,0.0
2026-01-15,1,15,3,3,0,0,1,0,debit_card,web,south,premium,android,0,0,0,1840,64.45,860,9,15,11,1,7,0.0254,0.8662,0.1338,0.4565,0.000452,1,80.36
2026-01-15,1,15,3,3,0,0,1,0,debit_card,web,south,retail,ios,0,0,0,2604,37.51,1531,15,23,7,3,11,0.0301,0.8468,0.1532,0.1976,0.00062,1,38.95
2026-01-15,1,15,3,3,0,0,1,0,debit_card,web,west,premium,desktop,0,0,0,1572,49.62,999,13,17,8,2,11,0.0154,0.8625,0.1375,0.2888,0.000418,0,25.69
2026-01-15,1,15,3,3,0,0,1,0,debit_card,web,west,retail,desktop,0,0,0,2014,67.09,1070,14,19,7,2,5,0.0133,0.8608,0.1392,0.2062,0.000614,0,0.0
2026-01-15,1,15,3,3,0,0,1,0,digital_wallet,branch,east,premium,desktop,0,0,0,370,58.56,173,6,7,4,0,4,0.0164,0.8475,0.1525,0.2443,0.000368,0,64.97
2026-01-15,1,15,3,3,0,0,1,0,digital_wallet,branch,east,retail,desktop,0,0,0,816,59.83,366,13,13,6,5,9,0.0239,0.8514,0.1486,0.2658,0.000559,1,45.63
2026-01-15,1,15,3,3,0,0,1,0,digital_wallet,branch,north,premium,desktop,0,0,0,505,94.09,196,11,7,1,0,4,0.0236,0.8518,0.1482,0.3051,0.000382,0,0.0
2026-01-15,1,15,3,3,0,0,1,0,digital_wallet,branch,north,retail,desktop,0,0,0,694,58.82,397,12,7,5,0,4,0.0234,0.8702,0.1298,0.2477,0.000521,0,0.0
2026-01-15,1,15,3,3,0,0,1,0,digital_wallet,branch,south,premium,desktop,0,0,0,488,44.14,200,11,13,4,1,8,0.0168,0.8537,0.1463,0.2635,0.000412,0,46.52
2026-01-15,1,15,3,3,0,0,1,0,digital_wallet,branch,south,retail,desktop,0,0,0,618,51.51,175,15,15,4,0,11,0.0164,0.8674,0.1326,0.3286,0.000605,1,62.75
2026-01-15,1,15,3,3,0,0,1,0,digital_wallet,branch,west,premium,desktop,0,0,0,478,62.75,163,3,13,7,0,7,0.0177,0.8523,0.1477,0.2556,0.000454,0,0.0
2026-01-15,1,15,3,3,0,0,1,0,digital_wallet,branch,west,retail,desktop,0,0,0,659,80.97,219,24,14,6,3,7,0.0125,0.8729,0.1271,0.2569,0.000625,1,112.85
2026-01-15,1,15,3,3,0,0,1,0,digital_wallet,mobile_app,east,premium,ios,0,0,0,1904,92.36,753,10,25,3,4,11,0.0145,0.8563,0.1437,0.3914,0.000636,1,36.93
2026-01-15,1,15,3,3,0,0,1,0,digital_wallet,mobile_app,east,retail,ios,0,0,0,2523,98.44,1489,23,25,8,5,16,0.0168,0.859,0.141,0.3215,0.000887,0,29.75
2026-01-15,1,15,3,3,0,0,1,0,digital_wallet,mobile_app,north,premium,android,0,0,0,2029,48.55,615,15,24,19,1,14,0.0171,0.8691,0.1309,0.5086,0.000664,2,145.97
2026-01-15,1,15,3,3,0,0,1,0,digital_wallet,mobile_app,north,retail,ios,0,0,0,2777,40.76,1171,21,21,10,2,16,0.0184,0.847,0.153,0.366,0.000918,2,99.29
2026-01-15,1,15,3,3,0,0,1,0,digital_wallet,mobile_app,south,premium,ios,0,0,0,2066,116.52,1179,9,20,11,0,22,0.0284,0.871,0.129,0.2884,0.000726,3,412.3
2026-01-15,1,15,3,3,0,0,1,0,digital_wallet,mobile_app,south,retail,android,0,0,0,2727,107.34,926,22,20,5,3,10,0.0247,0.8437,0.1563,0.5116,0.000986,1,91.4
2026-01-15,1,15,3,3,0,0,1,0,digital_wallet,mobile_app,west,premium,android,0,0,0,2529,44.18,889,11,32,6,5,23,0.0246,0.8455,0.1545,0.4403,0.000743,4,258.68
2026-01-15,1,15,3,3,0,0,1,0,digital_wallet,mobile_app,west,retail,android,0,0,0,3314,28.35,1307,27,27,12,5,31,0.0188,0.8676,0.1324,0.5689,0.001023,5,182.94
2026-01-15,1,15,3,3,0,0,1,0,digital_wallet,web,east,premium,desktop,0,0,0,1063,68.25,458,14,10,4,1,2,0.0196,0.8578,0.1422,0.2612,0.000525,0,0.0
2026-01-15,1,15,3,3,0,0,1,0,digital_wallet,web,east,retail,desktop,0,0,0,1622,63.53,798,15,15,5,2,6,0.0185,0.8525,0.1475,0.2679,0.000733,0,0.0
2026-01-15,1,15,3,3,0,0,1,0,digital_wallet,web,north,premium,desktop,0,0,0,1244,79.88,399,7,10,17,3,4,0.0192,0.8542,0.1458,0.2316,0.000552,0,54.23
2026-01-15,1,15,3,3,0,0,1,0,digital_wallet,web,north,retail,desktop,0,0,0,1748,103.09,621,20,13,5,3,5,0.0195,0.8408,0.1592,0.2495,0.000764,1,127.06
2026-01-15,1,15,3,3,0,0,1,0,digital_wallet,web,south,premium,desktop,0,0,0,985,70.72,455,8,11,7,1,2,0.0284,0.8565,0.1435,0.2422,0.000597,0,48.17
2026-01-15,1,15,3,3,0,0,1,0,digital_wallet,web,south,retail,desktop,0,0,0,1579,34.68,605,14,20,6,3,8,0.0208,0.8603,0.1397,0.2541,0.000804,0,24.01
2026-01-15,1,15,3,3,0,0,1,0,digital_wallet,web,west,premium,desktop,0,0,0,1202,45.69,479,6,16,8,2,9,0.0223,0.8718,0.1282,0.2944,0.000615,0,0.0
2026-01-15,1,15,3,3,0,0,1,0,digital_wallet,web,west,retail,desktop,0,0,0,1933,47.82,659,18,13,5,2,10,0.0197,0.8624,0.1376,0.2314,0.000877,1,33.12
2026-01-16,1,16,4,3,0,0,0,0,credit_card,branch,east,premium,desktop,0,0,0,643,89.79,220,10,12,6,2,10,0.0196,0.871,0.129,0.1992,0.000328,2,146.7
2026-01-16,1,16,4,3,0,0,0,0,credit_card,branch,east,retail,desktop,0,0,0,811,67.08,274,22,13,8,1,6,0.0262,0.8583,0.1417,0.2759,0.000484,1,96.96
2026-01-16,1,16,4,3,0,0,0,0,credit_card,branch,north,premium,desktop,0,0,0,593,59.58,150,17,9,1,0,8,0.019,0.8756,0.1244,0.2457,0.000332,1,23.15
2026-01-16,1,16,4,3,0,0,0,0,credit_card,branch,north,retail,desktop,0,0,0,849,121.13,566,19,9,2,3,2,0.0225,0.8803,0.1197,0.2649,0.000484,0,0.0
2026-01-16,1,16,4,3,0,0,0,0,credit_card,branch,south,premium,desktop,0,0,0,604,73.47,176,14,8,5,0,3,0.0184,0.8504,0.1496,0.2692,0.000352,0,0.0
2026-01-16,1,16,4,3,0,0,0,0,credit_card,branch,south,retail,desktop,0,0,0,874,67.18,323,25,13,6,1,6,0.021,0.8469,0.1531,0.2409,0.000506,0,17.21
2026-01-16,1,16,4,3,0,0,0,0,credit_card,branch,west,premium,desktop,0,0,0,431,52.77,131,14,9,3,1,3,0.0154,0.8706,0.1294,0.2483,0.000363,0,41.5
2026-01-16,1,16,4,3,0,0,0,0,credit_card,branch,west,retail,desktop,0,0,0,922,58.06,420,20,12,5,2,3,0.015,0.866,0.134,0.2413,0.000555,0,0.0
2026-01-16,1,16,4,3,0,0,0,0,credit_card,mobile_app,east,premium,android,0,0,0,2922,75.26,1893,17,17,10,3,7,0.0189,0.8437,0.1563,0.5992,0.000516,1,190.38
2026-01-16,1,16,4,3,0,0,0,0,credit_card,mobile_app,east,retail,android,0,0,0,3542,108.09,1683,28,26,18,5,18,0.0167,0.8602,0.1398,0.5372,0.000781,3,348.32
2026-01-16,1,16,4,3,0,0,0,0,credit_card,mobile_app,north,premium,ios,0,0,0,2667,75.33,1440,21,25,9,4,13,0.0265,0.8784,0.1216,0.348,0.000556,1,60.94
2026-01-16,1,16,4,3,0,0,0,0,credit_card,mobile_app,north,retail,android,0,0,0,3855,50.85,1778,41,25,8,4,27,0.0187,0.8578,0.1422,0.5778,0.000797,4,289.03
2026-01-16,1,16,4,3,0,0,0,0,credit_card,mobile_app,south,premium,ios,0,0,0,1948,99.32,805,16,18,9,2,17,0.0245,0.8557,0.1443,0.3532,0.000614,3,321.02
2026-01-16,1,16,4,3,0,0,0,0,credit_card,mobile_app,south,retail,ios,0,0,0,3307,72.26,1687,34,25,13,6,10,0.0152,0.8695,0.1305,0.3205,0.000857,1,62.92
2026-01-16,1,16,4,3,0,0,0,0,credit_card,mobile_app,west,premium,android,0,0,0,2665,70.6,1160,19,18,6,0,12,0.0197,0.867,0.133,0.5427,0.000615,1,87.24
2026-01-16,1,16,4,3,0,0,0,0,credit_card,mobile_app,west,retail,android,0,0,0,4244,94.26,1372,28,20,12,4,24,0.0129,0.8623,0.1377,0.5417,0.000866,3,434.13
2026-01-16,1,16,4,3,0,0,0,0,credit_card,web,east,premium,android,0,0,0,2418,98.07,1069,8,13,8,3,9,0.0308,0.8719,0.1281,0.4267,0.000458,1,145.69
2026-01-16,1,16,4,3,0,0,0,0,credit_card,web,east,retail,desktop,0,0,0,2234,78.96,845,15,15,4,5,12,0.022,0.8635,0.1365,0.257,0.000666,2,238.56
2026-01-16,1,16,4,3,0,0,0,0,credit_card,web,north,premium,desktop,0,0,0,1500,44.05,1000,13,11,4,3,2,0.0232,0.849,0.151,0.274,0.000493,0,0.22
2026-01-16,1,16,4,3,0,0,0,0,credit_card,web,north,retail,desktop,0,0,0,2063,85.53,625,29,20,8,5,16,0.02,0.861,0.139,0.2835,0.000715,3,347.27
2026-01-16,1,16,4,3,0,0,0,0,credit_card,web,south,premium,android,0,0,0,2088,44.32,730,12,14,11,3,6,0.0194,0.8793,0.1207,0.4207,0.000501,1,76.73
2026-01-16,1,16,4,3,0,0,0,0,credit_card,web,south,retail,android,0,0,0,2611,55.46,798,23,20,3,4,16,0.0203,0.845,0.155,0.3747,0.000735,2,105.77
2026-01-16,1,16,4,3,0,0,0,0,credit_card,web,west,premium,desktop,0,0,0,1510,44.26,530,11,14,4,1,6,0.0122,0.8549,0.1451,0.2367,0.000563,1,36.55
2026-01-16,1,16,4,3,0,0,0,0,credit_card,web,west,retail,android,0,0,0,3287,99.54,1088,24,20,7,3,20,0.021,0.8618,0.1382,0.4449,0.000794,4,465.83
2026-01-16,1,16,4,3,0,0,0,0,debit_card,branch,east,premium,desktop,0,0,0,421,47.86,201,12,11,3,2,5,0.0229,0.8616,0.1384,0.2869,0.000256,0,0.0
2026-01-16,1,16,4,3,0,0,0,0,debit_card,branch,east,retail,desktop,0,0,0,633,54.36,302,22,11,3,4,5,0.0251,0.8521,0.1479,0.2905,0.000346,0,0.0
2026-01-16,1,16,4,3,0,0,0,0,debit_card,branch,north,premium,desktop,0,0,0,491,40.89,159,8,12,6,1,2,0.0238,0.87,0.13,0.1657,0.000256,0,48.49
2026-01-16,1,16,4,3,0,0,0,0,debit_card,branch,north,retail,desktop,0,0,0,744,28.45,241,20,11,4,1,7,0.0151,0.8817,0.1183,0.2848,0.000401,0,39.43
2026-01-16,1,16,4,3,0,0,0,0,debit_card,branch,south,premium,desktop,0,0,0,439,50.07,154,16,8,2,3,4,0.0213,0.8518,0.1482,0.272,0.000279,0,0.0
2026-01-16,1,16,4,3,0,0,0,0,debit_card,branch,south,retail,desktop,0,0,0,560,51.06,249,19,10,7,0,5,0.0192,0.8587,0.1413,0.2152,0.0004,0,0.0
2026-01-16,1,16,4,3,0,0,0,0,debit_card,branch,west,premium,desktop,0,0,0,520,38.7,150,12,9,5,1,5,0.0254,0.8675,0.1325,0.3169,0.000308,0,0.0
2026-01-16,1,16,4,3,0,0,0,0,debit_card,branch,west,retail,desktop,0,0,0,720,190.9,410,20,11,8,1,9,0.0211,0.8652,0.1348,0.2885,0.000442,1,250.23
2026-01-16,1,16,4,3,0,0,0,0,debit_card,mobile_app,east,premium,android,0,0,0,1889,95.98,1093,16,18,13,0,10,0.0174,0.8645,0.1355,0.5223,0.000442,2,128.1
2026-01-16,1,16,4,3,0,0,0,0,debit_card,mobile_app,east,retail,android,0,0,0,3153,76.76,1483,30,21,13,0,16,0.0196,0.8585,0.1415,0.5281,0.000632,3,265.09
2026-01-16,1,16,4,3,0,0,0,0,debit_card,mobile_app,north,premium,ios,0,0,0,1792,59.65,1072,13,20,11,1,11,0.0206,0.855,0.145,0.3936,0.00045,0,0.0
2026-01-16,1,16,4,3,0,0,0,0,debit_card,mobile_app,north,retail,android,0,0,0,3522,143.17,1171,20,25,7,1,9,0.0207,0.8648,0.1352,0.5606,0.000622,2,360.23
2026-01-16,1,16,4,3,0,0,0,0,debit_card,mobile_app,south,premium,ios,0,0,0,1719,51.18,941,15,12,11,1,8,0.0285,0.8749,0.1251,0.3535,0.00048,1,16.96
2026-01-16,1,16,4,3,0,0,0,0,debit_card,mobile_app,south,retail,ios,0,0,0,2834,57.58,1872,30,21,14,3,10,0.0197,0.852,0.148,0.2816,0.000665,3,138.93
2026-01-16,1,16,4,3,0,0,0,0,debit_card,mobile_app,west,premium,ios,0,0,0,2113,65.39,667,18,21,13,0,7,0.0175,0.8709,0.1291,0.4196,0.000479,1,24.28
2026-01-16,1,16,4,3,0,0,0,0,debit_card,mobile_app,west,retail,ios,0,0,0,2794,49.91,1045,34,21,7,3,13,0.0159,0.868,0.132,0.3821,0.000704,3,205.28
2026-01-16,1,16,4,3,0,0,0,0,debit_card,web,east,premium,ios,0,0,0,1862,66.51,586,11,9,6,1,5,0.019,0.8689,0.1311,0.2296,0.000353,1,21.21
2026-01-16,1,16,4,3,0,0,0,0,debit_card,web,east,retail,desktop,0,0,0,1742,67.36,523,22,17,6,1,13,0.0141,0.8777,0.1223,0.2387,0.000525,2,202.86
2026-01-16,1,16,4,3,0,0,0,0,debit_card,web,north,premium,desktop,0,0,0,1283,103.07,826,12,15,7,1,6,0.0166,0.8581,0.1419,0.2607,0.000382,1,86.54
2026-01-16,1,16,4,3,0,0,0,0,debit_card,web,north,retail,android,0,0,0,2723,55.31,823,16,16,6,0,13,0.0259,0.8447,0.1553,0.3935,0.000569,3,197.81
2026-01-16,1,16,4,3,0,0,0,0,debit_card,web,south,premium,desktop,0,0,0,1249,72.38,396,7,11,7,2,9,0.0154,0.8504,0.1496,0.2729,0.000427,1,105.6
2026-01-16,1,16,4,3,0,0,0,0,debit_card,web,south,retail,desktop,0,0,0,1568,51.5,739,18,8,4,4,11,0.0144,0.8665,0.1335,0.2233,0.000579,2,102.6
2026-01-16,1,16,4,3,0,0,0,0,debit_card,web,west,premium,desktop,0,0,0,1356,53.55,624,6,14,9,2,6,0.0196,0.8407,0.1593,0.2142,0.000422,1,48.62
2026-01-16,1,16,4,3,0,0,0,0,debit_card,web,west,retail,desktop,0,0,0,1864,50.3,1024,22,14,8,3,6,0.0207,0.8686,0.1314,0.2806,0.00057,1,13.95
2026-01-16,1,16,4,3,0,0,0,0,digital_wallet,branch,east,premium,desktop,0,0,0,360,29.67,189,8,10,4,3,3,0.0208,0.8369,0.1631,0.264,0.000378,0,5.16
2026-01-16,1,16,4,3,0,0,0,0,digital_wallet,branch,east,retail,desktop,0,0,0,573,115.25,375,11,8,3,4,5,0.0198,0.8712,0.1288,0.2847,0.000535,0,7.47
2026-01-16,1,16,4,3,0,0,0,0,digital_wallet,branch,north,premium,desktop,0,0,0,436,73.85,185,15,9,7,1,8,0.0183,0.865,0.135,0.2643,0.000391,1,100.78
2026-01-16,1,16,4,3,0,0,0,0,digital_wallet,branch,north,retail,desktop,0,0,0,627,70.62,233,14,9,8,2,2,0.0198,0.8627,0.1373,0.1956,0.000565,0,0.0
2026-01-16,1,16,4,3,0,0,0,0,digital_wallet,branch,south,premium,desktop,0,0,0,451,57.6,126,7,13,7,1,7,0.0192,0.8719,0.1281,0.3049,0.000442,1,0.0
2026-01-16,1,16,4,3,0,0,0,0,digital_wallet,branch,south,retail,desktop,0,0,0,556,39.63,190,17,16,3,3,7,0.0216,0.8793,0.1207,0.2553,0.000591,0,31.87
2026-01-16,1,16,4,3,0,0,0,0,digital_wallet,branch,west,premium,desktop,0,0,0,412,55.62,215,11,9,6,1,3,0.0192,0.8584,0.1416,0.2277,0.000465,0,0.0
2026-01-16,1,16,4,3,0,0,0,0,digital_wallet,branch,west,retail,desktop,0,0,0,644,102.84,362,15,10,10,4,4,0.0192,0.8685,0.1315,0.2619,0.000624,0,0.0
2026-01-16,1,16,4,3,0,0,0,0,digital_wallet,mobile_app,east,premium,ios,0,0,0,1620,56.82,721,12,24,16,3,9,0.0194,0.8565,0.1435,0.3282,0.000652,1,71.33
2026-01-16,1,16,4,3,0,0,0,0,digital_wallet,mobile_app,east,retail,android,0,0,0,2801,50.53,919,19,19,10,3,12,0.0188,0.8779,0.1221,0.6042,0.000859,2,167.81
2026-01-16,1,16,4,3,0,0,0,0,digital_wallet,mobile_app,north,premium,ios,0,0,0,1760,49.11,791,13,19,9,7,13,0.0173,0.848,0.152,0.3777,0.000641,1,73.22
2026-01-16,1,16,4,3,0,0,0,0,digital_wallet,mobile_app,north,retail,android,0,0,0,2696,68.15,1060,15,14,13,1,15,0.0179,0.8751,0.1249,0.5169,0.000901,2,80.51
2026-01-16,1,16,4,3,0,0,0,0,digital_wallet,mobile_app,south,premium,ios,0,0,0,1170,61.38,398,19,21,11,7,3,0.0094,0.8558,0.1442,0.3064,0.000699,0,0.0
2026-01-16,1,16,4,3,0,0,0,0,digital_wallet,mobile_app,south,retail,ios,0,0,0,2528,39.32,1358,29,20,7,2,19,0.0181,0.8708,0.1292,0.3925,0.000974,3,182.0
2026-01-16,1,16,4,3,0,0,0,0,digital_wallet,mobile_app,west,premium,android,0,0,0,1841,57.37,1172,12,14,15,2,14,0.0157,0.865,0.135,0.5222,0.0007,3,220.51
2026-01-16,1,16,4,3,0,0,0,0,digital_wallet,mobile_app,west,retail,ios,0,0,0,2852,71.23,1328,22,25,15,6,14,0.0181,0.8616,0.1384,0.35,0.001056,5,381.24
2026-01-16,1,16,4,3,0,0,0,0,digital_wallet,web,east,premium,desktop,0,0,0,1023,46.72,312,10,18,10,6,10,0.0151,0.8579,0.1421,0.2506,0.000524,0,23.03
2026-01-16,1,16,4,3,0,0,0,0,digital_wallet,web,east,retail,ios,0,0,0,1932,78.28,1269,17,9,9,6,11,0.0202,0.8573,0.1427,0.2527,0.000694,2,270.59
2026-01-16,1,16,4,3,0,0,0,0,digital_wallet,web,north,premium,desktop,0,0,0,1030,74.75,391,9,10,7,1,5,0.0217,0.8436,0.1564,0.2581,0.000542,0,0.0
2026-01-16,1,16,4,3,0,0,0,0,digital_wallet,web,north,retail,ios,0,0,0,2135,125.65,1270,17,12,6,5,12,0.0213,0.8599,0.1401,0.2286,0.000768,2,239.28
2026-01-16,1,16,4,3,0,0,0,0,digital_wallet,web,south,premium,desktop,0,0,0,851,94.02,454,9,14,4,4,8,0.0225,0.8607,0.1393,0.2765,0.000624,0,52.5
2026-01-16,1,16,4,3,0,0,0,0,digital_wallet,web,south,retail,android,0,0,0,2091,38.1,1104,17,7,9,1,2,0.0164,0.8569,0.1431,0.4443,0.000824,0,0.0
2026-01-16,1,16,4,3,0,0,0,0,digital_wallet,web,west,premium,desktop,0,0,0,1000,68.47,343,14,11,7,3,4,0.0276,0.8415,0.1585,0.2064,0.000663,0,0.0
2026-01-16,1,16,4,3,0,0,0,0,digital_wallet,web,west,retail,ios,0,0,0,2485,64.3,900,19,10,3,2,9,0.025,0.8642,0.1358,0.2856,0.000888,3,286.08
2026-01-17,1,17,5,3,1,0,0,0,credit_card,branch,east,premium,desktop,0,0,0,443,84.76,146,11,10,4,1,5,0.0205,0.8471,0.1529,0.2377,0.000327,0,0.0
2026-01-17,1,17,5,3,1,0,0,0,credit_card,branch,east,retail,desktop,0,0,0,633,44.03,204,25,12,6,2,2,0.0234,0.8405,0.1595,0.2719,0.000469,0,23.13
2026-01-17,1,17,5,3,1,0,0,0,credit_card,branch,north,premium,desktop,0,0,0,487,89.21,228,10,14,6,1,7,0.0275,0.8532,0.1468,0.2603,0.000332,0,0.0
2026-01-17,1,17,5,3,1,0,0,0,credit_card,branch,north,retail,desktop,0,0,0,657,44.69,245,26,13,6,2,7,0.0238,0.8563,0.1437,0.2108,0.000494,0,0.0
2026-01-17,1,17,5,3,1,0,0,0,credit_card,branch,south,premium,desktop,0,0,0,453,72.28,128,6,10,10,1,3,0.0127,0.8465,0.1535,0.2,0.000377,0,75.05
2026-01-17,1,17,5,3,1,0,0,0,credit_card,branch,south,retail,desktop,0,0,0,825,115.9,322,23,6,7,5,7,0.0119,0.8616,0.1384,0.2088,0.00053,1,115.87
2026-01-17,1,17,5,3,1,0,0,0,credit_card,branch,west,premium,desktop,0,0,0,550,65.24,185,11,12,5,1,7,0.0255,0.8563,0.1437,0.2787,0.000401,0,16.51
2026-01-17,1,17,5,3,1,0,0,0,credit_card,branch,west,retail,desktop,0,0,0,697,59.41,257,25,13,5,4,6,0.0301,0.8511,0.1489,0.2191,0.000539,0,0.0
2026-01-17,1,17,5,3,1,0,0,0,credit_card,mobile_app,east,premium,ios,0,0,0,2161,58.45,1125,18,25,8,1,15,0.0153,0.8515,0.1485,0.3879,0.000557,2,70.76
2026-01-17,1,17,5,3,1,0,0,0,credit_card,mobile_app,east,retail,ios,0,0,0,3075,66.45,981,35,25,13,2,20,0.0247,0.8507,0.1493,0.3319,0.000774,2,124.1
2026-01-17,1,17,5,3,1,0,0,0,credit_card,mobile_app,north,premium,ios,0,0,0,1981,72.68,824,15,33,10,1,26,0.0218,0.869,0.131,0.343,0.000571,2,99.07
2026-01-17,1,17,5,3,1,0,0,0,credit_card,mobile_app,north,retail,ios,0,0,0,3214,74.0,1518,50,28,12,1,28,0.0138,0.8587,0.1413,0.3945,0.000802,4,277.11
2026-01-17,1,17,5,3,1,0,0,0,credit_card,mobile_app,south,premium,android,0,0,0,2091,87.83,856,13,20,5,1,8,0.0211,0.8377,0.1623,0.5417,0.000616,0,39.83
2026-01-17,1,17,5,3,1,0,0,0,credit_card,mobile_app,south,retail,android,0,0,0,2926,75.41,1086,31,28,10,2,23,0.0221,0.8472,0.1528,0.5457,0.000862,5,326.84
2026-01-17,1,17,5,3,1,0,0,0,credit_card,mobile_app,west,premium,android,0,0,0,2433,56.91,901,19,19,10,1,10,0.0272,0.8408,0.1592,0.5117,0.000648,0,30.63
2026-01-17,1,17,5,3,1,0,0,0,credit_card,mobile_app,west,retail,ios,0,0,0,3347,99.39,1398,34,16,19,1,18,0.0138,0.8612,0.1388,0.3489,0.000911,4,590.73
2026-01-17,1,17,5,3,1,0,0,0,credit_card,web,east,premium,desktop,0,0,0,1252,69.74,361,11,15,7,1,5,0.0137,0.8547,0.1453,0.2335,0.000487,0,4.24
2026-01-17,1,17,5,3,1,0,0,0,credit_card,web,east,retail,desktop,0,0,0,1828,81.05,574,18,16,10,2,3,0.0188,0.8437,0.1563,0.2785,0.000677,0,0.0
2026-01-17,1,17,5,3,1,0,0,0,credit_card,web,north,premium,desktop,0,0,0,1209,76.68,399,17,20,6,4,12,0.0243,0.8674,0.1326,0.263,0.000503,1,102.55
2026-01-17,1,17,5,3,1,0,0,0,credit_card,web,north,retail,desktop,0,0,0,1730,59.52,691,31,16,12,1,16,0.024,0.851,0.149,0.2563,0.00073,2,128.94
2026-01-17,1,17,5,3,1,0,0,0,credit_card,web,south,premium,ios,0,0,0,1608,105.66,593,21,18,3,1,9,0.0216,0.8349,0.1651,0.2548,0.000522,1,141.16
2026-01-17,1,17,5,3,1,0,0,0,credit_card,web,south,retail,desktop,0,0,0,2006,84.41,884,17,12,5,2,10,0.021,0.8701,0.1299,0.2032,0.000767,4,464.59
2026-01-17,1,17,5,3,1,0,0,0,credit_card,web,west,premium,android,0,0,0,1878,91.03,693,12,23,3,2,13,0.0182,0.8489,0.1511,0.4529,0.000566,1,162.17
2026-01-17,1,17,5,3,1,0,0,0,credit_card,web,west,retail,desktop,0,0,0,2012,83.97,861,21,16,1,2,5,0.0199,0.8433,0.1567,0.2504,0.000771,1,118.16
2026-01-17,1,17,5,3,1,0,0,0,debit_card,branch,east,premium,desktop,0,0,0,353,46.27,129,7,12,3,0,4,0.0248,0.8487,0.1513,0.1989,0.000259,0,1.48
2026-01-17,1,17,5,3,1,0,0,0,debit_card,branch,east,retail,desktop,0,0,0,589,47.4,228,20,13,8,0,7,0.0189,0.8695,0.1305,0.2337,0.000373,0,0.0
2026-01-17,1,17,5,3,1,0,0,0,debit_card,branch,north,premium,desktop,0,0,0,431,96.55,134,13,15,4,0,12,0.0259,0.8388,0.1612,0.2265,0.000264,1,119.58
2026-01-17,1,17,5,3,1,0,0,0,debit_card,branch,north,retail,desktop,0,0,0,615,96.86,191,20,11,4,1,4,0.0117,0.8506,0.1494,0.2767,0.000389,0,13.93
2026-01-17,1,17,5,3,1,0,0,0,debit_card,branch,south,premium,desktop,0,0,0,394,89.3,190,17,12,2,1,6,0.0144,0.8579,0.1421,0.2838,0.000291,0,26.4
2026-01-17,1,17,5,3,1,0,0,0,debit_card,branch,south,retail,desktop,0,0,0,595,67.46,305,31,18,3,1,9,0.0238,0.8543,0.1457,0.2427,0.000417,0,41.12
2026-01-17,1,17,5,3,1,0,0,0,debit_card,branch,west,premium,desktop,0,0,0,468,53.71,169,14,19,5,1,5,0.014,0.8463,0.1537,0.2151,0.000315,0,0.0
2026-01-17,1,17,5,3,1,0,0,0,debit_card,branch,west,retail,desktop,0,0,0,738,55.06,245,25,18,10,0,11,0.013,0.8434,0.1566,0.2337,0.000441,0,0.0
2026-01-17,1,17,5,3,1,0,0,0,debit_card,mobile_app,east,premium,android,0,0,0,1899,32.34,1100,11,39,9,3,7,0.0137,0.8585,0.1415,0.5204,0.00043,0,0.0
2026-01-17,1,17,5,3,1,0,0,0,debit_card,mobile_app,east,retail,android,0,0,0,2721,83.72,1571,26,25,11,3,8,0.0142,0.8461,0.1539,0.5455,0.00061,1,73.9
2026-01-17,1,17,5,3,1,0,0,0,debit_card,mobile_app,north,premium,android,0,0,0,1805,103.94,874,15,30,12,1,20,0.0157,0.8625,0.1375,0.5188,0.000455,1,65.95
2026-01-17,1,17,5,3,1,0,0,0,debit_card,mobile_app,north,retail,ios,0,0,0,2692,74.85,1046,31,23,6,0,16,0.0172,0.8605,0.1395,0.3572,0.000628,1,58.97
2026-01-17,1,17,5,3,1,0,0,0,debit_card,mobile_app,south,premium,ios,0,0,0,1753,47.88,688,20,16,9,3,8,0.025,0.8522,0.1478,0.3203,0.000478,0,3.88
2026-01-17,1,17,5,3,1,0,0,0,debit_card,mobile_app,south,retail,android,0,0,0,2425,71.99,919,21,21,10,3,13,0.0188,0.8343,0.1657,0.5591,0.000652,1,111.33
2026-01-17,1,17,5,3,1,0,0,0,debit_card,mobile_app,west,premium,android,0,0,0,1805,98.32,533,18,29,13,3,16,0.0174,0.8599,0.1401,0.5733,0.000515,0,0.0
2026-01-17,1,17,5,3,1,0,0,0,debit_card,mobile_app,west,retail,android,0,0,0,3099,80.91,1088,26,21,11,3,23,0.024,0.8416,0.1584,0.5004,0.00069,4,333.17
2026-01-17,1,17,5,3,1,0,0,0,debit_card,web,east,premium,desktop,0,0,0,1205,94.02,434,12,19,5,0,7,0.021,0.8468,0.1532,0.2216,0.000357,0,26.05
2026-01-17,1,17,5,3,1,0,0,0,debit_card,web,east,retail,ios,0,0,0,2066,67.99,907,27,17,6,2,11,0.0185,0.8515,0.1485,0.2963,0.000502,1,58.79
2026-01-17,1,17,5,3,1,0,0,0,debit_card,web,north,premium,android,0,0,0,1422,63.26,780,9,17,4,4,11,0.0199,0.8568,0.1432,0.4363,0.000399,1,61.74
2026-01-17,1,17,5,3,1,0,0,0,debit_card,web,north,retail,ios,0,0,0,2186,89.44,1220,32,20,6,1,9,0.0175,0.8568,0.1432,0.2044,0.000561,1,93.23
2026-01-17,1,17,5,3,1,0,0,0,debit_card,web,south,premium,desktop,0,0,0,1061,70.35,632,13,15,5,0,10,0.0164,0.8671,0.1329,0.2744,0.000424,1,98.07
2026-01-17,1,17,5,3,1,0,0,0,debit_card,web,south,retail,ios,0,0,0,2147,65.62,750,19,16,3,0,12,0.0129,0.8576,0.1424,0.1764,0.000585,1,112.0
2026-01-17,1,17,5,3,1,0,0,0,debit_card,web,west,premium,desktop,0,0,0,1160,48.93,434,7,16,2,1,11,0.0175,0.8503,0.1497,0.2531,0.0004,1,45.92
2026-01-17,1,17,5,3,1,0,0,0,debit_card,web,west,retail,android,0,0,0,2402,60.83,890,24,11,4,2,8,0.0184,0.845,0.155,0.4276,0.000597,1,94.92
2026-01-17,1,17,5,3,1,0,0,0,digital_wallet,branch,east,premium,desktop,0,0,0,335,88.46,100,10,12,6,0,10,0.0176,0.8426,0.1574,0.2672,0.000393,1,56.75
2026-01-17,1,17,5,3,1,0,0,0,digital_wallet,branch,east,retail,desktop,0,0,0,443,67.58,157,15,15,1,0,8,0.0198,0.8495,0.1505,0.254,0.000533,0,32.02
2026-01-17,1,17,5,3,1,0,0,0,digital_wallet,branch,north,premium,desktop,0,0,0,371,74.21,113,10,12,4,1,6,0.0195,0.851,0.149,0.2524,0.000389,0,8.0
2026-01-17,1,17,5,3,1,0,0,0,digital_wallet,branch,north,retail,desktop,0,0,0,444,23.76,205,20,10,5,2,2,0.0231,0.8689,0.1311,0.3182,0.000525,0,0.0
2026-01-17,1,17,5,3,1,0,0,0,digital_wallet,branch,south,premium,desktop,0,0,0,304,44.63,100,8,10,4,3,5,0.0169,0.8591,0.1409,0.2611,0.00043,0,0.0
2026-01-17,1,17,5,3,1,0,0,0,digital_wallet,branch,south,retail,desktop,0,0,0,463,52.4,202,15,11,5,2,6,0.0169,0.8702,0.1298,0.242,0.000611,1,66.38
2026-01-17,1,17,5,3,1,0,0,0,digital_wallet,branch,west,premium,desktop,0,0,0,386,75.06,255,13,12,9,2,2,0.0111,0.8447,0.1553,0.2636,0.000435,0,0.0
2026-01-17,1,17,5,3,1,0,0,0,digital_wallet,branch,west,retail,desktop,0,0,0,583,45.48,221,22,15,3,2,11,0.0232,0.8479,0.1521,0.2154,0.000619,1,57.97
2026-01-17,1,17,5,3,1,0,0,0,digital_wallet,mobile_app,east,premium,ios,0,0,0,1363,49.36,435,12,21,9,2,7,0.0169,0.8621,0.1379,0.3431,0.000636,1,31.18
2026-01-17,1,17,5,3,1,0,0,0,digital_wallet,mobile_app,east,retail,android,0,0,0,2222,47.26,712,23,22,9,1,14,0.0062,0.8738,0.1262,0.5588,0.000837,1,0.0
2026-01-17,1,17,5,3,1,0,0,0,digital_wallet,mobile_app,north,premium,android,0,0,0,1438,82.77,694,6,23,5,4,4,0.0236,0.8341,0.1659,0.5631,0.000652,0,0.0
2026-01-17,1,17,5,3,1,0,0,0,digital_wallet,mobile_app,north,retail,ios,0,0,0,2136,102.95,1337,21,16,17,4,14,0.0206,0.8625,0.1375,0.3508,0.000859,2,281.29
2026-01-17,1,17,5,3,1,0,0,0,digital_wallet,mobile_app,south,premium,android,0,0,0,1498,58.11,724,8,24,14,3,7,0.0204,0.8432,0.1568,0.5177,0.000705,0,65.99
2026-01-17,1,17,5,3,1,0,0,0,digital_wallet,mobile_app,south,retail,android,0,0,0,2141,34.09,676,14,21,9,1,18,0.018,0.8608,0.1392,0.555,0.001034,3,110.74
2026-01-17,1,17,5,3,1,0,0,0,digital_wallet,mobile_app,west,premium,ios,0,0,0,1704,92.33,545,9,23,19,1,10,0.0192,0.8422,0.1578,0.3616,0.000737,2,239.65
2026-01-17,1,17,5,3,1,0,0,0,digital_wallet,mobile_app,west,retail,android,0,0,0,2459,43.38,1091,22,21,13,4,11,0.0178,0.869,0.131,0.5565,0.00103,2,91.73
2026-01-17,1,17,5,3,1,0,0,0,digital_wallet,web,east,premium,desktop,0,0,0,795,64.55,325,12,19,4,6,7,0.0175,0.861,0.139,0.2978,0.000574,1,43.65
2026-01-17,1,17,5,3,1,0,0,0,digital_wallet,web,east,retail,desktop,0,0,0,1310,39.75,851,14,15,4,6,7,0.0268,0.8422,0.1578,0.2403,0.000788,1,56.55
2026-01-17,1,17,5,3,1,0,0,0,digital_wallet,web,north,premium,desktop,0,0,0,796,52.14,276,9,16,7,3,9,0.0138,0.8388,0.1612,0.2745,0.000594,0,15.76
2026-01-17,1,17,5,3,1,0,0,0,digital_wallet,web,north,retail,desktop,0,0,0,1147,140.42,336,17,6,11,3,10,0.0128,0.8459,0.1541,0.2885,0.000779,3,470.37
2026-01-17,1,17,5,3,1,0,0,0,digital_wallet,web,south,premium,ios,0,0,0,1277,86.2,735,12,16,6,2,10,0.0101,0.8399,0.1601,0.2408,0.000617,2,169.02
2026-01-17,1,17,5,3,1,0,0,0,digital_wallet,web,south,retail,ios,0,0,0,1880,94.74,573,15,15,8,2,2,0.0242,0.8469,0.1531,0.2617,0.000821,0,0.0
2026-01-17,1,17,5,3,1,0,0,0,digital_wallet,web,west,premium,ios,0,0,0,1214,51.8,453,7,17,3,2,11,0.0151,0.8527,0.1473,0.2625,0.000578,1,114.96
2026-01-17,1,17,5,3,1,0,0,0,digital_wallet,web,west,retail,desktop,0,0,0,1343,65.3,474,23,13,9,5,9,0.0197,0.861,0.139,0.2755,0.000905,1,26.65
2026-01-18,1,18,6,3,1,0,0,0,credit_card,branch,east,premium,desktop,0,0,0,501,84.65,186,14,11,5,2,3,0.0153,0.8457,0.1543,0.33,0.000326,0,0.0
2026-01-18,1,18,6,3,1,0,0,0,credit_card,branch,east,retail,desktop,0,0,0,797,56.95,281,20,18,4,2,12,0.0166,0.8601,0.1399,0.2638,0.00045,1,38.95
2026-01-18,1,18,6,3,1,0,0,0,credit_card,branch,north,premium,desktop,0,0,0,586,52.45,214,16,10,5,2,4,0.0222,0.8456,0.1544,0.235,0.000366,0,0.0
2026-01-18,1,18,6,3,1,0,0,0,credit_card,branch,north,retail,desktop,0,0,0,816,43.36,363,26,10,4,1,6,0.0171,0.8383,0.1617,0.2304,0.000485,0,3.72
2026-01-18,1,18,6,3,1,0,0,0,credit_card,branch,south,premium,desktop,0,0,0,428,80.28,229,7,6,2,0,2,0.0173,0.873,0.127,0.2293,0.000375,0,0.0
2026-01-18,1,18,6,3,1,0,0,0,credit_card,branch,south,retail,desktop,0,0,0,750,68.17,454,18,17,5,1,11,0.0143,0.86,0.14,0.2662,0.000527,1,61.32
2026-01-18,1,18,6,3,1,0,0,0,credit_card,branch,west,premium,desktop,0,0,0,529,75.75,233,13,14,2,0,4,0.0203,0.8586,0.1414,0.2663,0.000383,0,0.0
2026-01-18,1,18,6,3,1,0,0,0,credit_card,branch,west,retail,desktop,0,0,0,699,139.92,446,25,3,6,4,5,0.0198,0.8611,0.1389,0.2409,0.000518,1,112.44
2026-01-18,1,18,6,3,1,0,0,0,credit_card,mobile_app,east,premium,android,0,0,0,2226,88.34,674,18,21,10,0,6,0.0155,0.8441,0.1559,0.5252,0.00053,0,5.28
2026-01-18,1,18,6,3,1,0,0,0,credit_card,mobile_app,east,retail,android,0,0,0,3272,42.04,1416,33,19,3,2,12,0.0226,0.8564,0.1436,0.4949,0.000754,1,9.71
2026-01-18,1,18,6,3,1,0,0,0,credit_card,mobile_app,north,premium,ios,0,0,0,2213,90.1,1264,18,14,14,0,12,0.0205,0.8504,0.1496,0.386,0.00058,1,100.78
2026-01-18,1,18,6,3,1,0,0,0,credit_card,mobile_app,north,retail,ios,0,0,0,3337,53.37,1685,25,26,11,0,12,0.0187,0.844,0.156,0.3309,0.000757,2,122.22
2026-01-18,1,18,6,3,1,0,0,0,credit_card,mobile_app,south,premium,ios,0,0,0,1785,94.57,537,18,27,7,4,8,0.0167,0.8506,0.1494,0.3403,0.000608,1,48.52
2026-01-18,1,18,6,3,1,0,0,0,credit_card,mobile_app,south,retail,android,0,0,0,3286,80.96,1224,21,12,10,0,24,0.0156,0.8336,0.1664,0.4836,0.000852,5,356.32
2026-01-18,1,18,6,3,1,0,0,0,credit_card,mobile_app,west,premium,android,0,0,0,2436,92.51,913,25,15,13,4,12,0.0204,0.8474,0.1526,0.5199,0.000643,1,88.52
2026-01-18,1,18,6,3,1,0,0,0,credit_card,mobile_app,west,retail,android,0,0,0,3122,28.88,2001,22,16,11,4,12,0.0179,0.8345,0.1655,0.4885,0.000876,1,0.0
2026-01-18,1,18,6,3,1,0,0,0,credit_card,web,east,premium,desktop,0,0,0,1299,60.51,730,11,22,12,1,12,0.0175,0.8514,0.1486,0.2364,0.000484,3,291.32
2026-01-18,1,18,6,3,1,0,0,0,credit_card,web,east,retail,ios,0,0,0,2444,76.75,799,26,14,10,2,11,0.0191,0.8495,0.1505,0.2158,0.000667,2,232.95
2026-01-18,1,18,6,3,1,0,0,0,credit_card,web,north,premium,ios,0,0,0,1738,43.95,848,18,16,7,2,6,0.0227,0.8573,0.1427,0.2055,0.000482,0,0.0
2026-01-18,1,18,6,3,1,0,0,0,credit_card,web,north,retail,desktop,0,0,0,1924,77.99,642,27,15,10,3,5,0.0175,0.8429,0.1571,0.2631,0.000659,0,35.57
2026-01-18,1,18,6,3,1,0,0,0,credit_card,web,south,premium,desktop,0,0,0,1216,38.03,368,9,14,4,1,6,0.0298,0.8456,0.1544,0.2899,0.0005,0,0.0
2026-01-18,1,18,6,3,1,0,0,0,credit_card,web,south,retail,desktop,0,0,0,1802,55.35,639,22,9,7,5,9,0.0195,0.8547,0.1453,0.2608,0.000755,3,211.73
2026-01-18,1,18,6,3,1,0,0,0,credit_card,web,west,premium,android,0,0,0,1936,47.11,703,14,12,4,0,5,0.018,0.8576,0.1424,0.4529,0.00053,0,13.46
2026-01-18,1,18,6,3,1,0,0,0,credit_card,web,west,retail,ios,0,0,0,2839,73.05,1055,32,11,8,1,8,0.0297,0.8628,0.1372,0.2704,0.000759,1,117.45
2026-01-18,1,18,6,3,1,0,0,0,debit_card,branch,east,premium,desktop,0,0,0,427,59.12,227,10,11,7,1,4,0.0264,0.8453,0.1547,0.2477,0.000263,0,0.0
2026-01-18,1,18,6,3,1,0,0,0,debit_card,branch,east,retail,desktop,0,0,0,605,43.43,194,21,9,5,2,5,0.0248,0.8482,0.1518,0.2525,0.000371,0,0.0
2026-01-18,1,18,6,3,1,0,0,0,debit_card,branch,north,premium,desktop,0,0,0,407,41.68,179,11,6,5,1,4,0.0224,0.8653,0.1347,0.2425,0.000272,0,0.0
2026-01-18,1,18,6,3,1,0,0,0,debit_card,branch,north,retail,desktop,0,0,0,600,41.96,257,28,11,5,0,7,0.021,0.8499,0.1501,0.2226,0.000389,1,87.63
2026-01-18,1,18,6,3,1,0,0,0,debit_card,branch,south,premium,desktop,0,0,0,433,49.71,224,11,16,1,1,3,0.0134,0.8517,0.1483,0.1875,0.000294,0,0.0
2026-01-18,1,18,6,3,1,0,0,0,debit_card,branch,south,retail,desktop,0,0,0,593,47.68,317,20,6,5,3,3,0.0221,0.824,0.176,0.2963,0.000415,0,0.0
2026-01-18,1,18,6,3,1,0,0,0,debit_card,branch,west,premium,desktop,0,0,0,452,68.01,124,13,16,7,1,5,0.0144,0.8685,0.1315,0.2529,0.000319,0,0.0
2026-01-18,1,18,6,3,1,0,0,0,debit_card,branch,west,retail,desktop,0,0,0,766,91.78,253,20,3,5,2,1,0.018,0.8455,0.1545,0.2908,0.000431,0,65.2
2026-01-18,1,18,6,3,1,0,0,0,debit_card,mobile_app,east,premium,android,0,0,0,1960,36.09,591,14,20,6,1,17,0.0211,0.8459,0.1541,0.524,0.000412,1,0.0
2026-01-18,1,18,6,3,1,0,0,0,debit_card,mobile_app,east,retail,android,0,0,0,2409,92.82,1021,27,25,14,0,27,0.022,0.8528,0.1472,0.5458,0.000591,4,287.88
2026-01-18,1,18,6,3,1,0,0,0,debit_card,mobile_app,north,premium,android,0,0,0,1873,46.48,1239,18,24,12,1,10,0.0284,0.8632,0.1368,0.5314,0.000472,1,10.29
2026-01-18,1,18,6,3,1,0,0,0,debit_card,mobile_app,north,retail,ios,0,0,0,2675,42.39,1656,28,27,14,1,14,0.0172,0.8607,0.1393,0.3356,0.000628,2,41.24
2026-01-18,1,18,6,3,1,0,0,0,debit_card,mobile_app,south,premium,android,0,0,0,1875,115.85,874,14,21,7,0,10,0.0194,0.8532,0.1468,0.5049,0.000478,1,121.51
2026-01-18,1,18,6,3,1,0,0,0,debit_card,mobile_app,south,retail,android,0,0,0,2535,53.96,782,17,27,10,2,12,0.0187,0.8314,0.1686,0.4977,0.000698,1,40.5
2026-01-18,1,18,6,3,1,0,0,0,debit_card,mobile_app,west,premium,android,0,0,0,1954,89.09,938,18,30,12,1,20,0.0191,0.8791,0.1209,0.5295,0.000481,1,38.4
2026-01-18,1,18,6,3,1,0,0,0,debit_card,mobile_app,west,retail,ios,0,0,0,2589,120.7,1720,26,25,13,2,21,0.0094,0.858,0.142,0.3434,0.000718,2,321.37
2026-01-18,1,18,6,3,1,0,0,0,debit_card,web,east,premium,desktop,0,0,0,940,53.9,593,20,17,8,1,13,0.0237,0.857,0.143,0.2481,0.000373,1,89.37
2026-01-18,1,18,6,3,1,0,0,0,debit_card,web,east,retail,desktop,0,0,0,1413,55.71,697,16,13,3,2,5,0.0248,0.8445,0.1555,0.2328,0.000535,0,6.99
2026-01-18,1,18,6,3,1,0,0,0,debit_card,web,north,premium,desktop,0,0,0,959,87.29,332,14,24,7,0,13,0.0179,0.8572,0.1428,0.24,0.000407,0,11.95
2026-01-18,1,18,6,3,1,0,0,0,debit_card,web,north,retail,desktop,0,0,0,1445,81.3,806,16,13,7,0,8,0.017,0.8646,0.1354,0.2782,0.000511,0,0.0
2026-01-18,1,18,6,3,1,0,0,0,debit_card,web,south,premium,desktop,0,0,0,919,70.61,311,13,22,9,0,13,0.0278,0.8479,0.1521,0.3023,0.000404,0,28.87
2026-01-18,1,18,6,3,1,0,0,0,debit_card,web,south,retail,android,0,0,0,2065,52.39,948,13,17,5,2,6,0.0285,0.8499,0.1501,0.443,0.00056,1,56.67
2026-01-18,1,18,6,3,1,0,0,0,debit_card,web,west,premium,desktop,0,0,0,1051,35.61,344,10,10,5,1,5,0.024,0.8571,0.1429,0.2805,0.000416,0,54.17
2026-01-18,1,18,6,3,1,0,0,0,debit_card,web,west,retail,desktop,0,0,0,1708,72.45,959,22,24,6,1,8,0.0165,0.86,0.14,0.2508,0.000643,1,71.06
2026-01-18,1,18,6,3,1,0,0,0,digital_wallet,branch,east,premium,desktop,0,0,0,342,62.96,109,11,13,6,0,7,0.0249,0.847,0.153,0.2559,0.000364,0,0.0
2026-01-18,1,18,6,3,1,0,0,0,digital_wallet,branch,east,retail,desktop,0,0,0,536,117.11,214,22,9,4,1,2,0.0201,0.8483,0.1517,0.2673,0.000529,0,0.0
2026-01-18,1,18,6,3,1,0,0,0,digital_wallet,branch,north,premium,desktop,0,0,0,315,100.05,121,8,20,2,1,4,0.0235,0.8304,0.1696,0.2601,0.000403,0,62.8
2026-01-18,1,18,6,3,1,0,0,0,digital_wallet,branch,north,retail,desktop,0,0,0,545,31.82,284,26,12,6,2,7,0.0243,0.8499,0.1501,0.274,0.000564,0,22.22
2026-01-18,1,18,6,3,1,0,0,0,digital_wallet,branch,south,premium,desktop,0,0,0,334,50.71,148,9,12,5,3,7,0.0215,0.8542,0.1458,0.2379,0.000424,0,50.72
2026-01-18,1,18,6,3,1,0,0,0,digital_wallet,branch,south,retail,desktop,0,0,0,508,55.96,281,13,8,2,2,5,0.0127,0.8413,0.1587,0.3028,0.000593,1,0.33
2026-01-18,1,18,6,3,1,0,0,0,digital_wallet,branch,west,premium,desktop,0,0,0,398,63.39,178,3,11,6,1,3,0.0184,0.8406,0.1594,0.235,0.000451,0,4.16
2026-01-18,1,18,6,3,1,0,0,0,digital_wallet,branch,west,retail,desktop,0,0,0,601,95.09,197,24,11,12,2,3,0.0183,0.8581,0.1419,0.2812,0.000645,0,36.32
2026-01-18,1,18,6,3,1,0,0,0,digital_wallet,mobile_app,east,premium,android,0,0,0,1523,39.71,806,7,20,11,4,16,0.0138,0.8678,0.1322,0.5422,0.000651,1,0.0
2026-01-18,1,18,6,3,1,0,0,0,digital_wallet,mobile_app,east,retail,ios,0,0,0,1890,60.26,578,16,27,10,1,24,0.0135,0.8387,0.1613,0.3861,0.000884,2,159.17
2026-01-18,1,18,6,3,1,0,0,0,digital_wallet,mobile_app,north,premium,android,0,0,0,1413,45.19,657,12,22,9,2,9,0.0236,0.8447,0.1553,0.5588,0.000644,1,50.36
2026-01-18,1,18,6,3,1,0,0,0,digital_wallet,mobile_app,north,retail,android,0,0,0,2237,55.11,1070,29,24,11,3,10,0.0159,0.8527,0.1473,0.5177,0.000911,1,51.48
2026-01-18,1,18,6,3,1,0,0,0,digital_wallet,mobile_app,south,premium,android,0,0,0,1210,65.65,644,8,33,9,1,12,0.0151,0.8387,0.1613,0.5276,0.000696,2,127.45
2026-01-18,1,18,6,3,1,0,0,0,digital_wallet,mobile_app,south,retail,android,0,0,0,2018,81.8,725,27,27,8,5,14,0.0239,0.8451,0.1549,0.5574,0.000959,2,193.3
2026-01-18,1,18,6,3,1,0,0,0,digital_wallet,mobile_app,west,premium,ios,0,0,0,1609,72.04,714,13,28,6,3,13,0.0159,0.8462,0.1538,0.3573,0.000744,2,163.93
2026-01-18,1,18,6,3,1,0,0,0,digital_wallet,mobile_app,west,retail,android,0,0,0,2533,51.94,781,17,29,13,4,17,0.0199,0.8433,0.1567,0.4845,0.001061,0,28.0
2026-01-18,1,18,6,3,1,0,0,0,digital_wallet,web,east,premium,desktop,0,0,0,743,74.44,394,15,12,8,1,7,0.019,0.8748,0.1252,0.2579,0.000523,0,59.16
2026-01-18,1,18,6,3,1,0,0,0,digital_wallet,web,east,retail,desktop,0,0,0,1170,40.99,715,20,15,8,1,11,0.0209,0.8571,0.1429,0.2083,0.000756,1,62.84
2026-01-18,1,18,6,3,1,0,0,0,digital_wallet,web,north,premium,desktop,0,0,0,866,62.17,397,7,8,3,2,5,0.0242,0.8557,0.1443,0.2545,0.000532,1,80.8
2026-01-18,1,18,6,3,1,0,0,0,digital_wallet,web,north,retail,ios,0,0,0,1731,57.89,933,18,20,3,4,9,0.0117,0.8368,0.1632,0.2653,0.000795,2,52.66
2026-01-18,1,18,6,3,1,0,0,0,digital_wallet,web,south,premium,ios,0,0,0,1364,31.19,874,12,14,6,5,6,0.0239,0.8543,0.1457,0.2621,0.000611,0,18.68
2026-01-18,1,18,6,3,1,0,0,0,digital_wallet,web,south,retail,desktop,0,0,0,1233,68.37,434,10,20,5,4,9,0.0199,0.8607,0.1393,0.253,0.000796,1,42.84
2026-01-18,1,18,6,3,1,0,0,0,digital_wallet,web,west,premium,desktop,0,0,0,952,112.76,572,15,15,9,3,7,0.0275,0.8585,0.1415,0.2986,0.000632,0,5.31
2026-01-18,1,18,6,3,1,0,0,0,digital_wallet,web,west,retail,desktop,0,0,0,1396,98.48,461,17,17,6,1,8,0.0186,0.8459,0.1541,0.2089,0.000858,0,0.0
2026-01-19,1,19,0,4,0,0,0,0,credit_card,branch,east,premium,desktop,0,0,0,464,60.76,153,16,10,4,1,3,0.0159,0.8465,0.1535,0.2654,0.000345,0,135.37
2026-01-19,1,19,0,4,0,0,0,0,credit_card,branch,east,retail,desktop,0,0,0,778,148.48,249,30,13,8,1,7,0.0246,0.8642,0.1358,0.2592,0.000474,0,0.0
2026-01-19,1,19,0,4,0,0,0,0,credit_card,branch,north,premium,desktop,0,0,0,567,52.48,191,12,9,4,3,5,0.0155,0.8426,0.1574,0.2794,0.000339,1,54.32
2026-01-19,1,19,0,4,0,0,0,0,credit_card,branch,north,retail,desktop,0,0,0,817,79.22,465,28,10,3,2,4,0.0234,0.8662,0.1338,0.2546,0.000457,0,0.0
2026-01-19,1,19,0,4,0,0,0,0,credit_card,branch,south,premium,desktop,0,0,0,532,87.98,214,21,10,4,1,2,0.0162,0.8575,0.1425,0.2572,0.000371,0,0.0
2026-01-19,1,19,0,4,0,0,0,0,credit_card,branch,south,retail,desktop,0,0,0,759,83.66,325,28,13,2,0,7,0.0177,0.853,0.147,0.2494,0.000523,0,70.96
2026-01-19,1,19,0,4,0,0,0,0,credit_card,branch,west,premium,desktop,0,0,0,545,62.35,193,12,11,3,1,7,0.0259,0.8744,0.1256,0.2182,0.000377,0,6.32
2026-01-19,1,19,0,4,0,0,0,0,credit_card,branch,west,retail,desktop,0,0,0,712,59.75,288,15,14,6,3,4,0.0176,0.8375,0.1625,0.2849,0.000575,0,1.88
2026-01-19,1,19,0,4,0,0,0,0,credit_card,mobile_app,east,premium,android,0,0,0,2575,91.5,772,13,20,5,1,10,0.0244,0.8508,0.1492,0.4774,0.000541,1,173.68
2026-01-19,1,19,0,4,0,0,0,0,credit_card,mobile_app,east,retail,android,0,0,0,3731,81.91,1409,34,24,12,2,24,0.0203,0.8635,0.1365,0.5776,0.000764,3,290.1
2026-01-19,1,19,0,4,0,0,0,0,credit_card,mobile_app,north,premium,android,0,0,0,2673,92.62,1413,16,21,7,3,8,0.0232,0.857,0.143,0.479,0.000568,0,14.5
2026-01-19,1,19,0,4,0,0,0,0,credit_card,mobile_app,north,retail,ios,0,0,0,3535,53.56,1964,32,24,11,3,21,0.0183,0.8633,0.1367,0.3488,0.000808,3,200.51
2026-01-19,1,19,0,4,0,0,0,0,credit_card,mobile_app,south,premium,android,0,0,0,2335,26.24,1014,12,20,14,1,21,0.0195,0.8661,0.1339,0.488,0.00063,3,171.77
2026-01-19,1,19,0,4,0,0,0,0,credit_card,mobile_app,south,retail,android,0,0,0,3137,92.87,1292,26,18,12,5,15,0.0143,0.866,0.134,0.533,0.000899,2,291.28
2026-01-19,1,19,0,4,0,0,0,0,credit_card,mobile_app,west,premium,ios,0,0,0,2460,63.26,776,18,23,8,3,27,0.0159,0.8615,0.1385,0.3841,0.000666,3,119.62
2026-01-19,1,19,0,4,0,0,0,0,credit_card,mobile_app,west,retail,android,0,0,0,3670,48.16,1950,41,28,9,2,21,0.0218,0.8431,0.1569,0.5285,0.000819,4,263.33
2026-01-19,1,19,0,4,0,0,0,0,credit_card,web,east,premium,desktop,0,0,0,1629,47.55,753,13,6,5,1,1,0.0205,0.8651,0.1349,0.2482,0.000464,0,0.0
2026-01-19,1,19,0,4,0,0,0,0,credit_card,web,east,retail,desktop,0,0,0,1970,34.78,1041,25,10,6,3,4,0.0182,0.8634,0.1366,0.2811,0.000677,0,0.0
2026-01-19,1,19,0,4,0,0,0,0,credit_card,web,north,premium,desktop,0,0,0,1470,54.4,648,12,15,6,2,6,0.0206,0.8566,0.1434,0.2484,0.000487,1,51.02
2026-01-19,1,19,0,4,0,0,0,0,credit_card,web,north,retail,android,0,0,0,3164,120.68,1199,29,10,8,5,6,0.0196,0.8636,0.1364,0.4537,0.000707,2,309.88
2026-01-19,1,19,0,4,0,0,0,0,credit_card,web,south,premium,desktop,0,0,0,1244,49.72,502,8,15,4,3,4,0.0169,0.8557,0.1443,0.2606,0.000537,0,0.0
2026-01-19,1,19,0,4,0,0,0,0,credit_card,web,south,retail,ios,0,0,0,2822,69.3,1613,29,17,7,1,16,0.0151,0.86,0.14,0.1928,0.00075,2,168.37
2026-01-19,1,19,0,4,0,0,0,0,credit_card,web,west,premium,desktop,0,0,0,1535,60.29,743,21,19,9,1,9,0.0215,0.866,0.134,0.25,0.000555,0,0.0
2026-01-19,1,19,0,4,0,0,0,0,credit_card,web,west,retail,android,0,0,0,3501,40.86,1073,32,17,5,1,8,0.024,0.8478,0.1522,0.4194,0.000762,1,97.46
2026-01-19,1,19,0,4,0,0,0,0,debit_card,branch,east,premium,desktop,0,0,0,444,59.9,218,13,12,4,1,5,0.0289,0.8674,0.1326,0.222,0.000252,0,9.17
2026-01-19,1,19,0,4,0,0,0,0,debit_card,branch,east,retail,desktop,0,0,0,715,36.72,335,18,12,7,0,6,0.0139,0.8443,0.1557,0.3125,0.000374,0,41.55
2026-01-19,1,19,0,4,0,0,0,0,debit_card,branch,north,premium,desktop,0,0,0,485,63.22,231,9,18,1,0,3,0.0208,0.8622,0.1378,0.2931,0.000276,0,0.0
2026-01-19,1,19,0,4,0,0,0,0,debit_card,branch,north,retail,desktop,0,0,0,725,80.89,273,21,15,4,1,8,0.017,0.8678,0.1322,0.2312,0.000385,0,0.0
2026-01-19,1,19,0,4,0,0,0,0,debit_card,branch,south,premium,desktop,0,0,0,428,41.59,275,7,11,5,2,5,0.0165,0.8706,0.1294,0.2247,0.000291,0,0.0
2026-01-19,1,19,0,4,0,0,0,0,debit_card,branch,south,retail,desktop,0,0,0,614,65.56,217,19,9,5,1,9,0.0241,0.8632,0.1368,0.2881,0.000402,1,63.91
2026-01-19,1,19,0,4,0,0,0,0,debit_card,branch,west,premium,desktop,0,0,0,463,59.65,136,19,8,6,2,2,0.0182,0.8679,0.1321,0.2077,0.000302,0,0.0
2026-01-19,1,19,0,4,0,0,0,0,debit_card,branch,west,retail,desktop,0,0,0,827,70.51,257,21,10,11,3,5,0.0196,0.8548,0.1452,0.2636,0.000462,1,99.66
2026-01-19,1,19,0,4,0,0,0,0,debit_card,mobile_app,east,premium,android,0,0,0,2302,42.59,832,16,24,13,0,17,0.0178,0.8527,0.1473,0.539,0.000436,1,17.96
2026-01-19,1,19,0,4,0,0,0,0,debit_card,mobile_app,east,retail,ios,0,0,0,2944,51.31,1131,25,23,8,3,13,0.018,0.8629,0.1371,0.3401,0.000559,2,118.12
2026-01-19,1,19,0,4,0,0,0,0,debit_card,mobile_app,north,premium,android,0,0,0,2040,62.07,630,13,19,10,0,7,0.0256,0.8633,0.1367,0.5418,0.00043,1,56.75
2026-01-19,1,19,0,4,0,0,0,0,debit_card,mobile_app,north,retail,ios,0,0,0,2816,63.52,1238,29,21,6,2,18,0.0186,0.8564,0.1436,0.3649,0.000627,2,149.82
2026-01-19,1,19,0,4,0,0,0,0,debit_card,mobile_app,south,premium,ios,0,0,0,1854,89.75,616,12,17,9,0,9,0.0188,0.857,0.143,0.3413,0.00049,1,46.96
2026-01-19,1,19,0,4,0,0,0,0,debit_card,mobile_app,south,retail,ios,0,0,0,2614,64.2,1268,30,18,13,2,16,0.0178,0.8523,0.1477,0.4091,0.000707,2,185.05
2026-01-19,1,19,0,4,0,0,0,0,debit_card,mobile_app,west,premium,ios,0,0,0,2105,87.75,1048,14,25,10,0,12,0.024,0.8399,0.1601,0.3261,0.000504,1,97.17
2026-01-19,1,19,0,4,0,0,0,0,debit_card,mobile_app,west,retail,android,0,0,0,2959,26.13,1079,22,20,13,3,8,0.0189,0.8696,0.1304,0.5439,0.000709,0,24.38
2026-01-19,1,19,0,4,0,0,0,0,debit_card,web,east,premium,desktop,0,0,0,1305,36.02,624,12,13,6,2,14,0.0293,0.8667,0.1333,0.2601,0.000382,2,35.85
2026-01-19,1,19,0,4,0,0,0,0,debit_card,web,east,retail,ios,0,0,0,2309,50.12,1411,20,11,9,1,7,0.022,0.8734,0.1266,0.2147,0.00052,0,0.0
2026-01-19,1,19,0,4,0,0,0,0,debit_card,web,north,premium,desktop,0,0,0,1244,98.52,630,7,20,6,1,11,0.0234,0.8586,0.1414,0.2557,0.000381,0,30.56
2026-01-19,1,19,0,4,0,0,0,0,debit_card,web,north,retail,ios,0,0,0,2550,42.86,1515,23,17,14,1,6,0.0179,0.8594,0.1406,0.2684,0.000537,0,0.0
2026-01-19,1,19,0,4,0,0,0,0,debit_card,web,south,premium,ios,0,0,0,1390,41.49,668,11,9,6,1,4,0.0152,0.848,0.152,0.2746,0.000424,0,24.87
2026-01-19,1,19,0,4,0,0,0,0,debit_card,web,south,retail,desktop,0,0,0,1498,83.34,662,22,6,6,3,6,0.0133,0.8435,0.1565,0.2672,0.000559,1,18.47
2026-01-19,1,19,0,4,0,0,0,0,debit_card,web,west,premium,desktop,0,0,0,1214,58.16,748,9,11,5,1,9,0.0271,0.8565,0.1435,0.2665,0.000437,1,61.51
2026-01-19,1,19,0,4,0,0,0,0,debit_card,web,west,retail,android,0,0,0,2939,59.38,1346,14,15,11,0,12,0.0162,0.8574,0.1426,0.4388,0.000575,2,153.46
2026-01-19,1,19,0,4,0,0,0,0,digital_wallet,branch,east,premium,desktop,0,0,0,425,36.81,285,5,9,5,1,2,0.0154,0.8587,0.1413,0.2586,0.00037,0,0.0
2026-01-19,1,19,0,4,0,0,0,0,digital_wallet,branch,east,retail,desktop,0,0,0,598,41.96,220,9,4,5,2,1,0.0125,0.8524,0.1476,0.2473,0.000497,0,0.0
2026-01-19,1,19,0,4,0,0,0,0,digital_wallet,branch,north,premium,desktop,0,0,0,406,55.84,228,11,9,2,0,4,0.0197,0.865,0.135,0.2793,0.000381,0,36.79
2026-01-19,1,19,0,4,0,0,0,0,digital_wallet,branch,north,retail,desktop,0,0,0,522,76.27,164,18,9,3,4,5,0.021,0.8707,0.1293,0.1979,0.000508,0,0.0
2026-01-19,1,19,0,4,0,0,0,0,digital_wallet,branch,south,premium,desktop,0,0,0,371,39.64,224,10,12,6,1,2,0.023,0.8437,0.1563,0.283,0.000413,0,11.6
2026-01-19,1,19,0,4,0,0,0,0,digital_wallet,branch,south,retail,desktop,0,0,0,557,43.38,257,15,15,3,1,6,0.018,0.8577,0.1423,0.2432,0.000607,0,0.0
2026-01-19,1,19,0,4,0,0,0,0,digital_wallet,branch,west,premium,desktop,0,0,0,395,75.79,212,7,11,9,3,5,0.0172,0.8468,0.1532,0.2324,0.000429,0,0.0
2026-01-19,1,19,0,4,0,0,0,0,digital_wallet,branch,west,retail,desktop,0,0,0,543,91.29,223,14,10,7,1,4,0.0202,0.8583,0.1417,0.2331,0.000647,0,76.63
2026-01-19,1,19,0,4,0,0,0,0,digital_wallet,mobile_app,east,premium,android,0,0,0,1478,99.8,772,9,14,10,7,9,0.0151,0.8542,0.1458,0.5121,0.000599,2,244.87
2026-01-19,1,19,0,4,0,0,0,0,digital_wallet,mobile_app,east,retail,android,0,0,0,2639,130.73,1359,20,17,11,3,11,0.0201,0.8709,0.1291,0.5433,0.000842,2,288.54
2026-01-19,1,19,0,4,0,0,0,0,digital_wallet,mobile_app,north,premium,android,0,0,0,1728,63.93,1127,10,21,12,2,11,0.0186,0.8573,0.1427,0.4972,0.000638,0,46.14
2026-01-19,1,19,0,4,0,0,0,0,digital_wallet,mobile_app,north,retail,android,0,0,0,2328,71.15,1208,21,28,11,5,19,0.0217,0.8781,0.1219,0.5218,0.000917,2,148.67
2026-01-19,1,19,0,4,0,0,0,0,digital_wallet,mobile_app,south,premium,android,0,0,0,1838,95.54,1091,14,23,13,1,20,0.0207,0.8487,0.1513,0.5165,0.000732,3,280.4
2026-01-19,1,19,0,4,0,0,0,0,digital_wallet,mobile_app,south,retail,ios,0,0,0,2157,44.29,1070,29,19,14,2,8,0.0206,0.8716,0.1284,0.3584,0.001001,1,77.33
2026-01-19,1,19,0,4,0,0,0,0,digital_wallet,mobile_app,west,premium,android,0,0,0,1965,52.95,781,8,18,8,3,12,0.0209,0.8472,0.1528,0.5444,0.00066,2,74.26
2026-01-19,1,19,0,4,0,0,0,0,digital_wallet,mobile_app,west,retail,ios,0,0,0,2442,55.18,1392,19,20,14,4,11,0.0202,0.8645,0.1355,0.3255,0.001022,3,206.79
2026-01-19,1,19,0,4,0,0,0,0,digital_wallet,web,east,premium,desktop,0,0,0,932,58.39,301,10,25,8,1,11,0.0245,0.8687,0.1313,0.2463,0.000547,0,0.0
2026-01-19,1,19,0,4,0,0,0,0,digital_wallet,web,east,retail,ios,0,0,0,1958,50.76,608,16,10,5,4,6,0.0182,0.8613,0.1387,0.2755,0.000711,1,99.74
2026-01-19,1,19,0,4,0,0,0,0,digital_wallet,web,north,premium,desktop,0,0,0,935,122.14,421,6,16,14,2,12,0.023,0.8446,0.1554,0.2481,0.000546,1,140.14
2026-01-19,1,19,0,4,0,0,0,0,digital_wallet,web,north,retail,android,0,0,0,1945,40.23,895,18,13,5,6,9,0.011,0.8529,0.1471,0.4276,0.000744,3,94.52
2026-01-19,1,19,0,4,0,0,0,0,digital_wallet,web,south,premium,desktop,0,0,0,919,55.92,284,9,7,11,2,6,0.0226,0.8686,0.1314,0.2408,0.000601,1,53.19
2026-01-19,1,19,0,4,0,0,0,0,digital_wallet,web,south,retail,ios,0,0,0,1928,60.54,844,16,12,6,3,7,0.0218,0.8536,0.1464,0.2197,0.000842,2,151.96
2026-01-19,1,19,0,4,0,0,0,0,digital_wallet,web,west,premium,desktop,0,0,0,1005,80.75,369,8,9,7,0,7,0.0155,0.8642,0.1358,0.22,0.0006,1,78.27
2026-01-19,1,19,0,4,0,0,0,0,digital_wallet,web,west,retail,android,0,0,0,2259,129.14,708,13,22,9,2,19,0.0209,0.8785,0.1215,0.4438,0.000887,2,249.06
2026-01-20,1,20,1,4,0,0,0,0,credit_card,branch,east,premium,desktop,0,0,0,533,88.34,263,16,8,10,1,4,0.0172,0.8655,0.1345,0.2307,0.000319,0,15.17
2026-01-20,1,20,1,4,0,0,0,0,credit_card,branch,east,retail,desktop,0,0,0,773,60.14,390,23,4,4,1,1,0.0192,0.877,0.123,0.2248,0.000458,0,16.24
2026-01-20,1,20,1,4,0,0,0,0,credit_card,branch,north,premium,desktop,0,0,0,555,51.54,213,13,10,1,1,5,0.0248,0.853,0.147,0.2669,0.00035,0,0.0
2026-01-20,1,20,1,4,0,0,0,0,credit_card,branch,north,retail,desktop,0,0,0,764,43.79,236,23,7,4,1,4,0.0169,0.8604,0.1396,0.2291,0.000475,0,18.86
2026-01-20,1,20,1,4,0,0,0,0,credit_card,branch,south,premium,desktop,0,0,0,591,102.55,324,9,8,3,1,2,0.0206,0.865,0.135,0.2108,0.000355,0,4.86
2026-01-20,1,20,1,4,0,0,0,0,credit_card,branch,south,retail,desktop,0,0,0,757,60.34,230,20,10,2,0,5,0.0163,0.8669,0.1331,0.2697,0.000537,0,0.0
2026-01-20,1,20,1,4,0,0,0,0,credit_card,branch,west,premium,desktop,0,0,0,547,69.2,159,8,7,4,3,2,0.0131,0.8513,0.1487,0.2291,0.000399,0,10.32
2026-01-20,1,20,1,4,0,0,0,0,credit_card,branch,west,retail,desktop,0,0,0,878,56.76,357,19,13,4,1,8,0.0174,0.8518,0.1482,0.2044,0.000541,1,56.4
2026-01-20,1,20,1,4,0,0,0,0,credit_card,mobile_app,east,premium,ios,0,0,0,2232,41.69,1041,24,25,5,1,11,0.0177,0.8613,0.1387,0.3102,0.000538,1,26.89
2026-01-20,1,20,1,4,0,0,0,0,credit_card,mobile_app,east,retail,ios,0,0,0,3536,81.51,1907,32,22,14,4,9,0.0163,0.8588,0.1412,0.3742,0.000753,1,146.76
2026-01-20,1,20,1,4,0,0,0,0,credit_card,mobile_app,north,premium,ios,0,0,0,2423,35.24,1381,20,19,12,4,14,0.0212,0.8698,0.1302,0.3765,0.000557,2,97.29
2026-01-20,1,20,1,4,0,0,0,0,credit_card,mobile_app,north,retail,android,0,0,0,3907,70.18,2019,28,20,8,0,19,0.0183,0.8446,0.1554,0.5672,0.000777,3,216.47
2026-01-20,1,20,1,4,0,0,0,0,credit_card,mobile_app,south,premium,ios,0,0,0,2261,69.75,1134,23,18,14,1,9,0.0208,0.8439,0.1561,0.3717,0.0006,2,130.7
2026-01-20,1,20,1,4,0,0,0,0,credit_card,mobile_app,south,retail,android,0,0,0,3332,97.08,1604,30,16,12,4,19,0.0241,0.8719,0.1281,0.5204,0.000838,3,234.21
2026-01-20,1,20,1,4,0,0,0,0,credit_card,mobile_app,west,premium,ios,0,0,0,2600,55.63,893,24,16,12,2,7,0.0207,0.8644,0.1356,0.3137,0.000639,1,45.25
2026-01-20,1,20,1,4,0,0,0,0,credit_card,mobile_app,west,retail,android,0,0,0,3707,168.94,1142,32,26,14,3,11,0.0191,0.8675,0.1325,0.4718,0.000863,2,440.58
2026-01-20,1,20,1,4,0,0,0,0,credit_card,web,east,premium,desktop,0,0,0,1396,54.68,904,11,11,6,2,11,0.0183,0.8635,0.1365,0.2685,0.000458,2,142.09
2026-01-20,1,20,1,4,0,0,0,0,credit_card,web,east,retail,ios,0,0,0,3357,55.88,1042,34,14,8,2,6,0.0195,0.8599,0.1401,0.2524,0.000676,1,65.09
2026-01-20,1,20,1,4,0,0,0,0,credit_card,web,north,premium,desktop,0,0,0,1265,58.38,593,17,16,6,2,7,0.0216,0.861,0.139,0.2413,0.000468,0,0.0
2026-01-20,1,20,1,4,0,0,0,0,credit_card,web,north,retail,ios,0,0,0,2959,98.31,946,23,9,3,4,13,0.015,0.8559,0.1441,0.2671,0.00065,3,295.91
2026-01-20,1,20,1,4,0,0,0,0,credit_card,web,south,premium,desktop,0,0,0,1105,34.8,433,11,12,4,3,7,0.0209,0.8457,0.1543,0.1974,0.000512,0,0.0
2026-01-20,1,20,1,4,0,0,0,0,credit_card,web,south,retail,ios,0,0,0,2692,46.03,1305,40,17,7,4,14,0.0278,0.8732,0.1268,0.1906,0.000759,3,258.35
2026-01-20,1,20,1,4,0,0,0,0,credit_card,web,west,premium,android,0,0,0,2076,80.7,754,4,16,7,3,8,0.0211,0.8534,0.1466,0.4198,0.000555,1,47.17
2026-01-20,1,20,1,4,0,0,0,0,credit_card,web,west,retail,ios,0,0,0,3015,81.77,1754,17,14,8,2,7,0.0213,0.8588,0.1412,0.2204,0.000761,2,239.88
2026-01-20,1,20,1,4,0,0,0,0,debit_card,branch,east,premium,desktop,0,0,0,497,54.53,258,8,10,5,1,3,0.0235,0.8541,0.1459,0.226,0.000283,0,30.95
2026-01-20,1,20,1,4,0,0,0,0,debit_card,branch,east,retail,desktop,0,0,0,648,52.29,313,16,12,7,1,9,0.0198,0.8537,0.1463,0.2207,0.00037,1,0.0
2026-01-20,1,20,1,4,0,0,0,0,debit_card,branch,north,premium,desktop,0,0,0,439,44.27,239,14,10,3,0,5,0.0273,0.8712,0.1288,0.2755,0.000253,0,57.3
2026-01-20,1,20,1,4,0,0,0,0,debit_card,branch,north,retail,desktop,0,0,0,737,50.8,344,12,11,5,3,11,0.0268,0.8613,0.1387,0.1968,0.000376,1,28.66
2026-01-20,1,20,1,4,0,0,0,0,debit_card,branch,south,premium,desktop,0,0,0,495,47.17,164,16,7,8,1,5,0.0187,0.8647,0.1353,0.2637,0.000295,1,0.0
2026-01-20,1,20,1,4,0,0,0,0,debit_card,branch,south,retail,desktop,0,0,0,628,83.46,387,18,14,6,4,8,0.0219,0.875,0.125,0.2185,0.000417,1,86.97
2026-01-20,1,20,1,4,0,0,0,0,debit_card,branch,west,premium,desktop,0,0,0,473,43.62,220,13,10,4,2,2,0.0176,0.8626,0.1374,0.2476,0.000292,0,46.0
2026-01-20,1,20,1,4,0,0,0,0,debit_card,branch,west,retail,desktop,0,0,0,834,84.87,293,26,8,6,0,8,0.013,0.8603,0.1397,0.2458,0.000417,1,116.0
2026-01-20,1,20,1,4,0,0,0,0,debit_card,mobile_app,east,premium,android,0,0,0,1878,47.2,776,8,14,8,3,9,0.025,0.8616,0.1384,0.5206,0.000391,1,25.61
2026-01-20,1,20,1,4,0,0,0,0,debit_card,mobile_app,east,retail,ios,0,0,0,2671,66.71,1369,27,25,12,4,17,0.0231,0.8534,0.1466,0.3856,0.000611,1,11.47
2026-01-20,1,20,1,4,0,0,0,0,debit_card,mobile_app,north,premium,ios,0,0,0,2201,108.75,1120,12,23,13,1,13,0.0243,0.8402,0.1598,0.3663,0.00044,1,88.49
2026-01-20,1,20,1,4,0,0,0,0,debit_card,mobile_app,north,retail,android,0,0,0,3094,57.89,1368,16,22,17,2,15,0.0217,0.8613,0.1387,0.4748,0.000627,1,47.3
2026-01-20,1,20,1,4,0,0,0,0,debit_card,mobile_app,south,premium,android,0,0,0,2244,71.71,1087,11,20,16,1,13,0.0128,0.8468,0.1532,0.5134,0.000482,1,74.71
2026-01-20,1,20,1,4,0,0,0,0,debit_card,mobile_app,south,retail,ios,0,0,0,2438,101.93,1213,26,23,12,3,24,0.0211,0.8452,0.1548,0.3429,0.000665,3,320.39
2026-01-20,1,20,1,4,0,0,0,0,debit_card,mobile_app,west,premium,ios,0,0,0,2250,51.23,830,17,20,11,5,12,0.021,0.8793,0.1207,0.3695,0.000528,1,14.59
2026-01-20,1,20,1,4,0,0,0,0,debit_card,mobile_app,west,retail,ios,0,0,0,2602,76.4,1330,31,24,9,4,15,0.022,0.8504,0.1496,0.3168,0.000716,2,127.86
2026-01-20,1,20,1,4,0,0,0,0,debit_card,web,east,premium,desktop,0,0,0,1000,110.82,457,9,16,11,0,6,0.0166,0.8492,0.1508,0.2439,0.000367,0,0.0
2026-01-20,1,20,1,4,0,0,0,0,debit_card,web,east,retail,desktop,0,0,0,1533,54.46,656,18,13,11,3,5,0.024,0.8538,0.1462,0.2632,0.000521,0,0.0
2026-01-20,1,20,1,4,0,0,0,0,debit_card,web,north,premium,desktop,0,0,0,1100,34.32,660,8,14,10,1,8,0.0239,0.8396,0.1604,0.2547,0.000387,0,16.76
2026-01-20,1,20,1,4,0,0,0,0,debit_card,web,north,retail,android,0,0,0,2811,72.2,1070,23,14,2,3,7,0.0153,0.8698,0.1302,0.4,0.000537,1,75.06
2026-01-20,1,20,1,4,0,0,0,0,debit_card,web,south,premium,android,0,0,0,1927,74.66,635,8,14,6,4,9,0.0286,0.8504,0.1496,0.3789,0.000394,1,60.34
2026-01-20,1,20,1,4,0,0,0,0,debit_card,web,south,retail,desktop,0,0,0,1726,52.28,740,16,9,9,5,7,0.019,0.871,0.129,0.2212,0.000585,2,66.7
2026-01-20,1,20,1,4,0,0,0,0,debit_card,web,west,premium,android,0,0,0,1653,62.55,612,16,15,6,2,5,0.0187,0.8537,0.1463,0.445,0.000431,0,76.93
2026-01-20,1,20,1,4,0,0,0,0,debit_card,web,west,retail,desktop,0,0,0,1618,82.8,705,23,15,7,3,12,0.0149,0.8803,0.1197,0.2939,0.000613,3,172.45
2026-01-20,1,20,1,4,0,0,0,0,digital_wallet,branch,east,premium,desktop,0,0,0,424,57.76,116,10,14,3,0,7,0.0171,0.8623,0.1377,0.2911,0.000368,0,0.0
2026-01-20,1,20,1,4,0,0,0,0,digital_wallet,branch,east,retail,desktop,0,0,0,467,92.15,173,25,11,3,1,5,0.0199,0.8713,0.1287,0.2965,0.000502,0,16.07
2026-01-20,1,20,1,4,0,0,0,0,digital_wallet,branch,north,premium,desktop,0,0,0,364,62.01,184,12,10,2,2,6,0.0208,0.8723,0.1277,0.2655,0.000391,1,50.16
2026-01-20,1,20,1,4,0,0,0,0,digital_wallet,branch,north,retail,desktop,0,0,0,450,70.78,172,18,6,3,3,4,0.0209,0.8659,0.1341,0.238,0.000523,0,35.1
2026-01-20,1,20,1,4,0,0,0,0,digital_wallet,branch,south,premium,desktop,0,0,0,440,58.43,256,7,17,7,1,11,0.0165,0.8604,0.1396,0.2586,0.000417,1,11.66
2026-01-20,1,20,1,4,0,0,0,0,digital_wallet,branch,south,retail,desktop,0,0,0,584,65.07,223,14,9,7,1,4,0.0188,0.8619,0.1381,0.2686,0.000581,0,50.32
2026-01-20,1,20,1,4,0,0,0,0,digital_wallet,branch,west,premium,desktop,0,0,0,329,80.5,100,13,12,6,1,4,0.0204,0.8561,0.1439,0.265,0.000437,0,22.38
2026-01-20,1,20,1,4,0,0,0,0,digital_wallet,branch,west,retail,desktop,0,0,0,533,59.92,229,13,10,6,1,8,0.0202,0.8625,0.1375,0.2884,0.000597,1,0.0
2026-01-20,1,20,1,4,0,0,0,0,digital_wallet,mobile_app,east,premium,android,0,0,0,1661,122.91,809,12,20,12,2,13,0.0263,0.861,0.139,0.4727,0.000614,1,76.34
2026-01-20,1,20,1,4,0,0,0,0,digital_wallet,mobile_app,east,retail,ios,0,0,0,2349,68.84,1159,21,23,14,0,23,0.0088,0.8546,0.1454,0.352,0.000873,4,299.35
2026-01-20,1,20,1,4,0,0,0,0,digital_wallet,mobile_app,north,premium,android,0,0,0,1862,50.66,799,10,13,10,5,11,0.0273,0.8567,0.1433,0.5174,0.000641,2,87.8
2026-01-20,1,20,1,4,0,0,0,0,digital_wallet,mobile_app,north,retail,ios,0,0,0,2065,91.89,1195,16,23,9,3,17,0.0223,0.87,0.13,0.289,0.00095,3,280.71
2026-01-20,1,20,1,4,0,0,0,0,digital_wallet,mobile_app,south,premium,ios,0,0,0,1528,52.28,728,13,26,10,1,14,0.0255,0.8704,0.1296,0.3518,0.00071,4,227.72
2026-01-20,1,20,1,4,0,0,0,0,digital_wallet,mobile_app,south,retail,android,0,0,0,2130,49.43,868,27,26,10,5,10,0.0211,0.8549,0.1451,0.541,0.000994,1,51.06
2026-01-20,1,20,1,4,0,0,0,0,digital_wallet,mobile_app,west,premium,android,0,0,0,1926,55.36,694,14,27,6,0,12,0.0183,0.868,0.132,0.5144,0.00073,2,72.12
2026-01-20,1,20,1,4,0,0,0,0,digital_wallet,mobile_app,west,retail,android,0,0,0,2605,45.67,1023,21,25,6,2,15,0.012,0.8662,0.1338,0.5732,0.000991,1,11.76
2026-01-20,1,20,1,4,0,0,0,0,digital_wallet,web,east,premium,ios,0,0,0,1335,53.55,807,9,11,10,4,9,0.0172,0.8605,0.1395,0.3372,0.000531,1,72.91
2026-01-20,1,20,1,4,0,0,0,0,digital_wallet,web,east,retail,ios,0,0,0,2543,47.71,1320,14,16,4,4,14,0.0187,0.8697,0.1303,0.285,0.000757,1,70.61
2026-01-20,1,20,1,4,0,0,0,0,digital_wallet,web,north,premium,ios,0,0,0,1462,67.35,567,8,17,3,0,12,0.022,0.8603,0.1397,0.2873,0.000569,2,173.58
2026-01-20,1,20,1,4,0,0,0,0,digital_wallet,web,north,retail,desktop,0,0,0,1237,50.86,381,18,16,2,5,9,0.018,0.8685,0.1315,0.2676,0.00079,1,38.84
2026-01-20,1,20,1,4,0,0,0,0,digital_wallet,web,south,premium,desktop,0,0,0,989,44.95,347,6,8,3,2,5,0.0253,0.8673,0.1327,0.2292,0.00058,1,87.4
2026-01-20,1,20,1,4,0,0,0,0,digital_wallet,web,south,retail,desktop,0,0,0,1319,44.03,452,15,16,6,6,4,0.0223,0.8624,0.1376,0.2779,0.000814,0,0.0
2026-01-20,1,20,1,4,0,0,0,0,digital_wallet,web,west,premium,desktop,0,0,0,1069,42.85,320,15,24,15,2,10,0.0181,0.8602,0.1398,0.2536,0.000622,0,0.0
2026-01-20,1,20,1,4,0,0,0,0,digital_wallet,web,west,retail,android,0,0,0,2069,63.01,853,20,22,5,1,11,0.021,0.8803,0.1197,0.401,0.00085,0,6.87
2026-01-21,1,21,2,4,0,0,0,0,credit_card,branch,east,premium,desktop,0,0,0,511,68.06,244,10,14,7,2,2,0.0178,0.8653,0.1347,0.2207,0.000343,0,38.85
2026-01-21,1,21,2,4,0,0,0,0,credit_card,branch,east,retail,desktop,0,0,0,779,62.1,301,18,11,5,1,3,0.0256,0.8683,0.1317,0.2582,0.000454,0,11.51
2026-01-21,1,21,2,4,0,0,0,0,credit_card,branch,north,premium,desktop,0,0,0,462,96.67,280,11,9,0,3,2,0.026,0.8692,0.1308,0.2455,0.000351,0,9.6
2026-01-21,1,21,2,4,0,0,0,0,credit_card,branch,north,retail,desktop,0,0,0,669,85.24,278,23,10,7,0,2,0.0216,0.8464,0.1536,0.3013,0.000468,0,0.0
2026-01-21,1,21,2,4,0,0,0,0,credit_card,branch,south,premium,desktop,0,0,0,458,43.49,199,13,7,2,2,3,0.0176,0.8534,0.1466,0.2827,0.000365,0,0.0
2026-01-21,1,21,2,4,0,0,0,0,credit_card,branch,south,retail,desktop,0,0,0,889,71.47,436,21,14,5,2,4,0.0177,0.8584,0.1416,0.2627,0.000483,0,19.36
2026-01-21,1,21,2,4,0,0,0,0,credit_card,branch,west,premium,desktop,0,0,0,588,97.58,278,16,10,1,0,3,0.0159,0.872,0.128,0.2708,0.000351,0,0.0
2026-01-21,1,21,2,4,0,0,0,0,credit_card,branch,west,retail,desktop,0,0,0,769,78.64,240,24,11,7,1,6,0.0206,0.8659,0.1341,0.3165,0.00056,0,0.0
2026-01-21,1,21,2,4,0,0,0,0,credit_card,mobile_app,east,premium,android,0,0,0,2288,44.81,862,19,27,12,0,7,0.0191,0.8652,0.1348,0.5142,0.00055,0,40.39
2026-01-21,1,21,2,4,0,0,0,0,credit_card,mobile_app,east,retail,ios,0,0,0,3450,60.68,1865,35,22,12,2,11,0.0115,0.864,0.136,0.3243,0.000802,2,218.7
2026-01-21,1,21,2,4,0,0,0,0,credit_card,mobile_app,north,premium,android,0,0,0,2438,65.82,984,19,22,7,1,12,0.0144,0.8609,0.1391,0.5135,0.000552,1,95.4
2026-01-21,1,21,2,4,0,0,0,0,credit_card,mobile_app,north,retail,android,0,0,0,3806,36.59,1422,34,15,8,2,33,0.0189,0.8524,0.1476,0.5316,0.000795,8,378.87
2026-01-21,1,21,2,4,0,0,0,0,credit_card,mobile_app,south,premium,android,0,0,0,2530,116.06,800,14,24,6,1,10,0.0179,0.8588,0.1412,0.5218,0.000604,1,203.15
2026-01-21,1,21,2,4,0,0,0,0,credit_card,mobile_app,south,retail,android,0,0,0,3581,65.42,2096,35,19,14,5,13,0.0216,0.8495,0.1505,0.5692,0.000873,3,340.59
2026-01-21,1,21,2,4,0,0,0,0,credit_card,mobile_app,west,premium,ios,0,0,0,2485,78.01,1122,23,22,10,1,8,0.013,0.8542,0.1458,0.3401,0.000622,0,0.0
2026-01-21,1,21,2,4,0,0,0,0,credit_card,mobile_app,west,retail,android,0,0,0,3524,70.02,2300,32,18,5,4,8,0.0188,0.8613,0.1387,0.5065,0.000889,1,102.16
2026-01-21,1,21,2,4,0,0,0,0,credit_card,web,east,premium,android,0,0,0,2227,90.9,827,13,15,7,2,12,0.0211,0.8539,0.1461,0.4071,0.000453,1,86.37
2026-01-21,1,21,2,4,0,0,0,0,credit_card,web,east,retail,ios,0,0,0,3059,77.91,1381,15,14,6,3,3,0.0195,0.8668,0.1332,0.2568,0.000643,0,23.48
2026-01-21,1,21,2,4,0,0,0,0,credit_card,web,north,premium,desktop,0,0,0,1556,106.48,927,3,14,3,0,8,0.0239,0.8717,0.1283,0.2422,0.000467,1,79.3
2026-01-21,1,21,2,4,0,0,0,0,credit_card,web,north,retail,desktop,0,0,0,2418,66.99,1273,24,13,6,3,8,0.0245,0.8706,0.1294,0.25,0.000688,1,81.4
2026-01-21,1,21,2,4,0,0,0,0,credit_card,web,south,premium,android,0,0,0,1946,106.76,1012,8,13,11,2,6,0.0215,0.8691,0.1309,0.4105,0.000522,0,0.0
2026-01-21,1,21,2,4,0,0,0,0,credit_card,web,south,retail,ios,0,0,0,2733,50.34,1120,20,12,7,3,20,0.0146,0.8418,0.1582,0.2536,0.000736,4,202.69
2026-01-21,1,21,2,4,0,0,0,0,credit_card,web,west,premium,desktop,0,0,0,1416,104.85,604,15,9,4,1,8,0.0212,0.8821,0.1179,0.2446,0.000539,1,136.13
2026-01-21,1,21,2,4,0,0,0,0,credit_card,web,west,retail,android,0,0,0,3204,95.29,1766,28,15,9,3,17,0.0211,0.8638,0.1362,0.4017,0.000785,3,474.86
2026-01-21,1,21,2,4,0,0,0,0,debit_card,branch,east,premium,desktop,0,0,0,464,40.85,202,12,7,5,1,6,0.0251,0.8433,0.1567,0.2678,0.000267,1,34.99
2026-01-21,1,21,2,4,0,0,0,0,debit_card,branch,east,retail,desktop,0,0,0,708,41.98,225,11,17,4,0,21,0.0259,0.8497,0.1503,0.2483,0.000351,3,7.74
2026-01-21,1,21,2,4,0,0,0,0,debit_card,branch,north,premium,desktop,0,0,0,476,49.4,153,9,7,10,2,4,0.0282,0.8554,0.1446,0.2097,0.000275,1,26.17
2026-01-21,1,21,2,4,0,0,0,0,debit_card,branch,north,retail,desktop,0,0,0,701,38.68,347,19,13,8,1,11,0.0254,0.8531,0.1469,0.256,0.000378,2,15.08
2026-01-21,1,21,2,4,0,0,0,0,debit_card,branch,south,premium,desktop,0,0,0,487,40.08,174,12,10,5,4,6,0.0188,0.8497,0.1503,0.2558,0.000292,0,0.7
2026-01-21,1,21,2,4,0,0,0,0,debit_card,branch,south,retail,desktop,0,0,0,622,40.9,369,15,11,4,2,7,0.0198,0.8618,0.1382,0.2326,0.000375,0,7.09
2026-01-21,1,21,2,4,0,0,0,0,debit_card,branch,west,premium,desktop,0,0,0,459,73.45,180,12,9,1,1,5,0.0221,0.857,0.143,0.2433,0.0003,0,0.0
2026-01-21,1,21,2,4,0,0,0,0,debit_card,branch,west,retail,desktop,0,0,0,740,55.27,327,16,8,4,0,6,0.0241,0.8767,0.1233,0.232,0.000431,1,76.71
2026-01-21,1,21,2,4,0,0,0,0,debit_card,mobile_app,east,premium,ios,0,0,0,1902,57.95,582,14,24,8,1,14,0.0201,0.8836,0.1164,0.3278,0.000424,1,93.15
2026-01-21,1,21,2,4,0,0,0,0,debit_card,mobile_app,east,retail,ios,0,0,0,2464,65.25,1059,35,24,16,3,14,0.0199,0.845,0.155,0.3286,0.000588,1,42.46
2026-01-21,1,21,2,4,0,0,0,0,debit_card,mobile_app,north,premium,android,0,0,0,2052,67.49,1308,11,14,11,4,3,0.0167,0.8521,0.1479,0.545,0.000455,0,0.0
2026-01-21,1,21,2,4,0,0,0,0,debit_card,mobile_app,north,retail,ios,0,0,0,2391,59.8,822,23,18,7,0,12,0.0219,0.8559,0.1441,0.3424,0.000632,2,137.19
2026-01-21,1,21,2,4,0,0,0,0,debit_card,mobile_app,south,premium,android,0,0,0,1723,53.65,592,20,24,18,2,16,0.019,0.8461,0.1539,0.501,0.000492,2,114.63
2026-01-21,1,21,2,4,0,0,0,0,debit_card,mobile_app,south,retail,android,0,0,0,2869,53.52,1454,27,21,5,4,13,0.0189,0.8685,0.1315,0.5561,0.000679,1,42.88
2026-01-21,1,21,2,4,0,0,0,0,debit_card,mobile_app,west,premium,android,0,0,0,2394,60.47,1578,18,24,16,2,7,0.0199,0.859,0.141,0.4422,0.000523,1,38.14
2026-01-21,1,21,2,4,0,0,0,0,debit_card,mobile_app,west,retail,ios,0,0,0,2959,44.65,915,26,21,9,2,12,0.0187,0.8741,0.1259,0.329,0.000693,2,138.06
2026-01-21,1,21,2,4,0,0,0,0,debit_card,web,east,premium,android,0,0,0,1652,62.79,646,8,18,6,0,12,0.0168,0.8575,0.1425,0.4431,0.000379,0,15.36
2026-01-21,1,21,2,4,0,0,0,0,debit_card,web,east,retail,android,0,0,0,2146,61.86,648,22,8,8,4,9,0.0193,0.8613,0.1387,0.4248,0.000526,1,22.42
2026-01-21,1,21,2,4,0,0,0,0,debit_card,web,north,premium,desktop,0,0,0,1120,108.53,458,10,16,8,4,4,0.0175,0.8455,0.1545,0.2145,0.000398,0,21.7
2026-01-21,1,21,2,4,0,0,0,0,debit_card,web,north,retail,android,0,0,0,2734,61.15,1145,19,7,3,5,8,0.0161,0.8703,0.1297,0.447,0.000505,2,34.87
2026-01-21,1,21,2,4,0,0,0,0,debit_card,web,south,premium,android,0,0,0,1537,74.72,662,7,14,5,4,4,0.0201,0.8644,0.1356,0.4259,0.000404,0,0.0
2026-01-21,1,21,2,4,0,0,0,0,debit_card,web,south,retail,desktop,0,0,0,1613,157.51,936,16,12,6,2,10,0.0147,0.8771,0.1229,0.2012,0.000592,1,236.33
2026-01-21,1,21,2,4,0,0,0,0,debit_card,web,west,premium,desktop,0,0,0,1236,59.58,806,12,13,10,0,6,0.0196,0.8396,0.1604,0.2634,0.000429,0,33.2
2026-01-21,1,21,2,4,0,0,0,0,debit_card,web,west,retail,desktop,0,0,0,1709,125.32,627,23,14,5,0,8,0.0218,0.8526,0.1474,0.2253,0.0006,1,113.72
2026-01-21,1,21,2,4,0,0,0,0,digital_wallet,branch,east,premium,desktop,0,0,0,329,48.96,167,10,11,3,1,4,0.017,0.8719,0.1281,0.2509,0.00038,1,0.0
2026-01-21,1,21,2,4,0,0,0,0,digital_wallet,branch,east,retail,desktop,0,0,0,620,59.75,195,21,12,7,4,6,0.0175,0.86,0.14,0.2371,0.000514,0,0.0
2026-01-21,1,21,2,4,0,0,0,0,digital_wallet,branch,north,premium,desktop,0,0,0,342,68.56,102,11,13,4,0,8,0.0235,0.856,0.144,0.263,0.000371,0,0.0
2026-01-21,1,21,2,4,0,0,0,0,digital_wallet,branch,north,retail,desktop,0,0,0,512,74.2,221,19,11,3,2,6,0.0234,0.8677,0.1323,0.2492,0.000523,1,60.29
2026-01-21,1,21,2,4,0,0,0,0,digital_wallet,branch,south,premium,desktop,0,0,0,429,55.27,231,13,13,3,0,3,0.0192,0.8605,0.1395,0.2443,0.000415,0,0.0
2026-01-21,1,21,2,4,0,0,0,0,digital_wallet,branch,south,retail,desktop,0,0,0,504,69.72,318,21,7,0,3,4,0.0189,0.864,0.136,0.2548,0.000552,0,0.0
2026-01-21,1,21,2,4,0,0,0,0,digital_wallet,branch,west,premium,desktop,0,0,0,358,85.01,198,8,13,11,2,7,0.0243,0.8698,0.1302,0.2277,0.00044,0,0.0
2026-01-21,1,21,2,4,0,0,0,0,digital_wallet,branch,west,retail,desktop,0,0,0,587,56.15,206,22,8,5,1,1,0.026,0.8481,0.1519,0.2855,0.000616,0,0.0
2026-01-21,1,21,2,4,0,0,0,0,digital_wallet,mobile_app,east,premium,ios,0,0,0,1496,82.38,930,5,19,8,4,14,0.0196,0.8606,0.1394,0.3611,0.000604,1,80.6
2026-01-21,1,21,2,4,0,0,0,0,digital_wallet,mobile_app,east,retail,android,0,0,0,2205,59.7,919,19,23,9,4,13,0.0185,0.8679,0.1321,0.5384,0.000891,2,172.54
2026-01-21,1,21,2,4,0,0,0,0,digital_wallet,mobile_app,north,premium,android,0,0,0,1756,66.27,820,13,16,9,1,7,0.0153,0.8429,0.1571,0.5112,0.00066,0,0.0
2026-01-21,1,21,2,4,0,0,0,0,digital_wallet,mobile_app,north,retail,ios,0,0,0,2398,52.34,743,31,22,16,2,7,0.0203,0.8565,0.1435,0.384,0.000886,1,95.22
2026-01-21,1,21,2,4,0,0,0,0,digital_wallet,mobile_app,south,premium,android,0,0,0,1691,37.24,864,19,20,7,3,9,0.0182,0.854,0.146,0.5582,0.000695,1,35.67
2026-01-21,1,21,2,4,0,0,0,0,digital_wallet,mobile_app,south,retail,ios,0,0,0,2117,32.67,1262,29,16,10,6,11,0.0292,0.8636,0.1364,0.3141,0.000999,1,34.78
2026-01-21,1,21,2,4,0,0,0,0,digital_wallet,mobile_app,west,premium,android,0,0,0,1753,63.44,1084,15,31,13,2,16,0.0221,0.8624,0.1376,0.5102,0.000749,1,130.54
2026-01-21,1,21,2,4,0,0,0,0,digital_wallet,mobile_app,west,retail,android,0,0,0,2386,94.45,696,22,22,8,4,17,0.017,0.878,0.122,0.5087,0.001032,3,210.37
2026-01-21,1,21,2,4,0,0,0,0,digital_wallet,web,east,premium,desktop,0,0,0,965,71.81,304,9,12,11,1,13,0.0257,0.8697,0.1303,0.2318,0.000509,2,225.74
2026-01-21,1,21,2,4,0,0,0,0,digital_wallet,web,east,retail,ios,0,0,0,1743,46.99,542,12,13,15,3,8,0.0186,0.8511,0.1489,0.1783,0.000726,0,0.0
2026-01-21,1,21,2,4,0,0,0,0,digital_wallet,web,north,premium,desktop,0,0,0,933,81.76,314,8,9,11,3,5,0.0145,0.8659,0.1341,0.2563,0.000538,0,14.6
2026-01-21,1,21,2,4,0,0,0,0,digital_wallet,web,north,retail,ios,0,0,0,1797,37.5,523,22,16,5,0,13,0.021,0.8536,0.1464,0.2878,0.000776,2,54.04
2026-01-21,1,21,2,4,0,0,0,0,digital_wallet,web,south,premium,desktop,0,0,0,872,47.34,431,12,8,9,1,3,0.02,0.8456,0.1544,0.3374,0.000572,0,0.0
2026-01-21,1,21,2,4,0,0,0,0,digital_wallet,web,south,retail,desktop,0,0,0,1222,62.4,585,25,11,9,6,13,0.0166,0.8541,0.1459,0.2493,0.000831,2,201.06
2026-01-21,1,21,2,4,0,0,0,0,digital_wallet,web,west,premium,desktop,0,0,0,860,39.92,347,15,16,7,3,12,0.0226,0.8592,0.1408,0.2395,0.000626,1,44.89
2026-01-21,1,21,2,4,0,0,0,0,digital_wallet,web,west,retail,desktop,0,0,0,1393,55.42,487,8,10,8,3,10,0.022,0.8548,0.1452,0.2283,0.000823,2,152.62
2026-01-22,1,22,3,4,0,0,0,0,credit_card,branch,east,premium,desktop,0,0,0,607,36.42,364,8,10,7,0,6,0.0122,0.867,0.133,0.2485,0.000322,0,0.0
2026-01-22,1,22,3,4,0,0,0,0,credit_card,branch,east,retail,desktop,0,0,0,713,60.22,232,19,6,5,1,1,0.0246,0.8547,0.1453,0.2484,0.000461,0,0.0
2026-01-22,1,22,3,4,0,0,0,0,credit_card,branch,north,premium,desktop,0,0,0,648,59.41,397,18,7,5,1,2,0.0194,0.8624,0.1376,0.2495,0.000335,0,0.38
2026-01-22,1,22,3,4,0,0,0,0,credit_card,branch,north,retail,desktop,0,0,0,876,87.68,488,23,12,4,2,7,0.019,0.8642,0.1358,0.2866,0.000495,1,139.14
2026-01-22,1,22,3,4,0,0,0,0,credit_card,branch,south,premium,desktop,0,0,0,551,79.24,204,15,10,4,1,4,0.0195,0.8544,0.1456,0.2635,0.000376,0,1.83
2026-01-22,1,22,3,4,0,0,0,0,credit_card,branch,south,retail,desktop,0,0,0,739,125.48,454,22,4,6,2,2,0.0206,0.8637,0.1363,0.2468,0.000522,0,12.65
2026-01-22,1,22,3,4,0,0,0,0,credit_card,branch,west,premium,desktop,0,0,0,548,66.65,191,7,11,4,2,4,0.0208,0.8655,0.1345,0.254,0.000392,0,0.0
2026-01-22,1,22,3,4,0,0,0,0,credit_card,branch,west,retail,desktop,0,0,0,812,32.36,346,29,14,7,3,6,0.019,0.8744,0.1256,0.253,0.000556,0,10.06
2026-01-22,1,22,3,4,0,0,0,0,credit_card,mobile_app,east,premium,android,0,0,0,2470,89.57,1109,10,21,11,0,11,0.0185,0.8638,0.1362,0.4901,0.00053,0,0.0
2026-01-22,1,22,3,4,0,0,0,0,credit_card,mobile_app,east,retail,ios,0,0,0,3702,97.75,1900,45,11,16,2,15,0.0183,0.8497,0.1503,0.3723,0.000784,4,454.15
2026-01-22,1,22,3,4,0,0,0,0,credit_card,mobile_app,north,premium,ios,0,0,0,2523,65.79,887,19,25,15,3,9,0.0191,0.8383,0.1617,0.3422,0.000596,1,113.5
2026-01-22,1,22,3,4,0,0,0,0,credit_card,mobile_app,north,retail,ios,0,0,0,3371,75.62,1085,36,19,8,1,17,0.0216,0.8503,0.1497,0.3552,0.000802,5,470.38
2026-01-22,1,22,3,4,0,0,0,0,credit_card,mobile_app,south,premium,ios,0,0,0,2285,106.37,995,17,16,13,2,5,0.0241,0.8527,0.1473,0.4384,0.000629,0,0.0
2026-01-22,1,22,3,4,0,0,0,0,credit_card,mobile_app,south,retail,ios,0,0,0,3391,61.6,1259,32,24,19,2,26,0.0192,0.8622,0.1378,0.3052,0.000852,3,297.74
2026-01-22,1,22,3,4,0,0,0,0,credit_card,mobile_app,west,premium,android,0,0,0,2548,48.53,1039,23,24,9,0,23,0.023,0.8471,0.1529,0.553,0.000627,4,231.69
2026-01-22,1,22,3,4,0,0,0,0,credit_card,mobile_app,west,retail,ios,0,0,0,3574,85.69,1864,30,24,7,4,37,0.0208,0.867,0.133,0.3023,0.000866,7,536.52
2026-01-22,1,22,3,4,0,0,0,0,credit_card,web,east,premium,desktop,0,0,0,1512,72.02,770,9,19,7,2,10,0.02,0.8632,0.1368,0.2789,0.000459,0,8.81
2026-01-22,1,22,3,4,0,0,0,0,credit_card,web,east,retail,ios,0,0,0,3129,47.95,1344,25,10,8,3,5,0.0078,0.8619,0.1381,0.2358,0.000625,0,13.46
2026-01-22,1,22,3,4,0,0,0,0,credit_card,web,north,premium,android,0,0,0,2269,135.02,668,15,20,13,1,10,0.0204,0.8453,0.1547,0.4046,0.00051,0,40.73
2026-01-22,1,22,3,4,0,0,0,0,credit_card,web,north,retail,android,0,0,0,3337,113.77,1063,23,9,9,1,11,0.0251,0.8552,0.1448,0.4265,0.000705,2,297.54
2026-01-22,1,22,3,4,0,0,0,0,credit_card,web,south,premium,desktop,0,0,0,1564,77.33,462,10,11,6,3,8,0.0233,0.8493,0.1507,0.2426,0.000533,1,41.67
2026-01-22,1,22,3,4,0,0,0,0,credit_card,web,south,retail,desktop,0,0,0,1890,67.31,628,12,14,7,0,10,0.0219,0.8633,0.1367,0.2533,0.000733,3,289.13
2026-01-22,1,22,3,4,0,0,0,0,credit_card,web,west,premium,desktop,0,0,0,1418,120.28,781,16,17,8,0,10,0.0203,0.8626,0.1374,0.3126,0.000542,1,178.27
2026-01-22,1,22,3,4,0,0,0,0,credit_card,web,west,retail,desktop,0,0,0,1995,75.98,1131,23,19,8,2,15,0.0197,0.8613,0.1387,0.2267,0.000788,3,261.36
2026-01-22,1,22,3,4,0,0,0,0,debit_card,branch,east,premium,desktop,0,0,0,438,88.66,122,7,5,6,1,3,0.0239,0.8619,0.1381,0.2135,0.000256,0,39.38
2026-01-22,1,22,3,4,0,0,0,0,debit_card,branch,east,retail,desktop,0,0,0,766,130.75,233,27,10,7,6,3,0.0185,0.8682,0.1318,0.3137,0.000362,0,5.07
2026-01-22,1,22,3,4,0,0,0,0,debit_card,branch,north,premium,desktop,0,0,0,466,48.86,241,8,16,2,0,9,0.0221,0.858,0.142,0.2511,0.000271,0,0.0
2026-01-22,1,22,3,4,0,0,0,0,debit_card,branch,north,retail,desktop,0,0,0,695,112.46,295,17,10,0,0,4,0.0241,0.8637,0.1363,0.2605,0.000329,0,0.0
2026-01-22,1,22,3,4,0,0,0,0,debit_card,branch,south,premium,desktop,0,0,0,471,71.54,135,12,3,1,0,1,0.0228,0.8573,0.1427,0.2579,0.000275,0,0.0
2026-01-22,1,22,3,4,0,0,0,0,debit_card,branch,south,retail,desktop,0,0,0,664,86.6,185,20,2,7,0,1,0.0258,0.8581,0.1419,0.31,0.0004,0,0.0
2026-01-22,1,22,3,4,0,0,0,0,debit_card,branch,west,premium,desktop,0,0,0,510,60.07,168,14,7,4,2,7,0.0181,0.8575,0.1425,0.2723,0.000304,2,68.25
2026-01-22,1,22,3,4,0,0,0,0,debit_card,branch,west,retail,desktop,0,0,0,729,49.28,337,22,5,5,1,3,0.022,0.862,0.138,0.2778,0.000432,0,2.28
2026-01-22,1,22,3,4,0,0,0,0,debit_card,mobile_app,east,premium,ios,0,0,0,1871,37.08,1102,10,25,6,0,17,0.0229,0.8747,0.1253,0.3415,0.00043,2,55.9
2026-01-22,1,22,3,4,0,0,0,0,debit_card,mobile_app,east,retail,ios,0,0,0,2899,54.77,1260,34,22,11,4,19,0.0216,0.8658,0.1342,0.3076,0.000598,2,75.16
2026-01-22,1,22,3,4,0,0,0,0,debit_card,mobile_app,north,premium,ios,0,0,0,1884,98.22,564,10,21,8,1,11,0.0205,0.8752,0.1248,0.3427,0.000445,1,102.76
2026-01-22,1,22,3,4,0,0,0,0,debit_card,mobile_app,north,retail,android,0,0,0,2968,37.0,1703,28,18,21,2,8,0.0194,0.8525,0.1475,0.5208,0.000613,1,58.15
2026-01-22,1,22,3,4,0,0,0,0,debit_card,mobile_app,south,premium,ios,0,0,0,1748,84.05,1017,11,22,11,1,6,0.0238,0.8615,0.1385,0.3319,0.00048,0,0.0
2026-01-22,1,22,3,4,0,0,0,0,debit_card,mobile_app,south,retail,android,0,0,0,3009,26.42,1050,28,16,14,3,5,0.0211,0.8655,0.1345,0.5199,0.000683,1,21.41
2026-01-22,1,22,3,4,0,0,0,0,debit_card,mobile_app,west,premium,ios,0,0,0,2121,47.45,1282,6,26,7,0,20,0.0184,0.8676,0.1324,0.327,0.000469,1,17.71
2026-01-22,1,22,3,4,0,0,0,0,debit_card,mobile_app,west,retail,android,0,0,0,3140,43.66,1506,30,26,4,0,12,0.0188,0.8602,0.1398,0.4778,0.000685,0,4.85
2026-01-22,1,22,3,4,0,0,0,0,debit_card,web,east,premium,desktop,0,0,0,1025,57.24,410,9,21,8,0,10,0.0142,0.8723,0.1277,0.2386,0.000365,0,0.0
2026-01-22,1,22,3,4,0,0,0,0,debit_card,web,east,retail,desktop,0,0,0,1727,86.01,735,15,19,11,3,15,0.0237,0.8508,0.1492,0.3137,0.000485,2,205.6
2026-01-22,1,22,3,4,0,0,0,0,debit_card,web,north,premium,ios,0,0,0,1920,48.72,904,10,11,1,0,2,0.0223,0.8555,0.1445,0.1931,0.000387,0,0.0
2026-01-22,1,22,3,4,0,0,0,0,debit_card,web,north,retail,desktop,0,0,0,1788,62.51,604,28,14,5,2,10,0.0256,0.86,0.14,0.1871,0.000553,1,11.75
2026-01-22,1,22,3,4,0,0,0,0,debit_card,web,south,premium,desktop,0,0,0,1149,88.56,573,14,16,7,1,8,0.0267,0.8501,0.1499,0.2923,0.000421,0,29.86
2026-01-22,1,22,3,4,0,0,0,0,debit_card,web,south,retail,ios,0,0,0,2498,44.05,1150,13,20,8,3,17,0.0281,0.8701,0.1299,0.1903,0.000582,4,145.13
2026-01-22,1,22,3,4,0,0,0,0,debit_card,web,west,premium,ios,0,0,0,1941,67.6,616,7,14,3,1,10,0.0207,0.8588,0.1412,0.2175,0.000434,1,137.04
2026-01-22,1,22,3,4,0,0,0,0,debit_card,web,west,retail,desktop,0,0,0,1876,49.58,690,24,16,6,2,8,0.0139,0.8615,0.1385,0.2262,0.000619,1,76.82
2026-01-22,1,22,3,4,0,0,0,0,digital_wallet,branch,east,premium,desktop,0,0,0,425,90.63,207,6,12,0,0,2,0.0239,0.8601,0.1399,0.1643,0.000374,0,28.5
2026-01-22,1,22,3,4,0,0,0,0,digital_wallet,branch,east,retail,desktop,0,0,0,540,71.04,164,15,15,4,5,3,0.0144,0.857,0.143,0.2119,0.000518,0,20.54
2026-01-22,1,22,3,4,0,0,0,0,digital_wallet,branch,north,premium,desktop,0,0,0,377,55.9,147,11,11,4,3,2,0.017,0.8515,0.1485,0.3277,0.000392,0,0.0
2026-01-22,1,22,3,4,0,0,0,0,digital_wallet,branch,north,retail,desktop,0,0,0,593,23.25,182,24,10,8,1,4,0.0178,0.8617,0.1383,0.2679,0.000536,0,0.0
2026-01-22,1,22,3,4,0,0,0,0,digital_wallet,branch,south,premium,desktop,0,0,0,344,49.66,113,10,11,3,2,8,0.0174,0.8402,0.1598,0.2686,0.000407,2,76.44
2026-01-22,1,22,3,4,0,0,0,0,digital_wallet,branch,south,retail,desktop,0,0,0,481,82.3,242,13,10,6,4,3,0.0237,0.8574,0.1426,0.2754,0.00058,0,0.0
2026-01-22,1,22,3,4,0,0,0,0,digital_wallet,branch,west,premium,desktop,0,0,0,379,50.24,165,8,16,4,0,3,0.0178,0.8669,0.1331,0.2452,0.000427,0,35.27
2026-01-22,1,22,3,4,0,0,0,0,digital_wallet,branch,west,retail,desktop,0,0,0,507,99.0,139,16,9,4,3,7,0.0173,0.847,0.153,0.2217,0.000601,1,166.34
2026-01-22,1,22,3,4,0,0,0,0,digital_wallet,mobile_app,east,premium,android,0,0,0,1797,70.0,962,13,26,9,2,8,0.0205,0.8798,0.1202,0.5441,0.000593,0,25.49
2026-01-22,1,22,3,4,0,0,0,0,digital_wallet,mobile_app,east,retail,ios,0,0,0,2604,71.61,805,21,17,15,5,8,0.0186,0.8597,0.1403,0.288,0.000881,0,6.85
2026-01-22,1,22,3,4,0,0,0,0,digital_wallet,mobile_app,north,premium,ios,0,0,0,1462,71.93,445,21,22,10,2,8,0.0169,0.8616,0.1384,0.3624,0.00065,0,0.0
2026-01-22,1,22,3,4,0,0,0,0,digital_wallet,mobile_app,north,retail,android,0,0,0,2178,66.92,729,30,23,20,6,12,0.0215,0.8633,0.1367,0.5768,0.000909,3,150.07
2026-01-22,1,22,3,4,0,0,0,0,digital_wallet,mobile_app,south,premium,ios,0,0,0,1392,59.54,663,10,14,6,2,4,0.0216,0.8792,0.1208,0.355,0.00068,0,26.75
2026-01-22,1,22,3,4,0,0,0,0,digital_wallet,mobile_app,south,retail,android,0,0,0,2401,61.98,743,23,22,9,3,23,0.0257,0.8596,0.1404,0.4835,0.000972,6,261.23
2026-01-22,1,22,3,4,0,0,0,0,digital_wallet,mobile_app,west,premium,android,0,0,0,1863,40.28,678,11,19,7,2,12,0.017,0.8527,0.1473,0.4918,0.000702,0,0.0
2026-01-22,1,22,3,4,0,0,0,0,digital_wallet,mobile_app,west,retail,ios,0,0,0,2724,31.52,1506,19,20,12,3,10,0.0219,0.8393,0.1607,0.3724,0.000962,1,26.25
2026-01-22,1,22,3,4,0,0,0,0,digital_wallet,web,east,premium,ios,0,0,0,1578,77.7,488,11,11,6,4,7,0.0189,0.8609,0.1391,0.2765,0.00054,0,6.65
2026-01-22,1,22,3,4,0,0,0,0,digital_wallet,web,east,retail,desktop,0,0,0,1311,103.31,475,23,17,7,3,10,0.0174,0.8708,0.1292,0.2218,0.000764,0,0.0
2026-01-22,1,22,3,4,0,0,0,0,digital_wallet,web,north,premium,android,0,0,0,1577,89.41,691,7,13,0,4,2,0.0208,0.8596,0.1404,0.4169,0.000535,0,1.69
2026-01-22,1,22,3,4,0,0,0,0,digital_wallet,web,north,retail,desktop,0,0,0,1598,47.95,604,16,18,8,1,14,0.0176,0.8643,0.1357,0.2513,0.000802,2,29.43
2026-01-22,1,22,3,4,0,0,0,0,digital_wallet,web,south,premium,desktop,0,0,0,887,44.43,312,14,11,8,1,6,0.0123,0.8779,0.1221,0.2473,0.000573,1,60.06
2026-01-22,1,22,3,4,0,0,0,0,digital_wallet,web,south,retail,desktop,0,0,0,1384,77.27,762,16,12,9,2,14,0.0188,0.8498,0.1502,0.2882,0.000797,2,193.83
2026-01-22,1,22,3,4,0,0,0,0,digital_wallet,web,west,premium,desktop,0,0,0,1017,59.66,640,6,19,2,4,10,0.0161,0.871,0.129,0.2578,0.000625,0,0.0
2026-01-22,1,22,3,4,0,0,0,0,digital_wallet,web,west,retail,desktop,0,0,0,1488,59.21,717,11,11,5,4,10,0.0151,0.865,0.135,0.2117,0.000889,2,142.79
2026-01-23,1,23,4,4,0,0,0,0,credit_card,branch,east,premium,desktop,0,0,0,565,65.38,190,9,8,11,0,3,0.0205,0.8652,0.1348,0.3086,0.000353,0,57.15
2026-01-23,1,23,4,4,0,0,0,0,credit_card,branch,east,retail,desktop,0,0,0,774,55.33,380,20,14,9,2,4,0.02,0.8506,0.1494,0.2493,0.000474,0,43.27
2026-01-23,1,23,4,4,0,0,0,0,credit_card,branch,north,premium,desktop,0,0,0,669,119.22,242,16,11,4,1,6,0.0241,0.8657,0.1343,0.293,0.000341,0,0.0
2026-01-23,1,23,4,4,0,0,0,0,credit_card,branch,north,retail,desktop,0,0,0,924,88.43,289,36,7,8,1,3,0.0183,0.8512,0.1488,0.2957,0.000487,0,20.34
2026-01-23,1,23,4,4,0,0,0,0,credit_card,branch,south,premium,desktop,0,0,0,428,72.45,141,8,8,6,2,5,0.0191,0.8599,0.1401,0.3073,0.000366,0,0.0
2026-01-23,1,23,4,4,0,0,0,0,credit_card,branch,south,retail,desktop,0,0,0,838,72.71,301,19,11,6,3,5,0.0164,0.854,0.146,0.2485,0.000512,0,0.0
2026-01-23,1,23,4,4,0,0,0,0,credit_card,branch,west,premium,desktop,0,0,0,544,59.4,308,10,15,3,2,6,0.0164,0.8516,0.1484,0.2348,0.000371,1,109.77
2026-01-23,1,23,4,4,0,0,0,0,credit_card,branch,west,retail,desktop,0,0,0,1001,51.75,535,19,8,6,3,5,0.0218,0.8613,0.1387,0.2051,0.000525,1,82.8
2026-01-23,1,23,4,4,0,0,0,0,credit_card,mobile_app,east,premium,android,0,0,0,2581,102.78,804,28,21,9,1,13,0.0209,0.8591,0.1409,0.5064,0.000551,1,67.18
2026-01-23,1,23,4,4,0,0,0,0,credit_card,mobile_app,east,retail,android,0,0,0,3958,49.46,1519,33,23,14,1,18,0.0173,0.865,0.135,0.5199,0.000795,6,487.6
2026-01-23,1,23,4,4,0,0,0,0,credit_card,mobile_app,north,premium,ios,0,0,0,2507,136.61,1264,17,24,10,1,14,0.0254,0.8531,0.1469,0.3661,0.000542,0,0.0
2026-01-23,1,23,4,4,0,0,0,0,credit_card,mobile_app,north,retail,android,0,0,0,3185,78.17,1333,31,19,9,1,10,0.0218,0.8589,0.1411,0.5018,0.00077,1,62.6
2026-01-23,1,23,4,4,0,0,0,0,credit_card,mobile_app,south,premium,android,0,0,0,2329,112.22,727,19,20,12,3,16,0.0235,0.869,0.131,0.5315,0.000598,3,439.79
2026-01-23,1,23,4,4,0,0,0,0,credit_card,mobile_app,south,retail,android,0,0,0,3051,59.01,1000,33,24,10,0,20,0.0229,0.8763,0.1237,0.6015,0.000891,4,336.78
2026-01-23,1,23,4,4,0,0,0,0,credit_card,mobile_app,west,premium,ios,0,0,0,2409,53.27,1293,15,20,6,3,10,0.016,0.8437,0.1563,0.2949,0.000667,3,272.56
2026-01-23,1,23,4,4,0,0,0,0,credit_card,mobile_app,west,retail,android,0,0,0,4380,71.46,1527,35,24,14,0,19,0.0233,0.8581,0.1419,0.5188,0.000899,6,559.21
2026-01-23,1,23,4,4,0,0,0,0,credit_card,web,east,premium,desktop,0,0,0,1125,36.69,318,13,10,6,0,3,0.0222,0.8503,0.1497,0.3008,0.000442,0,79.74
2026-01-23,1,23,4,4,0,0,0,0,credit_card,web,east,retail,ios,0,0,0,2871,67.63,1491,25,12,10,6,8,0.0249,0.8528,0.1472,0.27,0.00063,2,197.51
2026-01-23,1,23,4,4,0,0,0,0,credit_card,web,north,premium,desktop,0,0,0,1550,72.35,454,9,20,4,1,12,0.0167,0.8541,0.1459,0.2545,0.000509,1,88.61
2026-01-23,1,23,4,4,0,0,0,0,credit_card,web,north,retail,desktop,0,0,0,2042,54.21,816,28,13,6,1,13,0.0185,0.8571,0.1429,0.1775,0.000647,3,167.98
2026-01-23,1,23,4,4,0,0,0,0,credit_card,web,south,premium,desktop,0,0,0,1085,75.95,555,14,16,8,0,3,0.0206,0.8567,0.1433,0.2029,0.000517,0,28.75
2026-01-23,1,23,4,4,0,0,0,0,credit_card,web,south,retail,desktop,0,0,0,2088,66.09,828,33,18,3,2,7,0.0179,0.8797,0.1203,0.2262,0.000739,2,189.58
2026-01-23,1,23,4,4,0,0,0,0,credit_card,web,west,premium,desktop,0,0,0,1459,88.54,643,9,16,9,3,7,0.0171,0.8693,0.1307,0.2237,0.00055,0,13.76
2026-01-23,1,23,4,4,0,0,0,0,credit_card,web,west,retail,desktop,0,0,0,2000,123.13,788,20,13,11,1,8,0.0176,0.8611,0.1389,0.2442,0.000795,1,193.01
2026-01-23,1,23,4,4,0,0,0,0,debit_card,branch,east,premium,desktop,0,0,0,423,59.23,195,18,6,6,0,2,0.0255,0.877,0.123,0.2861,0.000254,0,0.0
2026-01-23,1,23,4,4,0,0,0,0,debit_card,branch,east,retail,desktop,0,0,0,684,110.95,285,14,15,7,0,2,0.0259,0.8726,0.1274,0.2391,0.000362,0,0.0
2026-01-23,1,23,4,4,0,0,0,0,debit_card,branch,north,premium,desktop,0,0,0,455,49.15,220,9,9,4,0,5,0.0225,0.8534,0.1466,0.2454,0.000259,1,3.81
2026-01-23,1,23,4,4,0,0,0,0,debit_card,branch,north,retail,desktop,0,0,0,796,73.85,246,19,15,5,0,5,0.0152,0.8779,0.1221,0.2886,0.000376,0,0.0
2026-01-23,1,23,4,4,0,0,0,0,debit_card,branch,south,premium,desktop,0,0,0,422,43.91,181,5,7,4,1,3,0.0074,0.8552,0.1448,0.2464,0.000295,0,71.61
2026-01-23,1,23,4,4,0,0,0,0,debit_card,branch,south,retail,desktop,0,0,0,547,79.7,332,24,8,5,1,5,0.0181,0.8546,0.1454,0.2861,0.000428,0,0.0
2026-01-23,1,23,4,4,0,0,0,0,debit_card,branch,west,premium,desktop,0,0,0,487,128.84,234,9,5,2,1,6,0.0169,0.8499,0.1501,0.2586,0.000275,1,75.67
2026-01-23,1,23,4,4,0,0,0,0,debit_card,branch,west,retail,desktop,0,0,0,733,77.29,316,17,13,5,2,4,0.0165,0.8596,0.1404,0.2478,0.00043,0,0.0
2026-01-23,1,23,4,4,0,0,0,0,debit_card,mobile_app,east,premium,android,0,0,0,1787,105.62,835,15,22,8,0,15,0.0259,0.8445,0.1555,0.5481,0.000397,1,164.37
2026-01-23,1,23,4,4,0,0,0,0,debit_card,mobile_app,east,retail,android,0,0,0,2796,78.36,1288,17,23,7,3,18,0.0256,0.864,0.136,0.5278,0.000574,2,163.31
2026-01-23,1,23,4,4,0,0,0,0,debit_card,mobile_app,north,premium,android,0,0,0,2110,52.43,1043,16,18,10,2,9,0.0244,0.8529,0.1471,0.5265,0.000447,1,9.45
2026-01-23,1,23,4,4,0,0,0,0,debit_card,mobile_app,north,retail,ios,0,0,0,2576,119.56,833,20,24,10,2,18,0.0186,0.8602,0.1398,0.3487,0.000604,3,368.04
2026-01-23,1,23,4,4,0,0,0,0,debit_card,mobile_app,south,premium,ios,0,0,0,1810,78.31,993,10,22,10,2,7,0.0213,0.8468,0.1532,0.3439,0.000474,0,34.82
2026-01-23,1,23,4,4,0,0,0,0,debit_card,mobile_app,south,retail,ios,0,0,0,3019,53.15,1029,30,18,15,1,13,0.0211,0.8575,0.1425,0.3072,0.000661,3,185.08
2026-01-23,1,23,4,4,0,0,0,0,debit_card,mobile_app,west,premium,ios,0,0,0,1988,89.24,704,21,26,11,3,11,0.0207,0.8602,0.1398,0.3631,0.000483,0,0.0
2026-01-23,1,23,4,4,0,0,0,0,debit_card,mobile_app,west,retail,android,0,0,0,3219,34.8,1669,29,23,9,3,17,0.022,0.8569,0.1431,0.5221,0.000667,2,20.05
2026-01-23,1,23,4,4,0,0,0,0,debit_card,web,east,premium,android,0,0,0,1800,58.04,747,17,19,6,3,4,0.0215,0.848,0.152,0.4218,0.000366,0,27.51
2026-01-23,1,23,4,4,0,0,0,0,debit_card,web,east,retail,desktop,0,0,0,1532,55.86,977,22,12,7,2,6,0.0208,0.8513,0.1487,0.2731,0.000511,0,0.0
2026-01-23,1,23,4,4,0,0,0,0,debit_card,web,north,premium,desktop,0,0,0,1050,118.68,354,12,18,6,1,11,0.0229,0.8566,0.1434,0.2438,0.000398,1,161.95
2026-01-23,1,23,4,4,0,0,0,0,debit_card,web,north,retail,desktop,0,0,0,1694,74.35,818,27,21,2,2,10,0.0161,0.8552,0.1448,0.276,0.000536,0,0.0
2026-01-23,1,23,4,4,0,0,0,0,debit_card,web,south,premium,ios,0,0,0,1700,37.1,500,6,8,7,0,3,0.0189,0.8636,0.1364,0.248,0.000375,0,26.98
2026-01-23,1,23,4,4,0,0,0,0,debit_card,web,south,retail,ios,0,0,0,2100,78.05,1236,14,15,4,3,14,0.0205,0.879,0.121,0.2428,0.000611,2,252.55
2026-01-23,1,23,4,4,0,0,0,0,debit_card,web,west,premium,desktop,0,0,0,1243,48.47,770,12,16,6,3,3,0.0236,0.8551,0.1449,0.2667,0.000426,0,0.0
2026-01-23,1,23,4,4,0,0,0,0,debit_card,web,west,retail,ios,0,0,0,2566,68.01,1212,19,14,5,1,10,0.018,0.8576,0.1424,0.26,0.000566,1,101.8
2026-01-23,1,23,4,4,0,0,0,0,digital_wallet,branch,east,premium,desktop,0,0,0,400,66.95,182,8,9,7,2,7,0.023,0.8668,0.1332,0.276,0.00037,1,101.19
2026-01-23,1,23,4,4,0,0,0,0,digital_wallet,branch,east,retail,desktop,0,0,0,518,76.74,166,10,4,5,2,2,0.0209,0.8593,0.1407,0.2367,0.000519,0,52.8
2026-01-23,1,23,4,4,0,0,0,0,digital_wallet,branch,north,premium,desktop,0,0,0,408,76.5,217,6,6,1,3,4,0.0232,0.8633,0.1367,0.2551,0.000376,0,0.0
2026-01-23,1,23,4,4,0,0,0,0,digital_wallet,branch,north,retail,desktop,0,0,0,544,33.59,335,20,14,5,2,6,0.0155,0.8669,0.1331,0.2485,0.000563,0,0.0
2026-01-23,1,23,4,4,0,0,0,0,digital_wallet,branch,south,premium,desktop,0,0,0,423,80.83,151,13,8,4,1,2,0.0137,0.8516,0.1484,0.3059,0.000405,0,0.0
2026-01-23,1,23,4,4,0,0,0,0,digital_wallet,branch,south,retail,desktop,0,0,0,642,77.21,301,14,14,6,1,5,0.023,0.8572,0.1428,0.2046,0.000606,0,2.5
2026-01-23,1,23,4,4,0,0,0,0,digital_wallet,branch,west,premium,desktop,0,0,0,425,75.57,124,8,11,3,0,5,0.0261,0.8622,0.1378,0.1949,0.000431,0,0.0
2026-01-23,1,23,4,4,0,0,0,0,digital_wallet,branch,west,retail,desktop,0,0,0,585,85.95,171,19,7,8,1,8,0.0194,0.8636,0.1364,0.2617,0.000629,1,69.8
2026-01-23,1,23,4,4,0,0,0,0,digital_wallet,mobile_app,east,premium,android,0,0,0,1701,82.3,1098,11,30,13,1,18,0.0242,0.8565,0.1435,0.5003,0.000632,3,273.79
2026-01-23,1,23,4,4,0,0,0,0,digital_wallet,mobile_app,east,retail,android,0,0,0,2768,106.63,1459,20,24,13,2,16,0.0236,0.8661,0.1339,0.5582,0.000866,2,200.23
2026-01-23,1,23,4,4,0,0,0,0,digital_wallet,mobile_app,north,premium,ios,0,0,0,1673,36.94,608,8,14,14,2,8,0.0208,0.846,0.154,0.3538,0.00065,2,58.17
2026-01-23,1,23,4,4,0,0,0,0,digital_wallet,mobile_app,north,retail,ios,0,0,0,2534,57.04,1534,29,25,2,2,12,0.0174,0.8621,0.1379,0.3932,0.000935,2,128.01
2026-01-23,1,23,4,4,0,0,0,0,digital_wallet,mobile_app,south,premium,android,0,0,0,1825,51.9,624,13,20,5,1,6,0.0179,0.8509,0.1491,0.5439,0.000679,0,26.69
2026-01-23,1,23,4,4,0,0,0,0,digital_wallet,mobile_app,south,retail,android,0,0,0,1974,170.05,822,22,21,15,8,18,0.0186,0.8727,0.1273,0.5278,0.000983,3,582.74
2026-01-23,1,23,4,4,0,0,0,0,digital_wallet,mobile_app,west,premium,android,0,0,0,1882,35.02,1217,16,26,6,3,15,0.0213,0.8705,0.1295,0.5033,0.000696,0,19.21
2026-01-23,1,23,4,4,0,0,0,0,digital_wallet,mobile_app,west,retail,ios,0,0,0,2532,94.65,1544,32,21,6,1,13,0.0229,0.8685,0.1315,0.3627,0.001009,1,151.46
2026-01-23,1,23,4,4,0,0,0,0,digital_wallet,web,east,premium,desktop,0,0,0,867,76.9,278,16,11,4,3,7,0.0254,0.8619,0.1381,0.2661,0.00053,1,73.2
2026-01-23,1,23,4,4,0,0,0,0,digital_wallet,web,east,retail,ios,0,0,0,1815,50.64,1177,21,15,8,4,9,0.0158,0.8508,0.1492,0.2499,0.000756,2,164.34
2026-01-23,1,23,4,4,0,0,0,0,digital_wallet,web,north,premium,desktop,0,0,0,939,80.05,415,13,13,8,1,11,0.022,0.8716,0.1284,0.2386,0.000559,1,62.02
2026-01-23,1,23,4,4,0,0,0,0,digital_wallet,web,north,retail,android,0,0,0,2440,71.79,1199,19,13,6,6,12,0.0257,0.8753,0.1247,0.4771,0.000769,2,155.2
2026-01-23,1,23,4,4,0,0,0,0,digital_wallet,web,south,premium,desktop,0,0,0,901,61.65,484,5,19,7,2,8,0.0162,0.8572,0.1428,0.2434,0.000582,0,0.0
2026-01-23,1,23,4,4,0,0,0,0,digital_wallet,web,south,retail,desktop,0,0,0,1223,71.0,487,16,18,3,3,10,0.0252,0.8445,0.1555,0.2828,0.000855,1,43.74
2026-01-23,1,23,4,4,0,0,0,0,digital_wallet,web,west,premium,desktop,0,0,0,1013,76.68,403,5,11,13,0,6,0.0241,0.8509,0.1491,0.2311,0.000619,1,39.93
2026-01-23,1,23,4,4,0,0,0,0,digital_wallet,web,west,retail,desktop,0,0,0,1410,34.8,557,12,15,7,4,13,0.0141,0.8652,0.1348,0.265,0.000896,2,90.16
2026-01-24,1,24,5,4,1,0,0,0,credit_card,branch,east,premium,desktop,0,0,0,530,62.96,199,13,10,5,1,4,0.026,0.8495,0.1505,0.2632,0.000332,0,0.0
2026-01-24,1,24,5,4,1,0,0,0,credit_card,branch,east,retail,desktop,0,0,0,714,39.9,429,26,13,5,1,6,0.0201,0.8516,0.1484,0.2846,0.000485,0,13.89
2026-01-24,1,24,5,4,1,0,0,0,credit_card,branch,north,premium,desktop,0,0,0,539,57.5,195,16,13,4,1,6,0.0223,0.8452,0.1548,0.2433,0.000344,1,28.26
2026-01-24,1,24,5,4,1,0,0,0,credit_card,branch,north,retail,desktop,0,0,0,736,40.45,309,26,6,8,1,4,0.0205,0.8673,0.1327,0.2221,0.000469,0,0.0
2026-01-24,1,24,5,4,1,0,0,0,credit_card,branch,south,premium,desktop,0,0,0,455,53.43,160,11,12,2,1,13,0.0261,0.86,0.14,0.2742,0.000361,2,155.59
2026-01-24,1,24,5,4,1,0,0,0,credit_card,branch,south,retail,desktop,0,0,0,789,95.78,387,23,4,5,4,6,0.0171,0.8442,0.1558,0.2448,0.000504,1,158.28
2026-01-24,1,24,5,4,1,0,0,0,credit_card,branch,west,premium,desktop,0,0,0,545,58.31,353,14,8,6,0,2,0.0226,0.8628,0.1372,0.2429,0.000378,0,14.7
2026-01-24,1,24,5,4,1,0,0,0,credit_card,branch,west,retail,desktop,0,0,0,689,73.13,416,24,4,2,0,5,0.0181,0.8713,0.1287,0.2478,0.000525,1,72.22
2026-01-24,1,24,5,4,1,0,0,0,credit_card,mobile_app,east,premium,ios,0,0,0,2204,68.32,690,22,29,15,2,11,0.0185,0.8587,0.1413,0.3501,0.000534,0,72.86
2026-01-24,1,24,5,4,1,0,0,0,credit_card,mobile_app,east,retail,android,0,0,0,3027,71.15,917,36,16,8,3,20,0.0237,0.8345,0.1655,0.5696,0.000734,3,266.05
2026-01-24,1,24,5,4,1,0,0,0,credit_card,mobile_app,north,premium,ios,0,0,0,1823,44.73,672,14,27,10,4,10,0.0214,0.8507,0.1493,0.3217,0.000578,0,8.89
2026-01-24,1,24,5,4,1,0,0,0,credit_card,mobile_app,north,retail,ios,0,0,0,2822,88.87,934,33,24,16,3,27,0.0149,0.854,0.146,0.3576,0.000815,7,793.54
2026-01-24,1,24,5,4,1,0,0,0,credit_card,mobile_app,south,premium,android,0,0,0,2071,92.38,631,17,25,7,1,6,0.0228,0.8554,0.1446,0.5684,0.000645,0,88.67
2026-01-24,1,24,5,4,1,0,0,0,credit_card,mobile_app,south,retail,android,0,0,0,2978,74.39,1064,34,15,9,2,15,0.021,0.854,0.146,0.5158,0.000884,3,291.71
2026-01-24,1,24,5,4,1,0,0,0,credit_card,mobile_app,west,premium,ios,0,0,0,2225,40.81,1076,22,21,9,2,13,0.0224,0.8563,0.1437,0.335,0.000646,2,32.26
2026-01-24,1,24,5,4,1,0,0,0,credit_card,mobile_app,west,retail,ios,0,0,0,3224,27.98,1338,39,23,17,2,20,0.0201,0.8541,0.1459,0.3529,0.000933,2,33.81
2026-01-24,1,24,5,4,1,0,0,0,credit_card,web,east,premium,desktop,0,0,0,1269,235.36,476,11,20,9,1,17,0.0176,0.8501,0.1499,0.23,0.000512,2,527.0
2026-01-24,1,24,5,4,1,0,0,0,credit_card,web,east,retail,desktop,0,0,0,1728,69.42,575,22,12,6,0,2,0.0223,0.8576,0.1424,0.2665,0.000639,0,11.7
2026-01-24,1,24,5,4,1,0,0,0,credit_card,web,north,premium,desktop,0,0,0,1244,64.9,376,14,19,5,1,10,0.0159,0.8733,0.1267,0.2086,0.000464,0,0.0
2026-01-24,1,24,5,4,1,0,0,0,credit_card,web,north,retail,desktop,0,0,0,1604,68.28,686,24,10,6,4,4,0.0238,0.8446,0.1554,0.3029,0.000683,0,9.22
2026-01-24,1,24,5,4,1,0,0,0,credit_card,web,south,premium,ios,0,0,0,1647,115.15,637,9,11,9,0,10,0.0169,0.8417,0.1583,0.2393,0.000525,1,90.16
2026-01-24,1,24,5,4,1,0,0,0,credit_card,web,south,retail,ios,0,0,0,2117,100.55,664,28,15,8,5,6,0.0184,0.8328,0.1672,0.2645,0.000745,1,121.05
2026-01-24,1,24,5,4,1,0,0,0,credit_card,web,west,premium,desktop,0,0,0,1226,49.08,692,6,13,6,1,8,0.0185,0.8422,0.1578,0.1951,0.000573,1,123.39
2026-01-24,1,24,5,4,1,0,0,0,credit_card,web,west,retail,android,0,0,0,3035,91.3,1866,26,14,5,2,26,0.0203,0.8293,0.1707,0.4408,0.00078,5,535.73
2026-01-24,1,24,5,4,1,0,0,0,debit_card,branch,east,premium,desktop,0,0,0,402,77.89,157,13,12,7,1,2,0.021,0.8509,0.1491,0.2449,0.000262,0,0.0
2026-01-24,1,24,5,4,1,0,0,0,debit_card,branch,east,retail,desktop,0,0,0,528,76.68,156,16,12,4,4,3,0.0176,0.8612,0.1388,0.2338,0.000373,0,9.69
2026-01-24,1,24,5,4,1,0,0,0,debit_card,branch,north,premium,desktop,0,0,0,440,47.35,169,10,13,6,1,6,0.0139,0.8419,0.1581,0.3044,0.00027,0,0.0
2026-01-24,1,24,5,4,1,0,0,0,debit_card,branch,north,retail,desktop,0,0,0,602,68.45,178,25,7,4,1,6,0.0223,0.8665,0.1335,0.2918,0.000374,1,142.37
2026-01-24,1,24,5,4,1,0,0,0,debit_card,branch,south,premium,desktop,0,0,0,380,56.64,138,11,9,6,1,5,0.0192,0.8638,0.1362,0.2739,0.000279,1,29.4
2026-01-24,1,24,5,4,1,0,0,0,debit_card,branch,south,retail,desktop,0,0,0,626,52.33,290,26,9,2,1,2,0.0112,0.8487,0.1513,0.2889,0.000418,0,36.57
2026-01-24,1,24,5,4,1,0,0,0,debit_card,branch,west,premium,desktop,0,0,0,440,106.15,139,18,13,8,0,4,0.0159,0.835,0.165,0.2231,0.000298,0,0.0
2026-01-24,1,24,5,4,1,0,0,0,debit_card,branch,west,retail,desktop,0,0,0,756,64.9,251,17,6,2,1,2,0.0272,0.8607,0.1393,0.2188,0.000403,0,0.0
2026-01-24,1,24,5,4,1,0,0,0,debit_card,mobile_app,east,premium,android,0,0,0,1619,74.27,809,12,21,8,4,16,0.0181,0.8405,0.1595,0.4905,0.00042,1,43.21
2026-01-24,1,24,5,4,1,0,0,0,debit_card,mobile_app,east,retail,ios,0,0,0,2332,85.92,801,28,20,13,2,6,0.0181,0.8596,0.1404,0.3754,0.000612,1,69.31
2026-01-24,1,24,5,4,1,0,0,0,debit_card,mobile_app,north,premium,ios,0,0,0,1619,55.77,551,9,25,12,3,13,0.016,0.8482,0.1518,0.3455,0.000454,0,55.29
2026-01-24,1,24,5,4,1,0,0,0,debit_card,mobile_app,north,retail,ios,0,0,0,2458,79.3,792,32,25,11,5,13,0.0114,0.8597,0.1403,0.3358,0.000614,3,276.79
2026-01-24,1,24,5,4,1,0,0,0,debit_card,mobile_app,south,premium,android,0,0,0,1541,119.1,566,14,28,11,2,25,0.0183,0.8437,0.1563,0.5949,0.000477,2,187.15
2026-01-24,1,24,5,4,1,0,0,0,debit_card,mobile_app,south,retail,ios,0,0,0,2717,59.85,849,24,20,14,3,13,0.024,0.8939,0.1061,0.3161,0.000711,2,151.24
2026-01-24,1,24,5,4,1,0,0,0,debit_card,mobile_app,west,premium,ios,0,0,0,1770,134.29,1187,11,27,10,0,6,0.0198,0.8645,0.1355,0.3884,0.000482,0,29.06
2026-01-24,1,24,5,4,1,0,0,0,debit_card,mobile_app,west,retail,ios,0,0,0,2353,68.85,1159,24,22,2,1,15,0.0243,0.8555,0.1445,0.3709,0.000694,3,171.05
2026-01-24,1,24,5,4,1,0,0,0,debit_card,web,east,premium,android,0,0,0,1498,39.11,524,20,12,7,1,3,0.0202,0.8456,0.1544,0.4129,0.000373,0,0.0
2026-01-24,1,24,5,4,1,0,0,0,debit_card,web,east,retail,desktop,0,0,0,1317,90.54,455,19,12,8,3,7,0.0186,0.8557,0.1443,0.2341,0.00051,1,170.74
2026-01-24,1,24,5,4,1,0,0,0,debit_card,web,north,premium,desktop,0,0,0,921,25.54,366,10,17,9,2,8,0.0257,0.8618,0.1382,0.3008,0.000372,0,0.0
2026-01-24,1,24,5,4,1,0,0,0,debit_card,web,north,retail,desktop,0,0,0,1526,109.79,536,27,15,6,3,6,0.0177,0.8553,0.1447,0.261,0.00054,1,139.88
2026-01-24,1,24,5,4,1,0,0,0,debit_card,web,south,premium,ios,0,0,0,1394,83.34,402,16,14,7,5,7,0.0167,0.8281,0.1719,0.2845,0.000411,1,41.58
2026-01-24,1,24,5,4,1,0,0,0,debit_card,web,south,retail,ios,0,0,0,2233,108.66,1233,19,7,13,2,7,0.0168,0.8512,0.1488,0.2788,0.000613,2,235.51
2026-01-24,1,24,5,4,1,0,0,0,debit_card,web,west,premium,desktop,0,0,0,1072,68.05,325,10,21,8,1,4,0.0155,0.8549,0.1451,0.2854,0.000445,0,0.0
2026-01-24,1,24,5,4,1,0,0,0,debit_card,web,west,retail,desktop,0,0,0,1498,79.78,463,18,18,5,1,9,0.0168,0.8527,0.1473,0.2526,0.000609,0,0.0
2026-01-24,1,24,5,4,1,0,0,0,digital_wallet,branch,east,premium,desktop,0,0,0,388,79.82,233,8,14,4,0,5,0.0205,0.8585,0.1415,0.2606,0.000371,1,35.05
2026-01-24,1,24,5,4,1,0,0,0,digital_wallet,branch,east,retail,desktop,0,0,0,497,60.44,187,20,7,1,1,5,0.0193,0.857,0.143,0.2944,0.000512,1,28.38
2026-01-24,1,24,5,4,1,0,0,0,digital_wallet,branch,north,premium,desktop,0,0,0,278,84.73,184,7,15,3,1,8,0.0257,0.8462,0.1538,0.2114,0.000384,0,0.0
2026-01-24,1,24,5,4,1,0,0,0,digital_wallet,branch,north,retail,desktop,0,0,0,485,143.49,189,20,10,3,2,3,0.021,0.8471,0.1529,0.235,0.000552,0,58.89
2026-01-24,1,24,5,4,1,0,0,0,digital_wallet,branch,south,premium,desktop,0,0,0,300,45.12,143,11,8,6,2,6,0.0286,0.8633,0.1367,0.1733,0.000439,1,45.68
2026-01-24,1,24,5,4,1,0,0,0,digital_wallet,branch,south,retail,desktop,0,0,0,494,33.29,242,19,8,4,5,6,0.0178,0.8494,0.1506,0.2358,0.000595,1,0.0
2026-01-24,1,24,5,4,1,0,0,0,digital_wallet,branch,west,premium,desktop,0,0,0,388,63.63,169,4,11,5,1,2,0.0225,0.8504,0.1496,0.2447,0.000453,0,13.6
2026-01-24,1,24,5,4,1,0,0,0,digital_wallet,branch,west,retail,desktop,0,0,0,518,55.46,232,14,15,5,1,4,0.0172,0.8333,0.1667,0.2467,0.00063,0,0.0
2026-01-24,1,24,5,4,1,0,0,0,digital_wallet,mobile_app,east,premium,android,0,0,0,1565,57.58,518,14,20,8,3,5,0.0276,0.8379,0.1621,0.5193,0.000624,0,0.0
2026-01-24,1,24,5,4,1,0,0,0,digital_wallet,mobile_app,east,retail,ios,0,0,0,1911,48.77,985,23,31,10,2,24,0.0186,0.8518,0.1482,0.3582,0.000899,2,216.96
2026-01-24,1,24,5,4,1,0,0,0,digital_wallet,mobile_app,north,premium,ios,0,0,0,1456,66.03,926,9,22,11,2,10,0.0174,0.8364,0.1636,0.417,0.000662,1,73.64
2026-01-24,1,24,5,4,1,0,0,0,digital_wallet,mobile_app,north,retail,android,0,0,0,2201,127.36,750,21,30,14,2,18,0.0161,0.8389,0.1611,0.5286,0.000901,2,169.82
2026-01-24,1,24,5,4,1,0,0,0,digital_wallet,mobile_app,south,premium,android,0,0,0,1331,61.66,608,12,22,3,0,16,0.0272,0.832,0.168,0.5179,0.000692,1,75.9
2026-01-24,1,24,5,4,1,0,0,0,digital_wallet,mobile_app,south,retail,android,0,0,0,2107,80.25,640,17,18,7,3,14,0.0183,0.8348,0.1652,0.4931,0.000991,1,124.38
2026-01-24,1,24,5,4,1,0,0,0,digital_wallet,mobile_app,west,premium,android,0,0,0,1791,56.18,1051,12,28,12,5,17,0.0125,0.8434,0.1566,0.5626,0.00072,1,60.76
2026-01-24,1,24,5,4,1,0,0,0,digital_wallet,mobile_app,west,retail,android,0,0,0,2312,80.85,1011,28,23,10,4,15,0.0173,0.8632,0.1368,0.5632,0.00103,1,37.58
2026-01-24,1,24,5,4,1,0,0,0,digital_wallet,web,east,premium,desktop,0,0,0,931,64.89,461,9,15,6,3,3,0.02,0.8457,0.1543,0.218,0.000532,0,26.42
2026-01-24,1,24,5,4,1,0,0,0,digital_wallet,web,east,retail,desktop,0,0,0,1191,52.13,395,16,12,4,2,6,0.0169,0.8401,0.1599,0.2552,0.00073,1,35.78
2026-01-24,1,24,5,4,1,0,0,0,digital_wallet,web,north,premium,desktop,0,0,0,935,32.16,329,8,19,4,2,9,0.0206,0.8502,0.1498,0.1896,0.000551,1,48.67
2026-01-24,1,24,5,4,1,0,0,0,digital_wallet,web,north,retail,desktop,0,0,0,1294,109.97,368,11,9,3,3,12,0.0166,0.8432,0.1568,0.2337,0.000756,2,238.86
2026-01-24,1,24,5,4,1,0,0,0,digital_wallet,web,south,premium,desktop,0,0,0,840,73.76,319,10,2,6,0,3,0.0178,0.8551,0.1449,0.2347,0.000585,1,131.91
2026-01-24,1,24,5,4,1,0,0,0,digital_wallet,web,south,retail,desktop,0,0,0,1172,54.31,521,12,21,1,2,14,0.0166,0.8524,0.1476,0.2189,0.000815,1,63.13
2026-01-24,1,24,5,4,1,0,0,0,digital_wallet,web,west,premium,desktop,0,0,0,805,81.84,376,8,15,10,3,5,0.0185,0.8583,0.1417,0.2544,0.000598,0,18.78
2026-01-24,1,24,5,4,1,0,0,0,digital_wallet,web,west,retail,android,0,0,0,1846,52.59,572,14,18,11,2,20,0.0188,0.861,0.139,0.4226,0.000883,3,150.14
2026-01-25,1,25,6,4,1,0,0,0,credit_card,branch,east,premium,desktop,0,0,0,464,113.7,230,8,7,3,1,4,0.0222,0.8489,0.1511,0.333,0.000325,0,0.0
2026-01-25,1,25,6,4,1,0,0,0,credit_card,branch,east,retail,desktop,0,0,0,819,70.76,358,31,8,6,2,7,0.0205,0.8323,0.1677,0.2227,0.000474,1,75.4
2026-01-25,1,25,6,4,1,0,0,0,credit_card,branch,north,premium,desktop,0,0,0,466,112.01,174,18,10,7,3,3,0.0151,0.8324,0.1676,0.2639,0.000354,0,0.0
2026-01-25,1,25,6,4,1,0,0,0,credit_card,branch,north,retail,desktop,0,0,0,766,102.92,478,19,13,4,1,5,0.0146,0.8509,0.1491,0.2097,0.000482,0,45.1
2026-01-25,1,25,6,4,1,0,0,0,credit_card,branch,south,premium,desktop,0,0,0,499,91.51,249,10,10,5,1,4,0.0216,0.859,0.141,0.2672,0.000384,0,29.33
2026-01-25,1,25,6,4,1,0,0,0,credit_card,branch,south,retail,desktop,0,0,0,844,67.85,475,23,9,5,0,5,0.018,0.8513,0.1487,0.1988,0.000497,0,10.29
2026-01-25,1,25,6,4,1,0,0,0,credit_card,branch,west,premium,desktop,0,0,0,468,90.5,180,13,8,3,3,4,0.0203,0.8433,0.1567,0.277,0.000397,0,29.69
2026-01-25,1,25,6,4,1,0,0,0,credit_card,branch,west,retail,desktop,0,0,0,788,92.18,230,15,10,3,2,8,0.0175,0.8599,0.1401,0.2162,0.000559,1,86.53
2026-01-25,1,25,6,4,1,0,0,0,credit_card,mobile_app,east,premium,android,0,0,0,2224,37.21,655,20,16,6,4,11,0.0188,0.8572,0.1428,0.5538,0.000558,2,101.02
2026-01-25,1,25,6,4,1,0,0,0,credit_card,mobile_app,east,retail,android,0,0,0,2939,111.33,1653,34,23,12,4,10,0.0174,0.8346,0.1654,0.5157,0.00076,1,173.68
2026-01-25,1,25,6,4,1,0,0,0,credit_card,mobile_app,north,premium,ios,0,0,0,2124,80.84,1410,16,23,9,2,8,0.026,0.857,0.143,0.3407,0.000564,0,15.35
2026-01-25,1,25,6,4,1,0,0,0,credit_card,mobile_app,north,retail,ios,0,0,0,3220,89.69,1513,36,23,11,4,11,0.0211,0.8505,0.1495,0.3486,0.000825,1,129.12
2026-01-25,1,25,6,4,1,0,0,0,credit_card,mobile_app,south,premium,android,0,0,0,1824,53.25,594,17,18,12,2,10,0.0249,0.8552,0.1448,0.536,0.000618,2,189.72
2026-01-25,1,25,6,4,1,0,0,0,credit_card,mobile_app,south,retail,ios,0,0,0,2727,31.61,1462,33,21,9,5,20,0.0131,0.861,0.139,0.4117,0.000878,3,100.78
2026-01-25,1,25,6,4,1,0,0,0,credit_card,mobile_app,west,premium,android,0,0,0,2048,131.68,715,9,18,17,5,12,0.0178,0.845,0.155,0.5624,0.000624,1,145.36
2026-01-25,1,25,6,4,1,0,0,0,credit_card,mobile_app,west,retail,ios,0,0,0,3501,110.86,2254,39,28,10,2,18,0.0187,0.8439,0.1561,0.2839,0.00093,2,225.0
2026-01-25,1,25,6,4,1,0,0,0,credit_card,web,east,premium,android,0,0,0,1745,79.67,600,11,15,5,2,9,0.0204,0.8463,0.1537,0.4004,0.000434,0,0.0
2026-01-25,1,25,6,4,1,0,0,0,credit_card,web,east,retail,android,0,0,0,2569,47.68,838,29,15,5,3,10,0.0233,0.8575,0.1425,0.4045,0.000645,1,31.27
2026-01-25,1,25,6,4,1,0,0,0,credit_card,web,north,premium,ios,0,0,0,1873,51.96,1066,14,12,10,3,13,0.0259,0.8367,0.1633,0.2575,0.00048,3,216.6
2026-01-25,1,25,6,4,1,0,0,0,credit_card,web,north,retail,desktop,0,0,0,1815,59.46,1133,23,25,4,3,11,0.018,0.8436,0.1564,0.2362,0.00069,1,50.37
2026-01-25,1,25,6,4,1,0,0,0,credit_card,web,south,premium,desktop,0,0,0,943,64.86,418,17,13,9,1,6,0.0223,0.8532,0.1468,0.19,0.000532,1,79.63
2026-01-25,1,25,6,4,1,0,0,0,credit_card,web,south,retail,desktop,0,0,0,1620,69.36,943,16,20,5,1,16,0.022,0.844,0.156,0.2216,0.000696,1,67.86
2026-01-25,1,25,6,4,1,0,0,0,credit_card,web,west,premium,desktop,0,0,0,1447,85.28,648,16,11,6,1,8,0.0154,0.8514,0.1486,0.3078,0.000566,1,122.6
2026-01-25,1,25,6,4,1,0,0,0,credit_card,web,west,retail,desktop,0,0,0,2095,55.15,768,26,13,9,4,10,0.0206,0.8443,0.1557,0.2043,0.000758,1,119.01
2026-01-25,1,25,6,4,1,0,0,0,debit_card,branch,east,premium,desktop,0,0,0,348,70.28,129,11,15,5,0,4,0.0133,0.8525,0.1475,0.2428,0.000256,0,0.0
2026-01-25,1,25,6,4,1,0,0,0,debit_card,branch,east,retail,desktop,0,0,0,731,72.34,219,20,10,7,2,4,0.022,0.8561,0.1439,0.2754,0.000357,0,43.86
2026-01-25,1,25,6,4,1,0,0,0,debit_card,branch,north,premium,desktop,0,0,0,371,85.25,134,12,7,3,1,3,0.0207,0.8587,0.1413,0.2944,0.000254,0,0.0
2026-01-25,1,25,6,4,1,0,0,0,debit_card,branch,north,retail,desktop,0,0,0,653,43.76,214,19,9,5,1,3,0.0212,0.8578,0.1422,0.2389,0.000397,0,0.0
2026-01-25,1,25,6,4,1,0,0,0,debit_card,branch,south,premium,desktop,0,0,0,372,68.71,191,10,11,9,2,6,0.0199,0.8612,0.1388,0.2583,0.000296,0,0.0
2026-01-25,1,25,6,4,1,0,0,0,debit_card,branch,south,retail,desktop,0,0,0,590,49.99,235,20,9,6,2,4,0.0223,0.8455,0.1545,0.2564,0.000418,0,15.25
2026-01-25,1,25,6,4,1,0,0,0,debit_card,branch,west,premium,desktop,0,0,0,455,90.73,287,15,15,7,4,6,0.0179,0.8581,0.1419,0.2788,0.000303,0,0.0
2026-01-25,1,25,6,4,1,0,0,0,debit_card,branch,west,retail,desktop,0,0,0,635,66.9,190,22,11,7,2,3,0.0264,0.845,0.155,0.2385,0.00041,0,51.93
2026-01-25,1,25,6,4,1,0,0,0,debit_card,mobile_app,east,premium,android,0,0,0,1595,48.18,558,10,15,13,6,11,0.0128,0.8621,0.1379,0.5206,0.000433,2,112.97
2026-01-25,1,25,6,4,1,0,0,0,debit_card,mobile_app,east,retail,android,0,0,0,2653,41.98,818,28,21,8,1,9,0.0243,0.8551,0.1449,0.5227,0.00061,3,103.43
2026-01-25,1,25,6,4,1,0,0,0,debit_card,mobile_app,north,premium,ios,0,0,0,1696,87.46,647,18,23,5,4,6,0.0265,0.8445,0.1555,0.3302,0.000445,0,16.45
2026-01-25,1,25,6,4,1,0,0,0,debit_card,mobile_app,north,retail,ios,0,0,0,2150,23.4,921,28,21,10,1,12,0.0241,0.8503,0.1497,0.3954,0.000621,1,0.0
2026-01-25,1,25,6,4,1,0,0,0,debit_card,mobile_app,south,premium,ios,0,0,0,1619,93.56,486,14,23,13,3,15,0.0151,0.853,0.147,0.356,0.000484,1,90.47
2026-01-25,1,25,6,4,1,0,0,0,debit_card,mobile_app,south,retail,ios,0,0,0,2429,70.27,1452,28,14,15,5,15,0.0242,0.8493,0.1507,0.3193,0.00068,2,170.41
2026-01-25,1,25,6,4,1,0,0,0,debit_card,mobile_app,west,premium,android,0,0,0,1974,83.18,794,15,26,15,1,16,0.0265,0.8554,0.1446,0.5533,0.000492,1,149.04
2026-01-25,1,25,6,4,1,0,0,0,debit_card,mobile_app,west,retail,android,0,0,0,3103,52.61,1443,21,22,13,1,20,0.0206,0.854,0.146,0.5603,0.000664,3,171.92
2026-01-25,1,25,6,4,1,0,0,0,debit_card,web,east,premium,ios,0,0,0,1523,68.56,664,11,26,4,0,11,0.0253,0.8527,0.1473,0.3083,0.000352,0,0.0
2026-01-25,1,25,6,4,1,0,0,0,debit_card,web,east,retail,ios,0,0,0,2221,70.13,794,17,14,10,1,10,0.0196,0.849,0.151,0.2598,0.000504,2,169.21
2026-01-25,1,25,6,4,1,0,0,0,debit_card,web,north,premium,android,0,0,0,1449,70.44,682,6,13,4,1,8,0.017,0.8692,0.1308,0.433,0.000375,1,55.68
2026-01-25,1,25,6,4,1,0,0,0,debit_card,web,north,retail,desktop,0,0,0,1594,38.37,578,24,20,5,2,5,0.021,0.8633,0.1367,0.1998,0.000522,0,101.12
2026-01-25,1,25,6,4,1,0,0,0,debit_card,web,south,premium,desktop,0,0,0,894,47.44,417,13,14,9,3,4,0.0185,0.8497,0.1503,0.2318,0.000405,0,0.0
2026-01-25,1,25,6,4,1,0,0,0,debit_card,web,south,retail,android,0,0,0,2183,72.09,893,16,5,4,2,9,0.0169,0.8371,0.1629,0.4134,0.000598,2,107.43
2026-01-25,1,25,6,4,1,0,0,0,debit_card,web,west,premium,ios,0,0,0,1542,77.01,484,6,20,9,1,4,0.0278,0.8497,0.1503,0.2897,0.00043,0,10.65
2026-01-25,1,25,6,4,1,0,0,0,debit_card,web,west,retail,desktop,0,0,0,1609,47.97,770,18,16,8,2,5,0.0213,0.8508,0.1492,0.2464,0.000596,0,0.0
2026-01-25,1,25,6,4,1,0,0,0,digital_wallet,branch,east,premium,desktop,0,0,0,280,62.67,180,15,10,8,2,4,0.024,0.8689,0.1311,0.2644,0.0004,0,0.0
2026-01-25,1,25,6,4,1,0,0,0,digital_wallet,branch,east,retail,desktop,0,0,0,506,56.99,173,14,14,2,3,7,0.0178,0.862,0.138,0.2752,0.000516,0,51.46
2026-01-25,1,25,6,4,1,0,0,0,digital_wallet,branch,north,premium,desktop,0,0,0,391,45.7,127,9,9,2,1,2,0.0238,0.8325,0.1675,0.2248,0.000385,0,54.18
2026-01-25,1,25,6,4,1,0,0,0,digital_wallet,branch,north,retail,desktop,0,0,0,489,100.33,260,17,13,3,3,6,0.0207,0.8463,0.1537,0.2183,0.000532,1,83.4
2026-01-25,1,25,6,4,1,0,0,0,digital_wallet,branch,south,premium,desktop,0,0,0,271,47.25,112,10,11,4,1,7,0.0151,0.8676,0.1324,0.2279,0.00041,0,35.77
2026-01-25,1,25,6,4,1,0,0,0,digital_wallet,branch,south,retail,desktop,0,0,0,466,60.61,222,14,7,3,4,1,0.0163,0.8665,0.1335,0.2362,0.000628,0,0.0
2026-01-25,1,25,6,4,1,0,0,0,digital_wallet,branch,west,premium,desktop,0,0,0,416,61.44,155,7,5,3,4,1,0.0205,0.8584,0.1416,0.2278,0.000424,0,56.38
2026-01-25,1,25,6,4,1,0,0,0,digital_wallet,branch,west,retail,desktop,0,0,0,514,34.49,212,16,7,7,4,4,0.0227,0.8546,0.1454,0.2617,0.000613,0,13.05
2026-01-25,1,25,6,4,1,0,0,0,digital_wallet,mobile_app,east,premium,android,0,0,0,1483,59.16,617,9,25,8,2,12,0.0228,0.8674,0.1326,0.5183,0.00062,2,209.75
2026-01-25,1,25,6,4,1,0,0,0,digital_wallet,mobile_app,east,retail,android,0,0,0,2079,60.32,854,13,26,11,4,25,0.0164,0.8505,0.1495,0.5573,0.000851,3,150.56
2026-01-25,1,25,6,4,1,0,0,0,digital_wallet,mobile_app,north,premium,android,0,0,0,1530,45.67,450,15,18,7,2,6,0.0196,0.8572,0.1428,0.4255,0.000666,1,32.92
2026-01-25,1,25,6,4,1,0,0,0,digital_wallet,mobile_app,north,retail,android,0,0,0,2256,61.59,1241,21,24,14,3,19,0.0142,0.8512,0.1488,0.5776,0.00091,3,221.83
2026-01-25,1,25,6,4,1,0,0,0,digital_wallet,mobile_app,south,premium,ios,0,0,0,1508,58.31,547,6,24,14,6,7,0.0257,0.8397,0.1603,0.3131,0.000727,0,7.55
2026-01-25,1,25,6,4,1,0,0,0,digital_wallet,mobile_app,south,retail,ios,0,0,0,1582,45.55,957,24,21,10,4,14,0.0196,0.8605,0.1395,0.4228,0.000945,1,43.88
2026-01-25,1,25,6,4,1,0,0,0,digital_wallet,mobile_app,west,premium,ios,0,0,0,1502,44.53,650,8,22,5,4,7,0.0166,0.8478,0.1522,0.3351,0.000757,0,18.92
2026-01-25,1,25,6,4,1,0,0,0,digital_wallet,mobile_app,west,retail,android,0,0,0,2251,64.43,1260,26,28,6,4,37,0.0207,0.8639,0.1361,0.5167,0.001004,5,415.15
2026-01-25,1,25,6,4,1,0,0,0,digital_wallet,web,east,premium,desktop,0,0,0,801,76.41,431,10,17,2,1,7,0.0224,0.8541,0.1459,0.21,0.00052,0,51.26
2026-01-25,1,25,6,4,1,0,0,0,digital_wallet,web,east,retail,desktop,0,0,0,1064,67.92,580,12,14,3,3,4,0.0179,0.8414,0.1586,0.2645,0.000759,0,0.0
2026-01-25,1,25,6,4,1,0,0,0,digital_wallet,web,north,premium,android,0,0,0,1136,67.02,444,5,17,10,1,6,0.0197,0.8542,0.1458,0.4162,0.000569,1,15.68
2026-01-25,1,25,6,4,1,0,0,0,digital_wallet,web,north,retail,desktop,0,0,0,1226,71.23,589,18,16,8,2,13,0.0155,0.8626,0.1374,0.2322,0.00078,2,137.4
2026-01-25,1,25,6,4,1,0,0,0,digital_wallet,web,south,premium,desktop,0,0,0,889,63.52,362,5,17,8,2,4,0.0183,0.8488,0.1512,0.2364,0.000592,0,13.11
2026-01-25,1,25,6,4,1,0,0,0,digital_wallet,web,south,retail,desktop,0,0,0,1092,70.18,580,17,23,6,1,12,0.0155,0.858,0.142,0.2556,0.000836,0,0.0
2026-01-25,1,25,6,4,1,0,0,0,digital_wallet,web,west,premium,desktop,0,0,0,936,68.08,488,5,14,7,0,7,0.0203,0.8511,0.1489,0.2773,0.00064,0,0.0
2026-01-25,1,25,6,4,1,0,0,0,digital_wallet,web,west,retail,desktop,0,0,0,1561,66.96,510,23,19,8,1,18,0.0272,0.8611,0.1389,0.2647,0.000874,3,264.46
2026-01-26,1,26,0,5,0,0,0,1,credit_card,branch,east,premium,desktop,0,0,0,492,48.75,149,10,8,3,2,5,0.0137,0.8652,0.1348,0.2752,0.000322,0,0.0
2026-01-26,1,26,0,5,0,0,0,1,credit_card,branch,east,retail,desktop,0,0,0,755,39.99,237,25,10,4,0,5,0.0248,0.8551,0.1449,0.2134,0.00048,0,35.61
2026-01-26,1,26,0,5,0,0,0,1,credit_card,branch,north,premium,desktop,0,0,0,451,44.5,149,10,9,9,2,5,0.0271,0.8698,0.1302,0.2616,0.000349,0,34.13
2026-01-26,1,26,0,5,0,0,0,1,credit_card,branch,north,retail,desktop,0,0,0,652,48.42,219,21,5,6,1,1,0.0164,0.8522,0.1478,0.2262,0.000475,0,0.0
2026-01-26,1,26,0,5,0,0,0,1,credit_card,branch,south,premium,desktop,0,0,0,468,93.85,223,13,9,6,1,4,0.0249,0.8727,0.1273,0.1726,0.000377,0,25.82
2026-01-26,1,26,0,5,0,0,0,1,credit_card,branch,south,retail,desktop,0,0,0,638,50.76,182,27,13,4,0,11,0.0219,0.8436,0.1564,0.2337,0.000517,1,105.75
2026-01-26,1,26,0,5,0,0,0,1,credit_card,branch,west,premium,desktop,0,0,0,485,59.74,264,12,5,6,0,6,0.0239,0.8432,0.1568,0.3007,0.000393,1,44.66
2026-01-26,1,26,0,5,0,0,0,1,credit_card,branch,west,retail,desktop,0,0,0,748,68.96,340,30,12,5,2,7,0.016,0.8572,0.1428,0.2769,0.000579,0,0.0
2026-01-26,1,26,0,5,0,0,0,1,credit_card,mobile_app,east,premium,android,0,0,0,2088,58.23,669,26,22,10,2,19,0.0218,0.8679,0.1321,0.496,0.000555,2,151.07
2026-01-26,1,26,0,5,0,0,0,1,credit_card,mobile_app,east,retail,android,0,0,0,2975,59.26,1192,32,21,9,3,11,0.0163,0.8644,0.1356,0.5409,0.000755,2,162.71
2026-01-26,1,26,0,5,0,0,0,1,credit_card,mobile_app,north,premium,ios,0,0,0,1937,110.77,706,19,16,9,2,9,0.0179,0.8522,0.1478,0.3815,0.000579,1,116.56
2026-01-26,1,26,0,5,0,0,0,1,credit_card,mobile_app,north,retail,android,0,0,0,3011,82.01,1873,33,24,14,0,7,0.0222,0.8599,0.1401,0.5168,0.000801,1,98.78
2026-01-26,1,26,0,5,0,0,0,1,credit_card,mobile_app,south,premium,android,0,0,0,2130,73.4,684,24,25,12,1,14,0.0198,0.8607,0.1393,0.5447,0.000634,0,0.0
2026-01-26,1,26,0,5,0,0,0,1,credit_card,mobile_app,south,retail,android,0,0,0,2779,68.02,967,34,15,7,2,29,0.0212,0.8598,0.1402,0.5107,0.000854,6,583.18
2026-01-26,1,26,0,5,0,0,0,1,credit_card,mobile_app,west,premium,ios,0,0,0,2415,57.24,773,10,24,13,2,18,0.0184,0.8662,0.1338,0.3472,0.000658,2,152.78
2026-01-26,1,26,0,5,0,0,0,1,credit_card,mobile_app,west,retail,ios,0,0,0,2827,65.49,1640,36,30,5,6,8,0.0188,0.8693,0.1307,0.3661,0.000929,1,127.44
2026-01-26,1,26,0,5,0,0,0,1,credit_card,web,east,premium,desktop,0,0,0,1112,65.12,360,17,20,8,3,10,0.0208,0.8678,0.1322,0.2618,0.000491,0,0.0
2026-01-26,1,26,0,5,0,0,0,1,credit_card,web,east,retail,ios,0,0,0,2280,75.16,994,22,11,9,4,10,0.0153,0.8502,0.1498,0.2216,0.000653,3,275.62
2026-01-26,1,26,0,5,0,0,0,1,credit_card,web,north,premium,desktop,0,0,0,1078,67.63,644,15,18,7,2,5,0.0136,0.864,0.136,0.2554,0.000505,0,0.0
2026-01-26,1,26,0,5,0,0,0,1,credit_card,web,north,retail,ios,0,0,0,2511,58.05,1601,22,16,7,2,14,0.0278,0.8748,0.1252,0.228,0.000714,3,290.06
2026-01-26,1,26,0,5,0,0,0,1,credit_card,web,south,premium,desktop,0,0,0,861,72.2,491,15,24,9,6,7,0.0133,0.8585,0.1415,0.32,0.000543,0,5.01
2026-01-26,1,26,0,5,0,0,0,1,credit_card,web,south,retail,desktop,0,0,0,1317,66.22,447,25,17,8,4,12,0.0227,0.8491,0.1509,0.2261,0.000754,2,209.61
2026-01-26,1,26,0,5,0,0,0,1,credit_card,web,west,premium,desktop,0,0,0,1494,38.79,556,13,16,2,2,9,0.0224,0.8682,0.1318,0.2517,0.000517,1,58.76
2026-01-26,1,26,0,5,0,0,0,1,credit_card,web,west,retail,desktop,0,0,0,1745,73.6,658,20,22,5,3,4,0.0234,0.8585,0.1415,0.2511,0.000788,0,84.01
2026-01-26,1,26,0,5,0,0,0,1,debit_card,branch,east,premium,desktop,0,0,0,381,55.83,192,10,11,5,1,7,0.0203,0.8799,0.1201,0.2352,0.000256,1,98.39
2026-01-26,1,26,0,5,0,0,0,1,debit_card,branch,east,retail,desktop,0,0,0,629,68.74,308,24,8,8,1,5,0.0214,0.8523,0.1477,0.2358,0.000369,1,7.15
2026-01-26,1,26,0,5,0,0,0,1,debit_card,branch,north,premium,desktop,0,0,0,383,55.36,139,11,12,6,1,2,0.0239,0.846,0.154,0.2226,0.00027,0,0.0
2026-01-26,1,26,0,5,0,0,0,1,debit_card,branch,north,retail,desktop,0,0,0,466,45.06,244,22,8,7,2,2,0.0216,0.8599,0.1401,0.2003,0.000342,0,20.81
2026-01-26,1,26,0,5,0,0,0,1,debit_card,branch,south,premium,desktop,0,0,0,321,37.09,126,4,7,1,0,4,0.0116,0.8516,0.1484,0.2352,0.000285,0,21.29
2026-01-26,1,26,0,5,0,0,0,1,debit_card,branch,south,retail,desktop,0,0,0,528,67.72,212,27,9,3,5,3,0.0098,0.8436,0.1564,0.1861,0.00042,0,0.0
2026-01-26,1,26,0,5,0,0,0,1,debit_card,branch,west,premium,desktop,0,0,0,423,56.67,179,4,12,4,0,5,0.0215,0.8473,0.1527,0.2539,0.000313,0,52.58
2026-01-26,1,26,0,5,0,0,0,1,debit_card,branch,west,retail,desktop,0,0,0,549,62.06,188,21,9,5,1,6,0.0227,0.8568,0.1432,0.1975,0.000426,1,16.78
2026-01-26,1,26,0,5,0,0,0,1,debit_card,mobile_app,east,premium,android,0,0,0,1662,67.15,520,13,16,16,0,9,0.0186,0.8671,0.1329,0.4922,0.000421,1,100.01
2026-01-26,1,26,0,5,0,0,0,1,debit_card,mobile_app,east,retail,ios,0,0,0,2402,52.7,820,26,13,11,2,11,0.0205,0.8677,0.1323,0.3754,0.000585,2,105.68
2026-01-26,1,26,0,5,0,0,0,1,debit_card,mobile_app,north,premium,android,0,0,0,1566,51.5,801,18,30,9,0,14,0.0173,0.8798,0.1202,0.5133,0.000452,1,43.19
2026-01-26,1,26,0,5,0,0,0,1,debit_card,mobile_app,north,retail,ios,0,0,0,2537,70.88,934,25,29,13,1,20,0.0245,0.8548,0.1452,0.3536,0.000639,1,36.57
2026-01-26,1,26,0,5,0,0,0,1,debit_card,mobile_app,south,premium,ios,0,0,0,1555,124.15,621,14,22,9,3,15,0.0223,0.8677,0.1323,0.3668,0.00048,2,216.34
2026-01-26,1,26,0,5,0,0,0,1,debit_card,mobile_app,south,retail,android,0,0,0,2323,68.5,691,27,22,15,3,7,0.0137,0.8437,0.1563,0.4699,0.000653,0,0.0
2026-01-26,1,26,0,5,0,0,0,1,debit_card,mobile_app,west,premium,android,0,0,0,1940,63.36,755,21,19,10,2,7,0.027,0.855,0.145,0.5368,0.000494,0,0.0
2026-01-26,1,26,0,5,0,0,0,1,debit_card,mobile_app,west,retail,android,0,0,0,2421,40.6,832,23,20,12,3,15,0.0161,0.876,0.124,0.4761,0.000698,2,76.62
2026-01-26,1,26,0,5,0,0,0,1,debit_card,web,east,premium,ios,0,0,0,1244,81.36,482,8,9,5,2,1,0.0209,0.8546,0.1454,0.2396,0.000371,0,93.48
2026-01-26,1,26,0,5,0,0,0,1,debit_card,web,east,retail,android,0,0,0,2433,49.39,915,27,8,9,0,7,0.0181,0.8547,0.1453,0.4556,0.000494,1,47.58
2026-01-26,1,26,0,5,0,0,0,1,debit_card,web,north,premium,desktop,0,0,0,910,42.56,474,11,8,6,2,5,0.0163,0.873,0.127,0.2611,0.000362,0,20.3
2026-01-26,1,26,0,5,0,0,0,1,debit_card,web,north,retail,desktop,0,0,0,1575,87.2,1055,20,11,4,3,8,0.0127,0.8594,0.1406,0.2705,0.000512,1,73.27
2026-01-26,1,26,0,5,0,0,0,1,debit_card,web,south,premium,desktop,0,0,0,872,52.27,327,9,18,6,4,6,0.0202,0.8557,0.1443,0.2782,0.000424,1,17.83
2026-01-26,1,26,0,5,0,0,0,1,debit_card,web,south,retail,ios,0,0,0,2099,76.4,833,17,11,10,3,11,0.0237,0.8574,0.1426,0.2491,0.000594,1,70.35
2026-01-26,1,26,0,5,0,0,0,1,debit_card,web,west,premium,desktop,0,0,0,932,86.53,438,11,8,12,2,3,0.0195,0.8523,0.1477,0.2653,0.000448,0,0.0
2026-01-26,1,26,0,5,0,0,0,1,debit_card,web,west,retail,desktop,0,0,0,1196,54.25,452,21,12,5,2,5,0.0279,0.8608,0.1392,0.2725,0.000638,0,26.89
2026-01-26,1,26,0,5,0,0,0,1,digital_wallet,branch,east,premium,desktop,0,0,0,312,89.16,117,8,8,9,1,5,0.0192,0.8612,0.1388,0.2939,0.000376,0,28.66
2026-01-26,1,26,0,5,0,0,0,1,digital_wallet,branch,east,retail,desktop,0,0,0,463,89.21,247,23,9,5,3,4,0.0182,0.8522,0.1478,0.2092,0.00054,0,0.52
2026-01-26,1,26,0,5,0,0,0,1,digital_wallet,branch,north,premium,desktop,0,0,0,304,46.97,100,8,12,3,1,6,0.0192,0.864,0.136,0.2512,0.000374,0,53.34
2026-01-26,1,26,0,5,0,0,0,1,digital_wallet,branch,north,retail,desktop,0,0,0,537,154.35,166,16,7,6,1,7,0.0248,0.8666,0.1334,0.3428,0.000559,1,171.13
2026-01-26,1,26,0,5,0,0,0,1,digital_wallet,branch,south,premium,desktop,0,0,0,298,71.24,100,9,7,1,2,3,0.0208,0.8546,0.1454,0.2015,0.000396,0,0.0
2026-01-26,1,26,0,5,0,0,0,1,digital_wallet,branch,south,retail,desktop,0,0,0,440,86.01,192,19,11,9,5,3,0.0269,0.8548,0.1452,0.2,0.0006,0,23.61
2026-01-26,1,26,0,5,0,0,0,1,digital_wallet,branch,west,premium,desktop,0,0,0,299,42.09,104,7,7,9,2,6,0.0279,0.8687,0.1313,0.1921,0.000441,1,21.95
2026-01-26,1,26,0,5,0,0,0,1,digital_wallet,branch,west,retail,desktop,0,0,0,532,50.37,252,16,12,5,6,5,0.0177,0.8497,0.1503,0.2658,0.000643,0,13.62
2026-01-26,1,26,0,5,0,0,0,1,digital_wallet,mobile_app,east,premium,ios,0,0,0,1272,73.44,681,18,24,16,2,15,0.0152,0.8552,0.1448,0.3702,0.000645,3,195.87
2026-01-26,1,26,0,5,0,0,0,1,digital_wallet,mobile_app,east,retail,android,0,0,0,2181,30.58,747,21,18,5,4,14,0.0248,0.8542,0.1458,0.5213,0.000888,2,24.37
2026-01-26,1,26,0,5,0,0,0,1,digital_wallet,mobile_app,north,premium,android,0,0,0,1474,57.72,730,18,16,10,6,13,0.0192,0.8415,0.1585,0.5432,0.00068,1,60.47
2026-01-26,1,26,0,5,0,0,0,1,digital_wallet,mobile_app,north,retail,android,0,0,0,2031,30.41,1153,22,15,12,2,8,0.0225,0.8477,0.1523,0.5476,0.00084,2,81.17
2026-01-26,1,26,0,5,0,0,0,1,digital_wallet,mobile_app,south,premium,android,0,0,0,1204,52.23,597,12,27,14,3,16,0.0173,0.8629,0.1371,0.5416,0.000695,0,0.0
2026-01-26,1,26,0,5,0,0,0,1,digital_wallet,mobile_app,south,retail,android,0,0,0,2106,42.9,869,24,22,7,5,13,0.0224,0.8524,0.1476,0.5311,0.000959,2,121.25
2026-01-26,1,26,0,5,0,0,0,1,digital_wallet,mobile_app,west,premium,ios,0,0,0,1656,63.99,792,14,23,10,3,14,0.0203,0.8733,0.1267,0.3552,0.000728,0,0.0
2026-01-26,1,26,0,5,0,0,0,1,digital_wallet,mobile_app,west,retail,ios,0,0,0,2036,50.49,646,17,13,11,2,7,0.023,0.8623,0.1377,0.3621,0.000951,2,150.1
2026-01-26,1,26,0,5,0,0,0,1,digital_wallet,web,east,premium,desktop,0,0,0,797,93.01,307,8,18,8,0,3,0.0216,0.873,0.127,0.2557,0.000534,0,0.0
2026-01-26,1,26,0,5,0,0,0,1,digital_wallet,web,east,retail,desktop,0,0,0,1143,77.6,688,14,13,3,7,3,0.026,0.8697,0.1303,0.2444,0.000762,0,57.16
2026-01-26,1,26,0,5,0,0,0,1,digital_wallet,web,north,premium,android,0,0,0,1192,99.92,381,10,10,7,2,6,0.0227,0.8409,0.1591,0.4788,0.000545,0,44.32
2026-01-26,1,26,0,5,0,0,0,1,digital_wallet,web,north,retail,ios,0,0,0,1570,65.23,707,15,14,10,3,8,0.0217,0.8733,0.1267,0.2886,0.000778,1,75.75
2026-01-26,1,26,0,5,0,0,0,1,digital_wallet,web,south,premium,desktop,0,0,0,892,57.63,315,8,14,6,3,8,0.0158,0.8667,0.1333,0.2521,0.000596,1,92.6
2026-01-26,1,26,0,5,0,0,0,1,digital_wallet,web,south,retail,desktop,0,0,0,1232,82.67,620,16,17,13,1,5,0.0152,0.8527,0.1473,0.2695,0.000876,0,20.98
2026-01-26,1,26,0,5,0,0,0,1,digital_wallet,web,west,premium,ios,0,0,0,1077,73.35,363,9,16,5,2,14,0.0227,0.8452,0.1548,0.2137,0.000611,2,110.81
2026-01-26,1,26,0,5,0,0,0,1,digital_wallet,web,west,retail,desktop,0,0,0,1354,28.16,569,19,16,10,2,10,0.0178,0.8565,0.1435,0.2849,0.000879,2,48.46
2026-01-27,1,27,1,5,0,0,0,0,credit_card,branch,east,premium,desktop,0,0,0,611,77.42,190,10,6,6,1,4,0.021,0.8431,0.1569,0.2245,0.000326,0,6.46
2026-01-27,1,27,1,5,0,0,0,0,credit_card,branch,east,retail,desktop,0,0,0,942,55.91,585,28,12,5,2,7,0.0169,0.8507,0.1493,0.2412,0.000465,1,146.11
2026-01-27,1,27,1,5,0,0,0,0,credit_card,branch,north,premium,desktop,0,0,0,512,75.05,175,13,9,5,0,6,0.0136,0.8741,0.1259,0.2477,0.000318,0,36.74
2026-01-27,1,27,1,5,0,0,0,0,credit_card,branch,north,retail,desktop,0,0,0,911,111.78,425,26,10,5,3,12,0.0242,0.8648,0.1352,0.2362,0.000496,3,551.81
2026-01-27,1,27,1,5,0,0,0,0,credit_card,branch,south,premium,desktop,0,0,0,630,39.79,195,16,12,7,0,6,0.0213,0.8756,0.1244,0.1818,0.00037,0,2.82
2026-01-27,1,27,1,5,0,0,0,0,credit_card,branch,south,retail,desktop,0,0,0,671,73.14,254,33,9,6,2,5,0.0216,0.8483,0.1517,0.29,0.000527,0,0.0
2026-01-27,1,27,1,5,0,0,0,0,credit_card,branch,west,premium,desktop,0,0,0,668,113.83,298,16,4,4,3,2,0.0215,0.8619,0.1381,0.2389,0.000387,0,0.0
2026-01-27,1,27,1,5,0,0,0,0,credit_card,branch,west,retail,desktop,0,0,0,797,99.46,306,23,12,1,3,8,0.0187,0.8575,0.1425,0.2907,0.000561,0,0.09
2026-01-27,1,27,1,5,0,0,0,0,credit_card,mobile_app,east,premium,android,0,0,0,2535,81.37,742,28,22,9,4,10,0.0163,0.8592,0.1408,0.504,0.000517,1,104.25
2026-01-27,1,27,1,5,0,0,0,0,credit_card,mobile_app,east,retail,ios,0,0,0,3751,74.37,1758,43,27,9,1,13,0.022,0.8638,0.1362,0.3505,0.000787,2,236.23
2026-01-27,1,27,1,5,0,0,0,0,credit_card,mobile_app,north,premium,ios,0,0,0,2058,98.36,1084,20,15,11,1,6,0.0223,0.8511,0.1489,0.3324,0.000544,0,0.0
2026-01-27,1,27,1,5,0,0,0,0,credit_card,mobile_app,north,retail,android,0,0,0,3242,126.22,1171,28,23,11,3,26,0.0301,0.8692,0.1308,0.5644,0.000821,3,290.99
2026-01-27,1,27,1,5,0,0,0,0,credit_card,mobile_app,south,premium,android,0,0,0,2480,117.36,1005,15,15,6,1,11,0.0212,0.8661,0.1339,0.5156,0.000594,1,146.31
2026-01-27,1,27,1,5,0,0,0,0,credit_card,mobile_app,south,retail,ios,0,0,0,3626,39.24,1185,29,25,12,5,23,0.0145,0.8513,0.1487,0.3257,0.000862,3,102.51
2026-01-27,1,27,1,5,0,0,0,0,credit_card,mobile_app,west,premium,ios,0,0,0,2332,80.25,716,11,9,10,3,7,0.0218,0.8548,0.1452,0.3613,0.000626,2,210.42
2026-01-27,1,27,1,5,0,0,0,0,credit_card,mobile_app,west,retail,android,0,0,0,3518,98.72,1450,39,29,11,5,17,0.0241,0.859,0.141,0.4829,0.000934,2,311.61
2026-01-27,1,27,1,5,0,0,0,0,credit_card,web,east,premium,desktop,0,0,0,1621,84.29,654,11,16,5,3,9,0.0178,0.8646,0.1354,0.2451,0.00045,1,108.16
2026-01-27,1,27,1,5,0,0,0,0,credit_card,web,east,retail,ios,0,0,0,3275,162.53,1999,32,15,8,1,14,0.0205,0.8515,0.1485,0.2669,0.000641,4,551.87
2026-01-27,1,27,1,5,0,0,0,0,credit_card,web,north,premium,desktop,0,0,0,1641,45.86,671,6,16,7,0,13,0.016,0.8612,0.1388,0.2495,0.000479,1,25.54
2026-01-27,1,27,1,5,0,0,0,0,credit_card,web,north,retail,desktop,0,0,0,1986,91.34,967,25,23,5,2,21,0.0167,0.8462,0.1538,0.2601,0.000719,4,587.02
2026-01-27,1,27,1,5,0,0,0,0,credit_card,web,south,premium,ios,0,0,0,1957,132.78,588,14,9,8,1,8,0.0215,0.8507,0.1493,0.2528,0.000522,1,191.62
2026-01-27,1,27,1,5,0,0,0,0,credit_card,web,south,retail,desktop,0,0,0,2091,64.98,689,24,11,4,2,12,0.024,0.8679,0.1321,0.1967,0.000752,2,222.48
2026-01-27,1,27,1,5,0,0,0,0,credit_card,web,west,premium,android,0,0,0,2129,57.53,1042,10,7,7,0,5,0.0161,0.8648,0.1352,0.4443,0.000544,1,5.4
2026-01-27,1,27,1,5,0,0,0,0,credit_card,web,west,retail,desktop,0,0,0,2468,47.74,997,25,13,11,7,8,0.0253,0.8721,0.1279,0.236,0.000797,0,0.0
2026-01-27,1,27,1,5,0,0,0,0,debit_card,branch,east,premium,desktop,0,0,0,525,69.35,164,10,10,5,0,7,0.0168,0.8545,0.1455,0.286,0.000261,1,111.0
2026-01-27,1,27,1,5,0,0,0,0,debit_card,branch,east,retail,desktop,0,0,0,761,66.88,304,16,2,1,1,6,0.0204,0.8731,0.1269,0.2329,0.000344,2,202.84
2026-01-27,1,27,1,5,0,0,0,0,debit_card,branch,north,premium,desktop,0,0,0,453,81.77,202,13,10,5,0,2,0.0185,0.8682,0.1318,0.2374,0.000275,0,5.82
2026-01-27,1,27,1,5,0,0,0,0,debit_card,branch,north,retail,desktop,0,0,0,721,78.42,238,31,12,5,0,7,0.0201,0.8478,0.1522,0.2606,0.000383,0,12.55
2026-01-27,1,27,1,5,0,0,0,0,debit_card,branch,south,premium,desktop,0,0,0,438,73.92,171,10,11,6,0,3,0.0143,0.8704,0.1296,0.2686,0.000282,0,0.0
2026-01-27,1,27,1,5,0,0,0,0,debit_card,branch,south,retail,desktop,0,0,0,721,79.84,238,17,7,5,1,9,0.0241,0.8725,0.1275,0.2337,0.000408,2,175.08
2026-01-27,1,27,1,5,0,0,0,0,debit_card,branch,west,premium,desktop,0,0,0,490,25.14,172,14,10,5,2,6,0.0133,0.8549,0.1451,0.2625,0.00031,1,38.06
2026-01-27,1,27,1,5,0,0,0,0,debit_card,branch,west,retail,desktop,0,0,0,829,26.74,288,28,8,5,2,9,0.023,0.8685,0.1315,0.2475,0.000422,1,32.18
2026-01-27,1,27,1,5,0,0,0,0,debit_card,mobile_app,east,premium,android,0,0,0,1874,43.64,673,7,25,10,0,14,0.0137,0.8422,0.1578,0.4924,0.000403,0,0.0
2026-01-27,1,27,1,5,0,0,0,0,debit_card,mobile_app,east,retail,android,0,0,0,3176,104.11,973,31,22,12,2,27,0.025,0.8539,0.1461,0.4704,0.000583,5,552.88
2026-01-27,1,27,1,5,0,0,0,0,debit_card,mobile_app,north,premium,ios,0,0,0,2011,49.88,997,12,19,9,3,12,0.0195,0.8638,0.1362,0.3313,0.000449,1,0.0
2026-01-27,1,27,1,5,0,0,0,0,debit_card,mobile_app,north,retail,android,0,0,0,3354,109.85,1026,22,24,5,3,25,0.0147,0.8589,0.1411,0.4971,0.000616,6,911.65
2026-01-27,1,27,1,5,0,0,0,0,debit_card,mobile_app,south,premium,android,0,0,0,1866,67.05,796,9,23,18,2,9,0.0172,0.8671,0.1329,0.4829,0.000484,1,38.31
2026-01-27,1,27,1,5,0,0,0,0,debit_card,mobile_app,south,retail,android,0,0,0,3051,57.73,1002,25,12,6,1,7,0.0233,0.8564,0.1436,0.5167,0.000663,1,44.54
2026-01-27,1,27,1,5,0,0,0,0,debit_card,mobile_app,west,premium,android,0,0,0,2259,56.6,1003,20,22,14,3,16,0.0165,0.8627,0.1373,0.5448,0.000493,2,138.89
2026-01-27,1,27,1,5,0,0,0,0,debit_card,mobile_app,west,retail,ios,0,0,0,2753,95.69,1124,24,27,4,4,13,0.0165,0.8274,0.1726,0.4007,0.000743,3,372.46
2026-01-27,1,27,1,5,0,0,0,0,debit_card,web,east,premium,desktop,0,0,0,978,80.08,447,16,15,5,2,7,0.0181,0.8707,0.1293,0.2285,0.000385,1,72.23
2026-01-27,1,27,1,5,0,0,0,0,debit_card,web,east,retail,ios,0,0,0,2683,79.68,1147,19,11,6,0,11,0.018,0.861,0.139,0.2052,0.000518,1,52.46
2026-01-27,1,27,1,5,0,0,0,0,debit_card,web,north,premium,desktop,0,0,0,1346,52.75,432,10,15,3,0,4,0.0184,0.851,0.149,0.2119,0.000374,0,0.0
2026-01-27,1,27,1,5,0,0,0,0,debit_card,web,north,retail,desktop,0,0,0,1888,68.71,762,20,13,9,2,11,0.0229,0.8596,0.1404,0.2801,0.00055,1,88.27
2026-01-27,1,27,1,5,0,0,0,0,debit_card,web,south,premium,desktop,0,0,0,1246,39.41,481,14,12,9,0,3,0.0173,0.8644,0.1356,0.2768,0.00041,0,71.82
2026-01-27,1,27,1,5,0,0,0,0,debit_card,web,south,retail,android,0,0,0,2829,98.6,1049,20,13,10,4,6,0.0193,0.853,0.147,0.5044,0.000578,1,205.42
2026-01-27,1,27,1,5,0,0,0,0,debit_card,web,west,premium,desktop,0,0,0,1368,39.33,520,12,11,3,1,7,0.0231,0.8649,0.1351,0.2715,0.000418,0,19.95
2026-01-27,1,27,1,5,0,0,0,0,debit_card,web,west,retail,desktop,0,0,0,1757,66.65,1106,12,15,6,2,4,0.0178,0.8626,0.1374,0.2776,0.000598,0,27.68
2026-01-27,1,27,1,5,0,0,0,0,digital_wallet,branch,east,premium,desktop,0,0,0,374,47.91,240,9,7,2,2,4,0.0156,0.8483,0.1517,0.2307,0.000351,0,0.0
2026-01-27,1,27,1,5,0,0,0,0,digital_wallet,branch,east,retail,desktop,0,0,0,583,86.07,352,21,8,7,4,5,0.0186,0.8464,0.1536,0.2655,0.000504,0,12.92
2026-01-27,1,27,1,5,0,0,0,0,digital_wallet,branch,north,premium,desktop,0,0,0,450,51.77,198,8,11,4,2,3,0.0129,0.8672,0.1328,0.2417,0.000378,0,7.27
2026-01-27,1,27,1,5,0,0,0,0,digital_wallet,branch,north,retail,desktop,0,0,0,608,61.94,177,14,11,4,3,4,0.0208,0.836,0.164,0.2505,0.000525,0,0.0
2026-01-27,1,27,1,5,0,0,0,0,digital_wallet,branch,south,premium,desktop,0,0,0,397,50.39,162,6,9,5,3,5,0.0269,0.8551,0.1449,0.243,0.000434,0,30.91
2026-01-27,1,27,1,5,0,0,0,0,digital_wallet,branch,south,retail,desktop,0,0,0,601,64.38,314,25,7,6,2,3,0.0234,0.8642,0.1358,0.2597,0.000594,0,0.0
2026-01-27,1,27,1,5,0,0,0,0,digital_wallet,branch,west,premium,desktop,0,0,0,448,62.67,198,5,13,4,2,8,0.016,0.8622,0.1378,0.228,0.000429,0,0.0
2026-01-27,1,27,1,5,0,0,0,0,digital_wallet,branch,west,retail,desktop,0,0,0,623,34.41,199,20,9,10,2,4,0.0177,0.8541,0.1459,0.2514,0.000622,1,12.82
2026-01-27,1,27,1,5,0,0,0,0,digital_wallet,mobile_app,east,premium,android,0,0,0,1895,85.84,760,14,23,8,0,6,0.022,0.845,0.155,0.5375,0.000581,0,32.58
2026-01-27,1,27,1,5,0,0,0,0,digital_wallet,mobile_app,east,retail,android,0,0,0,2632,44.59,1072,17,22,13,5,26,0.0227,0.8754,0.1246,0.5213,0.000896,4,210.96
2026-01-27,1,27,1,5,0,0,0,0,digital_wallet,mobile_app,north,premium,ios,0,0,0,1511,77.69,519,8,26,15,1,12,0.0196,0.8575,0.1425,0.3467,0.000637,1,101.27
2026-01-27,1,27,1,5,0,0,0,0,digital_wallet,mobile_app,north,retail,ios,0,0,0,2538,40.19,877,26,23,5,2,17,0.0252,0.8598,0.1402,0.3604,0.000897,1,58.39
2026-01-27,1,27,1,5,0,0,0,0,digital_wallet,mobile_app,south,premium,android,0,0,0,1707,59.96,964,13,27,8,1,13,0.0201,0.8545,0.1455,0.5107,0.000685,1,40.16
2026-01-27,1,27,1,5,0,0,0,0,digital_wallet,mobile_app,south,retail,android,0,0,0,2406,88.62,1568,24,24,11,3,12,0.0231,0.8442,0.1558,0.5694,0.001002,0,8.73
2026-01-27,1,27,1,5,0,0,0,0,digital_wallet,mobile_app,west,premium,android,0,0,0,1987,66.75,1242,10,22,10,4,14,0.0116,0.8497,0.1503,0.4831,0.000718,0,0.0
2026-01-27,1,27,1,5,0,0,0,0,digital_wallet,mobile_app,west,retail,android,0,0,0,2736,66.95,1279,19,23,14,5,26,0.022,0.8494,0.1506,0.5363,0.001017,4,362.34
2026-01-27,1,27,1,5,0,0,0,0,digital_wallet,web,east,premium,ios,0,0,0,1394,50.92,767,14,18,4,3,15,0.0222,0.8625,0.1375,0.2087,0.00054,2,70.12
2026-01-27,1,27,1,5,0,0,0,0,digital_wallet,web,east,retail,desktop,0,0,0,1535,49.3,623,17,7,10,1,6,0.0207,0.8488,0.1512,0.2775,0.000712,1,101.37
2026-01-27,1,27,1,5,0,0,0,0,digital_wallet,web,north,premium,desktop,0,0,0,986,39.28,517,13,8,7,2,5,0.0172,0.856,0.144,0.2602,0.00056,1,0.0
2026-01-27,1,27,1,5,0,0,0,0,digital_wallet,web,north,retail,desktop,0,0,0,1431,35.37,459,18,22,3,4,9,0.0184,0.8628,0.1372,0.2441,0.000765,2,111.07
2026-01-27,1,27,1,5,0,0,0,0,digital_wallet,web,south,premium,android,0,0,0,1481,86.62,702,13,12,10,0,6,0.0119,0.8487,0.1513,0.4239,0.000595,1,132.34
2026-01-27,1,27,1,5,0,0,0,0,digital_wallet,web,south,retail,desktop,0,0,0,1223,74.99,362,12,15,5,2,10,0.0188,0.8565,0.1435,0.2723,0.000838,0,0.0
2026-01-27,1,27,1,5,0,0,0,0,digital_wallet,web,west,premium,desktop,0,0,0,936,87.18,536,9,10,7,3,2,0.0175,0.8605,0.1395,0.2593,0.000624,0,0.0
2026-01-27,1,27,1,5,0,0,0,0,digital_wallet,web,west,retail,ios,0,0,0,2077,39.37,1238,15,11,11,5,8,0.0192,0.8593,0.1407,0.2625,0.000873,1,60.8
2026-01-28,1,28,2,5,0,0,0,0,credit_card,branch,east,premium,desktop,0,0,0,579,46.6,361,14,9,5,0,5,0.015,0.8831,0.1169,0.3064,0.000328,0,7.59
2026-01-28,1,28,2,5,0,0,0,0,credit_card,branch,east,retail,desktop,0,0,0,886,47.28,255,30,9,1,0,2,0.0164,0.8569,0.1431,0.2879,0.000459,0,5.43
2026-01-28,1,28,2,5,0,0,0,0,credit_card,branch,north,premium,desktop,0,0,0,554,52.51,283,16,9,8,1,3,0.0192,0.8674,0.1326,0.2366,0.000332,0,103.36
2026-01-28,1,28,2,5,0,0,0,0,credit_card,branch,north,retail,desktop,0,0,0,991,80.78,315,19,6,0,3,5,0.0237,0.8534,0.1466,0.254,0.000462,1,129.62
2026-01-28,1,28,2,5,0,0,0,0,credit_card,branch,south,premium,desktop,0,0,0,534,71.42,361,6,11,6,1,6,0.0169,0.8391,0.1609,0.2477,0.000356,0,0.0
2026-01-28,1,28,2,5,0,0,0,0,credit_card,branch,south,retail,desktop,0,0,0,743,54.4,247,22,11,4,1,6,0.0186,0.8684,0.1316,0.2261,0.000545,1,110.79
2026-01-28,1,28,2,5,0,0,0,0,credit_card,branch,west,premium,desktop,0,0,0,629,68.77,216,11,6,3,2,1,0.0173,0.848,0.152,0.2269,0.000391,0,0.0
2026-01-28,1,28,2,5,0,0,0,0,credit_card,branch,west,retail,desktop,0,0,0,795,50.21,436,23,4,1,3,1,0.0279,0.8571,0.1429,0.2345,0.000498,0,9.1
2026-01-28,1,28,2,5,0,0,0,0,credit_card,mobile_app,east,premium,android,0,0,0,2972,47.76,1358,16,21,12,3,9,0.0197,0.8667,0.1333,0.5144,0.000535,1,103.58
2026-01-28,1,28,2,5,0,0,0,0,credit_card,mobile_app,east,retail,ios,0,0,0,3877,48.8,1333,35,21,13,2,16,0.0151,0.8534,0.1466,0.3757,0.000802,4,284.32
2026-01-28,1,28,2,5,0,0,0,0,credit_card,mobile_app,north,premium,ios,0,0,0,2458,52.29,730,16,22,16,1,12,0.0124,0.8656,0.1344,0.3352,0.000594,3,169.08
2026-01-28,1,28,2,5,0,0,0,0,credit_card,mobile_app,north,retail,android,0,0,0,4122,126.41,2617,33,13,6,1,6,0.0214,0.8641,0.1359,0.5264,0.000752,1,139.32
2026-01-28,1,28,2,5,0,0,0,0,credit_card,mobile_app,south,premium,android,0,0,0,2621,90.99,1654,15,25,7,0,22,0.0143,0.8733,0.1267,0.5632,0.000596,2,245.98
2026-01-28,1,28,2,5,0,0,0,0,credit_card,mobile_app,south,retail,android,0,0,0,3476,62.28,1176,38,23,14,4,19,0.0135,0.8794,0.1206,0.5505,0.000879,3,280.44
2026-01-28,1,28,2,5,0,0,0,0,credit_card,mobile_app,west,premium,ios,0,0,0,2611,64.17,975,24,27,11,2,11,0.0246,0.8524,0.1476,0.2999,0.000632,0,0.0
2026-01-28,1,28,2,5,0,0,0,0,credit_card,mobile_app,west,retail,android,0,0,0,4178,68.88,1746,34,24,13,7,18,0.0152,0.8586,0.1414,0.4649,0.000902,4,356.11
2026-01-28,1,28,2,5,0,0,0,0,credit_card,web,east,premium,desktop,0,0,0,1435,68.16,466,11,13,7,2,11,0.0197,0.8629,0.1371,0.2172,0.000457,3,275.67
2026-01-28,1,28,2,5,0,0,0,0,credit_card,web,east,retail,desktop,0,0,0,1958,51.2,615,27,18,4,1,7,0.0221,0.8587,0.1413,0.2411,0.000663,1,70.22
2026-01-28,1,28,2,5,0,0,0,0,credit_card,web,north,premium,ios,0,0,0,1941,48.05,860,11,17,5,5,12,0.015,0.8699,0.1301,0.2909,0.000492,1,0.0
2026-01-28,1,28,2,5,0,0,0,0,credit_card,web,north,retail,ios,0,0,0,2946,110.42,1121,23,15,5,3,15,0.0237,0.8604,0.1396,0.2845,0.000693,3,490.5
2026-01-28,1,28,2,5,0,0,0,0,credit_card,web,south,premium,desktop,0,0,0,1298,80.92,605,11,14,4,2,5,0.0216,0.8645,0.1355,0.2685,0.000522,0,0.0
2026-01-28,1,28,2,5,0,0,0,0,credit_card,web,south,retail,ios,0,0,0,2787,59.9,1487,20,11,7,4,5,0.0192,0.8658,0.1342,0.2102,0.000774,1,118.4
2026-01-28,1,28,2,5,0,0,0,0,credit_card,web,west,premium,desktop,0,0,0,1516,57.43,625,7,12,6,1,7,0.0083,0.8724,0.1276,0.2099,0.00056,0,4.72
2026-01-28,1,28,2,5,0,0,0,0,credit_card,web,west,retail,desktop,0,0,0,2627,78.97,1538,28,10,7,2,8,0.0131,0.8723,0.1277,0.2701,0.000739,2,161.91
2026-01-28,1,28,2,5,0,0,0,0,debit_card,branch,east,premium,desktop,0,0,0,460,32.99,156,13,9,7,2,5,0.023,0.8578,0.1422,0.2884,0.00026,0,0.0
2026-01-28,1,28,2,5,0,0,0,0,debit_card,branch,east,retail,desktop,0,0,0,801,44.65,383,23,11,5,1,3,0.0169,0.8963,0.1037,0.2566,0.000367,0,0.0
2026-01-28,1,28,2,5,0,0,0,0,debit_card,branch,north,premium,desktop,0,0,0,431,60.22,170,10,12,5,2,6,0.0229,0.8633,0.1367,0.2044,0.000281,0,0.0
2026-01-28,1,28,2,5,0,0,0,0,debit_card,branch,north,retail,desktop,0,0,0,735,147.17,216,20,10,2,1,6,0.0251,0.8512,0.1488,0.2342,0.000361,0,0.0
2026-01-28,1,28,2,5,0,0,0,0,debit_card,branch,south,premium,desktop,0,0,0,522,38.75,233,7,9,1,2,9,0.0179,0.8395,0.1605,0.2434,0.000274,1,69.56
2026-01-28,1,28,2,5,0,0,0,0,debit_card,branch,south,retail,desktop,0,0,0,670,34.85,385,20,7,3,0,2,0.0175,0.8645,0.1355,0.26,0.000409,0,0.0
2026-01-28,1,28,2,5,0,0,0,0,debit_card,branch,west,premium,desktop,0,0,0,469,41.47,192,6,7,4,2,3,0.0223,0.8632,0.1368,0.2414,0.000291,0,4.28
2026-01-28,1,28,2,5,0,0,0,0,debit_card,branch,west,retail,desktop,0,0,0,745,133.25,398,23,10,7,1,5,0.0226,0.8545,0.1455,0.2924,0.000426,0,51.18
2026-01-28,1,28,2,5,0,0,0,0,debit_card,mobile_app,east,premium,android,0,0,0,2105,70.17,848,11,25,9,2,11,0.0212,0.8563,0.1437,0.5441,0.000428,2,76.14
2026-01-28,1,28,2,5,0,0,0,0,debit_card,mobile_app,east,retail,ios,0,0,0,3015,55.82,1390,30,18,12,1,13,0.0245,0.8571,0.1429,0.3579,0.000594,3,194.7
2026-01-28,1,28,2,5,0,0,0,0,debit_card,mobile_app,north,premium,ios,0,0,0,2339,78.49,751,17,21,13,0,21,0.0188,0.8728,0.1272,0.3249,0.000458,3,323.69
2026-01-28,1,28,2,5,0,0,0,0,debit_card,mobile_app,north,retail,android,0,0,0,3367,61.07,1635,35,19,12,5,18,0.0183,0.8509,0.1491,0.485,0.000613,2,100.92
2026-01-28,1,28,2,5,0,0,0,0,debit_card,mobile_app,south,premium,ios,0,0,0,2018,31.6,684,16,20,8,0,10,0.0144,0.8762,0.1238,0.3196,0.000457,1,0.0
2026-01-28,1,28,2,5,0,0,0,0,debit_card,mobile_app,south,retail,ios,0,0,0,2771,77.0,920,24,17,12,5,10,0.0155,0.8717,0.1283,0.3993,0.000664,1,88.94
2026-01-28,1,28,2,5,0,0,0,0,debit_card,mobile_app,west,premium,ios,0,0,0,2176,81.24,1231,12,21,5,1,11,0.024,0.8501,0.1499,0.3834,0.000478,1,77.5
2026-01-28,1,28,2,5,0,0,0,0,debit_card,mobile_app,west,retail,ios,0,0,0,2990,83.64,1515,28,23,13,3,10,0.0251,0.864,0.136,0.3568,0.000722,1,170.28
2026-01-28,1,28,2,5,0,0,0,0,debit_card,web,east,premium,android,0,0,0,1764,51.03,1136,12,12,8,3,5,0.0205,0.8472,0.1528,0.4739,0.000368,0,15.84
2026-01-28,1,28,2,5,0,0,0,0,debit_card,web,east,retail,ios,0,0,0,2349,84.77,707,23,13,8,1,11,0.0172,0.8827,0.1173,0.2097,0.00051,1,162.58
2026-01-28,1,28,2,5,0,0,0,0,debit_card,web,north,premium,android,0,0,0,2017,73.67,1224,14,11,5,2,8,0.0185,0.8586,0.1414,0.4243,0.000371,1,93.31
2026-01-28,1,28,2,5,0,0,0,0,debit_card,web,north,retail,desktop,0,0,0,1570,50.13,929,18,16,6,3,10,0.0207,0.8663,0.1337,0.2568,0.000554,0,0.0
2026-01-28,1,28,2,5,0,0,0,0,debit_card,web,south,premium,android,0,0,0,1914,57.31,668,18,20,5,1,10,0.0219,0.8718,0.1282,0.4227,0.000426,0,25.17
2026-01-28,1,28,2,5,0,0,0,0,debit_card,web,south,retail,desktop,0,0,0,1924,58.66,684,25,16,6,5,11,0.0153,0.8474,0.1526,0.2566,0.00057,1,69.53
2026-01-28,1,28,2,5,0,0,0,0,debit_card,web,west,premium,android,0,0,0,2166,74.77,1323,9,19,6,1,14,0.019,0.8561,0.1439,0.3942,0.000435,1,90.08
2026-01-28,1,28,2,5,0,0,0,0,debit_card,web,west,retail,ios,0,0,0,2524,36.09,1283,15,15,10,0,8,0.0176,0.8684,0.1316,0.2439,0.000598,0,86.63
2026-01-28,1,28,2,5,0,0,0,0,digital_wallet,branch,east,premium,desktop,0,0,0,362,66.48,115,12,10,1,2,4,0.0182,0.8496,0.1504,0.2557,0.000367,0,6.63
2026-01-28,1,28,2,5,0,0,0,0,digital_wallet,branch,east,retail,desktop,0,0,0,594,53.43,264,14,10,4,3,2,0.0262,0.8673,0.1327,0.2774,0.000521,0,0.0
2026-01-28,1,28,2,5,0,0,0,0,digital_wallet,branch,north,premium,desktop,0,0,0,382,65.19,131,10,9,8,1,5,0.0118,0.8633,0.1367,0.3359,0.000399,0,38.14
2026-01-28,1,28,2,5,0,0,0,0,digital_wallet,branch,north,retail,desktop,0,0,0,578,91.88,193,13,9,0,3,6,0.0176,0.8458,0.1542,0.2416,0.000517,1,84.29
2026-01-28,1,28,2,5,0,0,0,0,digital_wallet,branch,south,premium,desktop,0,0,0,319,89.27,225,9,12,4,2,7,0.0217,0.8522,0.1478,0.2534,0.000422,0,2.9
2026-01-28,1,28,2,5,0,0,0,0,digital_wallet,branch,south,retail,desktop,0,0,0,621,74.63,385,17,14,10,2,2,0.0148,0.85,0.15,0.2207,0.000602,0,6.48
2026-01-28,1,28,2,5,0,0,0,0,digital_wallet,branch,west,premium,desktop,0,0,0,436,88.14,125,10,10,5,2,3,0.0256,0.8611,0.1389,0.2276,0.000439,0,0.0
2026-01-28,1,28,2,5,0,0,0,0,digital_wallet,branch,west,retail,desktop,0,0,0,637,44.93,170,16,5,2,0,1,0.0141,0.8639,0.1361,0.268,0.000597,0,0.0
2026-01-28,1,28,2,5,0,0,0,0,digital_wallet,mobile_app,east,premium,android,0,0,0,1576,66.02,575,15,27,9,3,11,0.0207,0.8502,0.1498,0.5674,0.000612,1,71.77
2026-01-28,1,28,2,5,0,0,0,0,digital_wallet,mobile_app,east,retail,android,0,0,0,2609,47.64,953,29,12,8,5,15,0.0203,0.8637,0.1363,0.5273,0.000897,2,119.5
2026-01-28,1,28,2,5,0,0,0,0,digital_wallet,mobile_app,north,premium,android,0,0,0,1785,55.92,523,7,17,12,1,7,0.0138,0.8706,0.1294,0.5427,0.000642,1,126.52
2026-01-28,1,28,2,5,0,0,0,0,digital_wallet,mobile_app,north,retail,android,0,0,0,2818,73.95,951,27,24,10,1,10,0.0238,0.8777,0.1223,0.5812,0.000904,2,125.92
2026-01-28,1,28,2,5,0,0,0,0,digital_wallet,mobile_app,south,premium,ios,0,0,0,1455,75.8,837,12,22,15,3,7,0.0199,0.8667,0.1333,0.2756,0.000689,0,0.0
2026-01-28,1,28,2,5,0,0,0,0,digital_wallet,mobile_app,south,retail,ios,0,0,0,1916,35.17,759,24,13,7,5,7,0.0241,0.8449,0.1551,0.3335,0.001007,0,0.0
2026-01-28,1,28,2,5,0,0,0,0,digital_wallet,mobile_app,west,premium,android,0,0,0,2105,114.62,742,13,19,13,2,7,0.0217,0.8584,0.1416,0.5386,0.000725,2,315.14
2026-01-28,1,28,2,5,0,0,0,0,digital_wallet,mobile_app,west,retail,ios,0,0,0,2590,91.04,1074,26,29,6,5,22,0.0271,0.8697,0.1303,0.3407,0.001023,1,88.38
2026-01-28,1,28,2,5,0,0,0,0,digital_wallet,web,east,premium,android,0,0,0,1729,52.33,732,11,13,5,6,6,0.0147,0.8486,0.1514,0.4325,0.000531,2,124.06
2026-01-28,1,28,2,5,0,0,0,0,digital_wallet,web,east,retail,desktop,0,0,0,1559,67.86,621,21,10,10,4,6,0.0202,0.863,0.137,0.246,0.000783,1,71.97
2026-01-28,1,28,2,5,0,0,0,0,digital_wallet,web,north,premium,desktop,0,0,0,886,77.69,397,10,11,8,2,4,0.0205,0.8518,0.1482,0.2332,0.000543,0,4.9
2026-01-28,1,28,2,5,0,0,0,0,digital_wallet,web,north,retail,desktop,0,0,0,1500,73.33,545,14,7,7,4,2,0.018,0.8731,0.1269,0.2346,0.000752,0,17.83
2026-01-28,1,28,2,5,0,0,0,0,digital_wallet,web,south,premium,android,0,0,0,1533,46.84,491,12,12,6,1,10,0.0263,0.871,0.129,0.4509,0.000595,1,0.0
2026-01-28,1,28,2,5,0,0,0,0,digital_wallet,web,south,retail,android,0,0,0,1989,56.76,756,17,14,6,3,9,0.0187,0.8858,0.1142,0.4582,0.000808,1,84.59
2026-01-28,1,28,2,5,0,0,0,0,digital_wallet,web,west,premium,ios,0,0,0,1434,51.14,494,7,16,6,3,12,0.0229,0.8429,0.1571,0.2401,0.000599,2,79.42
2026-01-28,1,28,2,5,0,0,0,0,digital_wallet,web,west,retail,desktop,0,0,0,1529,70.65,545,26,17,8,3,29,0.0232,0.8537,0.1463,0.2045,0.000886,5,355.49
2026-01-29,1,29,3,5,0,0,0,0,credit_card,branch,east,premium,desktop,0,0,0,471,55.24,181,13,7,3,1,4,0.0251,0.8619,0.1381,0.2839,0.000318,0,4.49
2026-01-29,1,29,3,5,0,0,0,0,credit_card,branch,east,retail,desktop,0,0,0,884,75.02,420,23,7,7,2,6,0.0147,0.8529,0.1471,0.2198,0.000443,1,91.39
2026-01-29,1,29,3,5,0,0,0,0,credit_card,branch,north,premium,desktop,0,0,0,572,113.29,269,10,4,6,0,2,0.0205,0.8575,0.1425,0.267,0.000323,0,19.95
2026-01-29,1,29,3,5,0,0,0,0,credit_card,branch,north,retail,desktop,0,0,0,852,57.96,305,25,9,7,2,2,0.0152,0.8432,0.1568,0.2836,0.000487,0,22.74
2026-01-29,1,29,3,5,0,0,0,0,credit_card,branch,south,premium,desktop,0,0,0,505,109.49,215,15,7,2,0,1,0.0224,0.871,0.129,0.241,0.00036,0,56.33
2026-01-29,1,29,3,5,0,0,0,0,credit_card,branch,south,retail,desktop,0,0,0,878,71.12,372,15,4,5,3,3,0.0165,0.8634,0.1366,0.2823,0.000511,1,55.47
2026-01-29,1,29,3,5,0,0,0,0,credit_card,branch,west,premium,desktop,0,0,0,562,91.61,246,14,8,6,2,5,0.0196,0.8577,0.1423,0.2831,0.000387,0,0.0
2026-01-29,1,29,3,5,0,0,0,0,credit_card,branch,west,retail,desktop,0,0,0,1111,66.12,457,22,9,3,2,4,0.0163,0.8696,0.1304,0.2811,0.000555,0,0.0
2026-01-29,1,29,3,5,0,0,0,0,credit_card,mobile_app,east,premium,ios,0,0,0,2697,64.64,799,16,21,12,4,17,0.0228,0.8706,0.1294,0.3563,0.000565,2,118.37
2026-01-29,1,29,3,5,0,0,0,0,credit_card,mobile_app,east,retail,android,0,0,0,4389,50.51,1501,36,25,14,5,24,0.0169,0.8595,0.1405,0.5552,0.000783,4,216.5
2026-01-29,1,29,3,5,0,0,0,0,credit_card,mobile_app,north,premium,ios,0,0,0,2591,54.16,1257,18,10,9,1,2,0.0199,0.8681,0.1319,0.4157,0.000564,0,0.0
2026-01-29,1,29,3,5,0,0,0,0,credit_card,mobile_app,north,retail,android,0,0,0,3581,73.11,1275,26,18,12,3,6,0.0235,0.8595,0.1405,0.5242,0.000789,0,10.28
2026-01-29,1,29,3,5,0,0,0,0,credit_card,mobile_app,south,premium,android,0,0,0,2662,80.95,926,22,22,7,0,13,0.0228,0.8518,0.1482,0.4558,0.000628,0,0.0
2026-01-29,1,29,3,5,0,0,0,0,credit_card,mobile_app,south,retail,android,0,0,0,3196,58.52,1214,35,25,13,5,18,0.027,0.8662,0.1338,0.5945,0.000896,2,76.49
2026-01-29,1,29,3,5,0,0,0,0,credit_card,mobile_app,west,premium,android,0,0,0,2606,48.95,1566,17,17,10,3,17,0.0212,0.8577,0.1423,0.5251,0.000662,2,103.46
2026-01-29,1,29,3,5,0,0,0,0,credit_card,mobile_app,west,retail,android,0,0,0,4038,59.04,1625,29,19,4,3,21,0.0166,0.8751,0.1249,0.5637,0.000879,3,237.12
2026-01-29,1,29,3,5,0,0,0,0,credit_card,web,east,premium,android,0,0,0,2349,41.6,1073,13,14,4,0,6,0.0244,0.8627,0.1373,0.4628,0.000461,1,49.66
2026-01-29,1,29,3,5,0,0,0,0,credit_card,web,east,retail,android,0,0,0,3139,79.94,985,40,23,5,4,8,0.0216,0.8733,0.1267,0.4217,0.00068,0,32.86
2026-01-29,1,29,3,5,0,0,0,0,credit_card,web,north,premium,desktop,0,0,0,1412,46.52,442,17,12,7,0,6,0.0195,0.8673,0.1327,0.2688,0.000491,0,0.0
2026-01-29,1,29,3,5,0,0,0,0,credit_card,web,north,retail,ios,0,0,0,2876,49.73,1019,27,15,5,2,17,0.0269,0.8577,0.1423,0.275,0.000682,3,255.5
2026-01-29,1,29,3,5,0,0,0,0,credit_card,web,south,premium,desktop,0,0,0,1405,106.05,547,8,17,8,1,10,0.0258,0.8605,0.1395,0.2622,0.00052,1,152.71
2026-01-29,1,29,3,5,0,0,0,0,credit_card,web,south,retail,desktop,0,0,0,2546,66.56,833,24,8,10,5,10,0.0169,0.8585,0.1415,0.2529,0.000751,3,337.26
2026-01-29,1,29,3,5,0,0,0,0,credit_card,web,west,premium,desktop,0,0,0,1723,102.61,1030,13,12,10,3,8,0.0221,0.8505,0.1495,0.2565,0.000555,1,153.26
2026-01-29,1,29,3,5,0,0,0,0,credit_card,web,west,retail,desktop,0,0,0,2479,23.62,930,26,10,8,3,9,0.0215,0.859,0.141,0.2441,0.000776,1,22.41
2026-01-29,1,29,3,5,0,0,0,0,debit_card,branch,east,premium,desktop,0,0,0,473,46.57,209,12,15,5,1,7,0.0226,0.8524,0.1476,0.2613,0.000262,0,0.0
2026-01-29,1,29,3,5,0,0,0,0,debit_card,branch,east,retail,desktop,0,0,0,750,71.32,439,23,6,9,3,3,0.0151,0.8559,0.1441,0.2733,0.000361,0,4.4
2026-01-29,1,29,3,5,0,0,0,0,debit_card,branch,north,premium,desktop,0,0,0,468,37.27,249,7,4,5,1,1,0.0226,0.8561,0.1439,0.2408,0.000259,0,0.0
2026-01-29,1,29,3,5,0,0,0,0,debit_card,branch,north,retail,desktop,0,0,0,810,124.89,417,20,8,4,2,7,0.0192,0.8404,0.1596,0.2779,0.000373,1,61.33
2026-01-29,1,29,3,5,0,0,0,0,debit_card,branch,south,premium,desktop,0,0,0,516,51.85,161,14,13,6,0,2,0.0191,0.8873,0.1127,0.2514,0.000294,0,49.88
2026-01-29,1,29,3,5,0,0,0,0,debit_card,branch,south,retail,desktop,0,0,0,557,57.34,234,29,13,7,2,5,0.0269,0.8691,0.1309,0.2422,0.000445,0,0.0
2026-01-29,1,29,3,5,0,0,0,0,debit_card,branch,west,premium,desktop,0,0,0,533,86.89,245,7,10,6,0,5,0.0215,0.8717,0.1283,0.2625,0.000312,0,49.86
2026-01-29,1,29,3,5,0,0,0,0,debit_card,branch,west,retail,desktop,0,0,0,713,49.55,279,22,13,10,1,5,0.0241,0.8517,0.1483,0.2336,0.00043,0,25.28
2026-01-29,1,29,3,5,0,0,0,0,debit_card,mobile_app,east,premium,android,0,0,0,2402,51.05,727,14,19,7,0,8,0.024,0.8653,0.1347,0.5368,0.000416,1,15.31
2026-01-29,1,29,3,5,0,0,0,0,debit_card,mobile_app,east,retail,ios,0,0,0,2965,92.64,1265,33,19,13,2,12,0.0152,0.8613,0.1387,0.3548,0.000593,1,98.69
2026-01-29,1,29,3,5,0,0,0,0,debit_card,mobile_app,north,premium,ios,0,0,0,2126,57.86,800,8,24,9,3,13,0.0213,0.8515,0.1485,0.3799,0.000438,2,115.67
2026-01-29,1,29,3,5,0,0,0,0,debit_card,mobile_app,north,retail,android,0,0,0,3219,40.49,1685,32,15,5,0,10,0.0193,0.8612,0.1388,0.5028,0.000615,2,65.53
2026-01-29,1,29,3,5,0,0,0,0,debit_card,mobile_app,south,premium,android,0,0,0,2479,60.1,1046,16,21,8,1,14,0.018,0.8733,0.1267,0.5374,0.000475,1,91.22
2026-01-29,1,29,3,5,0,0,0,0,debit_card,mobile_app,south,retail,ios,0,0,0,3080,46.25,1246,41,21,16,1,17,0.0134,0.8609,0.1391,0.3112,0.000659,2,104.94
2026-01-29,1,29,3,5,0,0,0,0,debit_card,mobile_app,west,premium,ios,0,0,0,2367,58.17,764,17,15,9,2,12,0.0238,0.8694,0.1306,0.3843,0.000481,3,166.95
2026-01-29,1,29,3,5,0,0,0,0,debit_card,mobile_app,west,retail,android,0,0,0,3479,149.5,2239,27,27,13,3,25,0.0147,0.8649,0.1351,0.5549,0.000697,5,795.14
2026-01-29,1,29,3,5,0,0,0,0,debit_card,web,east,premium,ios,0,0,0,1832,74.99,1069,16,19,4,0,12,0.0236,0.8592,0.1408,0.2455,0.000333,0,0.0
2026-01-29,1,29,3,5,0,0,0,0,debit_card,web,east,retail,desktop,0,0,0,1785,37.65,628,25,15,8,2,6,0.0186,0.8454,0.1546,0.2713,0.000527,0,5.96
2026-01-29,1,29,3,5,0,0,0,0,debit_card,web,north,premium,desktop,0,0,0,1258,69.41,537,3,11,5,0,6,0.016,0.857,0.143,0.2706,0.000367,0,26.89
2026-01-29,1,29,3,5,0,0,0,0,debit_card,web,north,retail,desktop,0,0,0,1775,40.7,660,14,13,9,2,6,0.022,0.8448,0.1552,0.2869,0.00055,0,0.0
2026-01-29,1,29,3,5,0,0,0,0,debit_card,web,south,premium,desktop,0,0,0,968,64.15,577,11,15,3,2,8,0.0275,0.8602,0.1398,0.2352,0.000402,1,86.44
2026-01-29,1,29,3,5,0,0,0,0,debit_card,web,south,retail,android,0,0,0,2338,61.38,1347,17,10,5,5,11,0.0195,0.8521,0.1479,0.4072,0.000573,3,272.21
2026-01-29,1,29,3,5,0,0,0,0,debit_card,web,west,premium,android,0,0,0,2060,48.96,712,5,11,6,3,4,0.0189,0.8549,0.1451,0.4152,0.000427,1,0.0
2026-01-29,1,29,3,5,0,0,0,0,debit_card,web,west,retail,desktop,0,0,0,2190,124.44,667,20,20,6,0,12,0.0098,0.8604,0.1396,0.2142,0.000577,0,0.0
2026-01-29,1,29,3,5,0,0,0,0,digital_wallet,branch,east,premium,desktop,0,0,0,417,73.89,185,6,14,10,3,12,0.029,0.8691,0.1309,0.2492,0.000383,1,66.68
2026-01-29,1,29,3,5,0,0,0,0,digital_wallet,branch,east,retail,desktop,0,0,0,453,66.0,286,16,10,2,3,8,0.0236,0.852,0.148,0.2438,0.000522,1,55.04
2026-01-29,1,29,3,5,0,0,0,0,digital_wallet,branch,north,premium,desktop,0,0,0,417,51.9,121,10,8,3,2,3,0.0187,0.8626,0.1374,0.2643,0.000395,0,0.0
2026-01-29,1,29,3,5,0,0,0,0,digital_wallet,branch,north,retail,desktop,0,0,0,634,64.18,199,22,12,6,1,4,0.0245,0.8625,0.1375,0.2573,0.000569,0,8.58
2026-01-29,1,29,3,5,0,0,0,0,digital_wallet,branch,south,premium,desktop,0,0,0,302,58.92,146,8,11,3,2,3,0.0199,0.8461,0.1539,0.2217,0.000388,0,0.0
2026-01-29,1,29,3,5,0,0,0,0,digital_wallet,branch,south,retail,desktop,0,0,0,494,49.31,175,22,9,3,0,3,0.0124,0.8745,0.1255,0.231,0.00058,0,0.0
2026-01-29,1,29,3,5,0,0,0,0,digital_wallet,branch,west,premium,desktop,0,0,0,478,96.03,170,17,8,7,2,4,0.0178,0.8687,0.1313,0.259,0.000438,0,0.0
2026-01-29,1,29,3,5,0,0,0,0,digital_wallet,branch,west,retail,desktop,0,0,0,735,119.51,248,27,6,4,4,5,0.0275,0.8573,0.1427,0.2214,0.000603,1,162.1
2026-01-29,1,29,3,5,0,0,0,0,digital_wallet,mobile_app,east,premium,android,0,0,0,1692,40.27,733,16,16,10,4,12,0.0248,0.8581,0.1419,0.5186,0.000603,1,43.84
2026-01-29,1,29,3,5,0,0,0,0,digital_wallet,mobile_app,east,retail,android,0,0,0,2684,125.17,1112,22,24,7,2,17,0.0172,0.8709,0.1291,0.4847,0.000892,4,461.22
2026-01-29,1,29,3,5,0,0,0,0,digital_wallet,mobile_app,north,premium,android,0,0,0,1875,55.95,890,17,19,12,1,10,0.0194,0.8658,0.1342,0.5804,0.000673,1,61.59
2026-01-29,1,29,3,5,0,0,0,0,digital_wallet,mobile_app,north,retail,android,0,0,0,2049,43.3,686,25,31,9,4,19,0.0275,0.8724,0.1276,0.5402,0.000959,3,192.82
2026-01-29,1,29,3,5,0,0,0,0,digital_wallet,mobile_app,south,premium,android,0,0,0,1750,61.07,961,12,16,12,2,6,0.0183,0.8489,0.1511,0.5348,0.000694,0,36.0
2026-01-29,1,29,3,5,0,0,0,0,digital_wallet,mobile_app,south,retail,android,0,0,0,2746,49.3,1501,27,24,5,2,8,0.0203,0.8853,0.1147,0.5205,0.000918,2,91.09
2026-01-29,1,29,3,5,0,0,0,0,digital_wallet,mobile_app,west,premium,ios,0,0,0,1848,34.41,758,20,19,10,2,11,0.0227,0.8747,0.1253,0.3106,0.000749,1,1.68
2026-01-29,1,29,3,5,0,0,0,0,digital_wallet,mobile_app,west,retail,android,0,0,0,2843,58.73,1050,25,22,13,3,19,0.026,0.8646,0.1354,0.4774,0.00104,2,59.65
2026-01-29,1,29,3,5,0,0,0,0,digital_wallet,web,east,premium,android,0,0,0,1603,54.05,708,4,11,8,2,7,0.0205,0.8514,0.1486,0.3851,0.000512,1,81.6
2026-01-29,1,29,3,5,0,0,0,0,digital_wallet,web,east,retail,desktop,0,0,0,1464,82.01,450,18,14,7,0,10,0.0117,0.8511,0.1489,0.2575,0.000741,1,22.86
2026-01-29,1,29,3,5,0,0,0,0,digital_wallet,web,north,premium,ios,0,0,0,1619,58.4,624,6,12,4,1,7,0.0175,0.8573,0.1427,0.2414,0.000545,1,61.31
2026-01-29,1,29,3,5,0,0,0,0,digital_wallet,web,north,retail,ios,0,0,0,2194,66.12,1307,13,11,9,3,14,0.0223,0.8614,0.1386,0.2695,0.000801,3,196.23
2026-01-29,1,29,3,5,0,0,0,0,digital_wallet,web,south,premium,desktop,0,0,0,891,31.85,458,10,11,8,2,8,0.0221,0.8673,0.1327,0.2247,0.000597,1,0.0
2026-01-29,1,29,3,5,0,0,0,0,digital_wallet,web,south,retail,desktop,0,0,0,1386,104.5,800,12,13,0,3,7,0.0171,0.8537,0.1463,0.2713,0.000782,0,0.0
2026-01-29,1,29,3,5,0,0,0,0,digital_wallet,web,west,premium,desktop,0,0,0,1000,38.84,528,9,11,9,2,13,0.0154,0.8579,0.1421,0.2481,0.000595,2,93.63
2026-01-29,1,29,3,5,0,0,0,0,digital_wallet,web,west,retail,desktop,0,0,0,1622,59.46,886,16,9,5,3,11,0.0204,0.856,0.144,0.2043,0.000892,3,240.19
2026-01-30,1,30,4,5,0,0,1,0,credit_card,branch,east,premium,desktop,0,0,0,663,136.11,203,14,8,7,2,4,0.0234,0.852,0.148,0.2512,0.000314,0,0.0
2026-01-30,1,30,4,5,0,0,1,0,credit_card,branch,east,retail,desktop,0,0,0,916,134.79,364,17,14,2,1,4,0.0152,0.8413,0.1587,0.243,0.000466,0,0.0
2026-01-30,1,30,4,5,0,0,1,0,credit_card,branch,north,premium,desktop,0,0,0,711,53.42,209,18,14,6,1,6,0.0215,0.8656,0.1344,0.259,0.000329,0,0.0
2026-01-30,1,30,4,5,0,0,1,0,credit_card,branch,north,retail,desktop,0,0,0,1044,58.13,549,21,8,8,3,1,0.0234,0.8657,0.1343,0.2634,0.000465,0,64.89
2026-01-30,1,30,4,5,0,0,1,0,credit_card,branch,south,premium,desktop,0,0,0,641,52.96,241,14,14,5,2,4,0.0213,0.8529,0.1471,0.2201,0.000379,0,33.96
2026-01-30,1,30,4,5,0,0,1,0,credit_card,branch,south,retail,desktop,0,0,0,790,36.09,435,25,9,6,2,5,0.0182,0.8548,0.1452,0.2949,0.000545,1,31.9
2026-01-30,1,30,4,5,0,0,1,0,credit_card,branch,west,premium,desktop,0,0,0,876,53.9,278,10,9,2,0,5,0.0208,0.8702,0.1298,0.266,0.000378,0,0.0
2026-01-30,1,30,4,5,0,0,1,0,credit_card,branch,west,retail,desktop,0,0,0,1046,66.36,415,27,7,4,0,2,0.0217,0.8324,0.1676,0.2225,0.000549,0,0.0
2026-01-30,1,30,4,5,0,0,1,0,credit_card,mobile_app,east,premium,ios,0,0,0,2480,78.43,1168,18,24,17,3,14,0.0175,0.8712,0.1288,0.3287,0.000565,0,0.0
2026-01-30,1,30,4,5,0,0,1,0,credit_card,mobile_app,east,retail,android,0,0,0,4013,50.01,1176,26,15,11,4,11,0.0182,0.8688,0.1312,0.5312,0.000769,3,173.29
2026-01-30,1,30,4,5,0,0,1,0,credit_card,mobile_app,north,premium,ios,0,0,0,3109,74.09,1549,16,18,12,3,8,0.0183,0.8459,0.1541,0.3234,0.000559,0,0.0
2026-01-30,1,30,4,5,0,0,1,0,credit_card,mobile_app,north,retail,android,0,0,0,4647,113.98,2899,26,14,10,1,21,0.0246,0.8596,0.1404,0.5206,0.000777,6,818.12
2026-01-30,1,30,4,5,0,0,1,0,credit_card,mobile_app,south,premium,android,0,0,0,3079,54.83,1021,17,27,9,3,11,0.0192,0.8766,0.1234,0.5686,0.000614,2,85.26
2026-01-30,1,30,4,5,0,0,1,0,credit_card,mobile_app,south,retail,android,0,0,0,4114,51.64,2073,32,18,6,0,15,0.0171,0.8497,0.1503,0.5104,0.000872,4,223.88
2026-01-30,1,30,4,5,0,0,1,0,credit_card,mobile_app,west,premium,ios,0,0,0,2817,68.72,1679,18,22,8,1,8,0.0129,0.8599,0.1401,0.3245,0.000632,0,0.0
2026-01-30,1,30,4,5,0,0,1,0,credit_card,mobile_app,west,retail,ios,0,0,0,5343,140.17,2116,30,22,6,3,7,0.015,0.8483,0.1517,0.3022,0.000849,1,188.22
2026-01-30,1,30,4,5,0,0,1,0,credit_card,web,east,premium,desktop,0,0,0,1851,104.87,795,21,13,2,3,10,0.0224,0.8548,0.1452,0.2488,0.00049,1,170.04
2026-01-30,1,30,4,5,0,0,1,0,credit_card,web,east,retail,ios,0,0,0,4006,85.92,1208,25,8,5,8,14,0.016,0.8781,0.1219,0.2092,0.000656,3,315.9
2026-01-30,1,30,4,5,0,0,1,0,credit_card,web,north,premium,desktop,0,0,0,1659,65.79,816,10,6,5,3,8,0.0199,0.8515,0.1485,0.2271,0.000452,2,230.47
2026-01-30,1,30,4,5,0,0,1,0,credit_card,web,north,retail,android,0,0,0,4248,58.35,1441,22,19,6,2,12,0.0224,0.8575,0.1425,0.383,0.000688,3,210.91
2026-01-30,1,30,4,5,0,0,1,0,credit_card,web,south,premium,desktop,0,0,0,1547,43.63,1035,9,11,10,1,6,0.0185,0.8678,0.1322,0.2456,0.000521,0,0.0
2026-01-30,1,30,4,5,0,0,1,0,credit_card,web,south,retail,desktop,0,0,0,2182,82.43,1225,19,8,6,2,4,0.0211,0.8579,0.1421,0.2361,0.000678,1,82.23
2026-01-30,1,30,4,5,0,0,1,0,credit_card,web,west,premium,desktop,0,0,0,1710,73.38,839,12,14,4,2,8,0.0235,0.8489,0.1511,0.2212,0.000523,1,68.78
2026-01-30,1,30,4,5,0,0,1,0,credit_card,web,west,retail,desktop,0,0,0,2772,89.6,1115,24,13,1,2,11,0.0134,0.8634,0.1366,0.3038,0.000749,2,231.93
2026-01-30,1,30,4,5,0,0,1,0,debit_card,branch,east,premium,desktop,0,0,0,607,49.4,258,10,16,3,0,7,0.016,0.8507,0.1493,0.2256,0.000259,0,0.0
2026-01-30,1,30,4,5,0,0,1,0,debit_card,branch,east,retail,desktop,0,0,0,778,66.26,409,18,7,5,2,3,0.0156,0.8602,0.1398,0.2499,0.000353,0,0.0
2026-01-30,1,30,4,5,0,0,1,0,debit_card,branch,north,premium,desktop,0,0,0,594,64.74,220,10,9,4,0,7,0.02,0.8543,0.1457,0.1983,0.000265,1,54.63
2026-01-30,1,30,4,5,0,0,1,0,debit_card,branch,north,retail,desktop,0,0,0,894,38.02,456,16,5,3,0,2,0.0148,0.8519,0.1481,0.2342,0.000364,0,0.0
2026-01-30,1,30,4,5,0,0,1,0,debit_card,branch,south,premium,desktop,0,0,0,497,93.82,278,11,7,7,0,2,0.0227,0.8383,0.1617,0.209,0.000294,0,36.01
2026-01-30,1,30,4,5,0,0,1,0,debit_card,branch,south,retail,desktop,0,0,0,849,88.16,354,18,10,4,2,6,0.0204,0.8464,0.1536,0.2807,0.000405,0,24.68
2026-01-30,1,30,4,5,0,0,1,0,debit_card,branch,west,premium,desktop,0,0,0,717,81.99,239,17,8,3,1,7,0.01,0.8647,0.1353,0.2187,0.000304,1,43.37
2026-01-30,1,30,4,5,0,0,1,0,debit_card,branch,west,retail,desktop,0,0,0,971,51.8,274,19,6,7,1,3,0.0181,0.8593,0.1407,0.2812,0.000403,0,0.0
2026-01-30,1,30,4,5,0,0,1,0,debit_card,mobile_app,east,premium,ios,0,0,0,2024,86.43,1208,20,34,11,1,20,0.0218,0.8755,0.1245,0.3179,0.000429,1,111.28
2026-01-30,1,30,4,5,0,0,1,0,debit_card,mobile_app,east,retail,android,0,0,0,4159,94.53,1439,23,24,15,1,26,0.0194,0.8597,0.1403,0.5025,0.000559,6,534.14
2026-01-30,1,30,4,5,0,0,1,0,debit_card,mobile_app,north,premium,android,0,0,0,2743,53.41,956,20,25,5,2,19,0.0191,0.8509,0.1491,0.5294,0.000441,2,103.34
2026-01-30,1,30,4,5,0,0,1,0,debit_card,mobile_app,north,retail,ios,0,0,0,3346,46.65,1242,32,15,12,0,3,0.0289,0.8546,0.1454,0.3013,0.000614,0,27.01
2026-01-30,1,30,4,5,0,0,1,0,debit_card,mobile_app,south,premium,ios,0,0,0,2134,55.47,1000,21,22,11,2,9,0.0176,0.855,0.145,0.375,0.000462,1,80.44
2026-01-30,1,30,4,5,0,0,1,0,debit_card,mobile_app,south,retail,android,0,0,0,3463,46.31,1018,33,19,9,3,25,0.0136,0.8587,0.1413,0.5802,0.000669,7,399.23
2026-01-30,1,30,4,5,0,0,1,0,debit_card,mobile_app,west,premium,android,0,0,0,2658,64.0,1262,12,12,10,1,7,0.0224,0.8581,0.1419,0.5553,0.000485,2,103.22
2026-01-30,1,30,4,5,0,0,1,0,debit_card,mobile_app,west,retail,android,0,0,0,3361,65.36,2065,30,23,12,2,17,0.0147,0.8427,0.1573,0.5395,0.000748,2,137.94
2026-01-30,1,30,4,5,0,0,1,0,debit_card,web,east,premium,desktop,0,0,0,1439,39.01,527,8,9,10,1,2,0.0177,0.8546,0.1454,0.2637,0.000349,0,50.65
2026-01-30,1,30,4,5,0,0,1,0,debit_card,web,east,retail,ios,0,0,0,2941,33.11,1260,22,8,11,0,3,0.0256,0.8667,0.1333,0.2427,0.000492,0,0.0
2026-01-30,1,30,4,5,0,0,1,0,debit_card,web,north,premium,desktop,0,0,0,1669,54.23,1035,9,14,9,0,8,0.0217,0.8563,0.1437,0.2972,0.000401,1,61.77
2026-01-30,1,30,4,5,0,0,1,0,debit_card,web,north,retail,android,0,0,0,3477,87.08,1559,21,12,9,1,11,0.019,0.8445,0.1555,0.4418,0.000539,2,305.35
2026-01-30,1,30,4,5,0,0,1,0,debit_card,web,south,premium,android,0,0,0,1978,61.46,592,13,11,12,2,14,0.015,0.8619,0.1381,0.4168,0.000422,3,230.63
2026-01-30,1,30,4,5,0,0,1,0,debit_card,web,south,retail,desktop,0,0,0,1668,49.84,677,21,10,6,4,6,0.0173,0.845,0.155,0.288,0.000628,1,94.76
2026-01-30,1,30,4,5,0,0,1,0,debit_card,web,west,premium,ios,0,0,0,2141,86.76,862,9,21,7,3,12,0.0182,0.8591,0.1409,0.1944,0.000419,2,152.94
2026-01-30,1,30,4,5,0,0,1,0,debit_card,web,west,retail,desktop,0,0,0,2214,80.92,1097,17,15,6,2,8,0.0162,0.8776,0.1224,0.2422,0.000603,1,54.59
2026-01-30,1,30,4,5,0,0,1,0,digital_wallet,branch,east,premium,desktop,0,0,0,407,22.6,168,7,4,1,2,2,0.024,0.8537,0.1463,0.1918,0.000341,0,34.18
2026-01-30,1,30,4,5,0,0,1,0,digital_wallet,branch,east,retail,desktop,0,0,0,719,39.35,253,25,4,3,1,2,0.0113,0.8653,0.1347,0.2635,0.000489,0,28.93
2026-01-30,1,30,4,5,0,0,1,0,digital_wallet,branch,north,premium,desktop,0,0,0,458,81.19,215,11,13,4,3,2,0.0242,0.8582,0.1418,0.2994,0.000403,0,62.31
2026-01-30,1,30,4,5,0,0,1,0,digital_wallet,branch,north,retail,desktop,0,0,0,697,89.91,391,12,13,1,3,8,0.0233,0.8448,0.1552,0.2553,0.000529,0,25.74
2026-01-30,1,30,4,5,0,0,1,0,digital_wallet,branch,south,premium,desktop,0,0,0,449,92.69,138,8,11,5,1,6,0.0107,0.8628,0.1372,0.2209,0.000429,0,33.38
2026-01-30,1,30,4,5,0,0,1,0,digital_wallet,branch,south,retail,desktop,0,0,0,664,50.06,292,16,20,8,4,16,0.0221,0.8748,0.1252,0.2602,0.000589,1,104.0
2026-01-30,1,30,4,5,0,0,1,0,digital_wallet,branch,west,premium,desktop,0,0,0,577,52.97,351,11,10,9,2,6,0.0219,0.8359,0.1641,0.1975,0.000431,0,2.82
2026-01-30,1,30,4,5,0,0,1,0,digital_wallet,branch,west,retail,desktop,0,0,0,776,84.79,272,9,15,6,0,9,0.0187,0.8782,0.1218,0.2764,0.000603,2,141.74
2026-01-30,1,30,4,5,0,0,1,0,digital_wallet,mobile_app,east,premium,ios,0,0,0,1884,76.21,566,10,16,13,3,6,0.0252,0.8688,0.1312,0.3726,0.000578,0,32.58
2026-01-30,1,30,4,5,0,0,1,0,digital_wallet,mobile_app,east,retail,android,0,0,0,3076,77.5,938,24,23,12,5,16,0.0198,0.863,0.137,0.5096,0.000878,3,331.85
2026-01-30,1,30,4,5,0,0,1,0,digital_wallet,mobile_app,north,premium,android,0,0,0,2127,47.62,1288,10,30,12,3,10,0.0156,0.8496,0.1504,0.5567,0.000692,1,29.82
2026-01-30,1,30,4,5,0,0,1,0,digital_wallet,mobile_app,north,retail,android,0,0,0,2855,48.46,1732,16,21,14,0,4,0.0195,0.8865,0.1135,0.5334,0.000885,0,0.0
2026-01-30,1,30,4,5,0,0,1,0,digital_wallet,mobile_app,south,premium,ios,0,0,0,1881,42.94,620,15,21,11,3,12,0.0164,0.8604,0.1396,0.3584,0.000708,0,0.0
2026-01-30,1,30,4,5,0,0,1,0,digital_wallet,mobile_app,south,retail,ios,0,0,0,2476,51.37,739,21,18,13,4,19,0.0167,0.8657,0.1343,0.3153,0.000978,3,196.32
2026-01-30,1,30,4,5,0,0,1,0,digital_wallet,mobile_app,west,premium,android,0,0,0,2348,50.26,1180,13,19,9,2,10,0.0261,0.8664,0.1336,0.4537,0.000719,1,42.71
2026-01-30,1,30,4,5,0,0,1,0,digital_wallet,mobile_app,west,retail,android,0,0,0,2945,63.78,1574,29,18,9,2,24,0.0191,0.8571,0.1429,0.541,0.001022,7,667.8
2026-01-30,1,30,4,5,0,0,1,0,digital_wallet,web,east,premium,desktop,0,0,0,1048,74.4,404,11,15,6,1,2,0.0113,0.8547,0.1453,0.2539,0.000543,0,0.0
2026-01-30,1,30,4,5,0,0,1,0,digital_wallet,web,east,retail,desktop,0,0,0,1658,30.78,580,15,14,7,2,7,0.0177,0.8644,0.1356,0.262,0.000767,0,41.7
2026-01-30,1,30,4,5,0,0,1,0,digital_wallet,web,north,premium,desktop,0,0,0,1134,74.16,476,10,13,4,2,7,0.0232,0.855,0.145,0.2366,0.000531,0,0.0
2026-01-30,1,30,4,5,0,0,1,0,digital_wallet,web,north,retail,android,0,0,0,2987,36.52,987,20,12,10,6,8,0.0241,0.8727,0.1273,0.4187,0.000797,3,155.48
2026-01-30,1,30,4,5,0,0,1,0,digital_wallet,web,south,premium,android,0,0,0,1789,40.88,650,7,10,8,2,3,0.0117,0.8764,0.1236,0.4341,0.000609,0,0.0
2026-01-30,1,30,4,5,0,0,1,0,digital_wallet,web,south,retail,desktop,0,0,0,1642,58.39,852,19,11,11,6,10,0.02,0.8533,0.1467,0.2523,0.000818,2,87.83
2026-01-30,1,30,4,5,0,0,1,0,digital_wallet,web,west,premium,desktop,0,0,0,1273,81.3,491,8,14,7,2,15,0.0244,0.8637,0.1363,0.25,0.000625,3,361.45
2026-01-30,1,30,4,5,0,0,1,0,digital_wallet,web,west,retail,desktop,0,0,0,1809,41.24,1058,19,16,8,7,7,0.0211,0.8634,0.1366,0.2792,0.000884,0,0.0
2026-01-31,1,31,5,5,1,1,1,0,credit_card,branch,east,premium,desktop,0,0,0,616,56.32,195,18,10,6,1,3,0.0214,0.8383,0.1617,0.2441,0.000324,0,23.1
2026-01-31,1,31,5,5,1,1,1,0,credit_card,branch,east,retail,desktop,0,0,0,1050,54.83,312,21,11,2,2,2,0.0208,0.8486,0.1514,0.288,0.000454,0,4.0
2026-01-31,1,31,5,5,1,1,1,0,credit_card,branch,north,premium,desktop,0,0,0,619,72.04,227,15,6,3,0,6,0.021,0.8461,0.1539,0.2407,0.000333,1,94.26
2026-01-31,1,31,5,5,1,1,1,0,credit_card,branch,north,retail,desktop,0,0,0,1066,68.73,450,26,13,5,0,3,0.0172,0.8498,0.1502,0.2645,0.000476,0,6.4
2026-01-31,1,31,5,5,1,1,1,0,credit_card,branch,south,premium,desktop,0,0,0,572,63.2,359,12,6,2,3,4,0.0171,0.8397,0.1603,0.2127,0.000351,0,0.0
2026-01-31,1,31,5,5,1,1,1,0,credit_card,branch,south,retail,desktop,0,0,0,929,106.56,346,23,9,4,2,4,0.0221,0.8544,0.1456,0.2506,0.000516,1,83.68
2026-01-31,1,31,5,5,1,1,1,0,credit_card,branch,west,premium,desktop,0,0,0,584,61.0,217,12,6,6,1,3,0.0181,0.8464,0.1536,0.2798,0.000389,0,27.07
2026-01-31,1,31,5,5,1,1,1,0,credit_card,branch,west,retail,desktop,0,0,0,1168,65.29,526,26,9,2,2,7,0.0252,0.8519,0.1481,0.2662,0.000537,2,114.69
2026-01-31,1,31,5,5,1,1,1,0,credit_card,mobile_app,east,premium,ios,0,0,0,2935,41.28,870,23,25,10,3,19,0.0245,0.8394,0.1606,0.3462,0.000544,2,126.55
2026-01-31,1,31,5,5,1,1,1,0,credit_card,mobile_app,east,retail,ios,0,0,0,4237,142.7,1736,37,23,9,1,18,0.0179,0.8635,0.1365,0.3027,0.000757,2,384.91
2026-01-31,1,31,5,5,1,1,1,0,credit_card,mobile_app,north,premium,android,0,0,0,3005,44.86,934,25,18,10,2,16,0.0198,0.8416,0.1584,0.4991,0.000564,2,126.92
2026-01-31,1,31,5,5,1,1,1,0,credit_card,mobile_app,north,retail,ios,0,0,0,4427,76.51,1764,31,22,8,4,12,0.0135,0.8562,0.1438,0.3327,0.000808,3,362.01
2026-01-31,1,31,5,5,1,1,1,0,credit_card,mobile_app,south,premium,ios,0,0,0,2657,116.71,813,17,28,5,3,14,0.0238,0.8463,0.1537,0.3765,0.000587,2,224.56
2026-01-31,1,31,5,5,1,1,1,0,credit_card,mobile_app,south,retail,android,0,0,0,3858,85.51,1285,38,19,10,3,25,0.0208,0.8435,0.1565,0.5519,0.000862,8,811.66
2026-01-31,1,31,5,5,1,1,1,0,credit_card,mobile_app,west,premium,android,0,0,0,3219,125.83,1148,16,20,9,1,10,0.0165,0.8572,0.1428,0.5554,0.000641,2,236.92
2026-01-31,1,31,5,5,1,1,1,0,credit_card,mobile_app,west,retail,android,0,0,0,4253,89.14,1451,25,16,13,2,8,0.0243,0.8356,0.1644,0.6208,0.000863,1,46.6
2026-01-31,1,31,5,5,1,1,1,0,credit_card,web,east,premium,desktop,0,0,0,1489,88.34,696,5,20,8,1,8,0.0216,0.8505,0.1495,0.2761,0.000473,0,0.0
2026-01-31,1,31,5,5,1,1,1,0,credit_card,web,east,retail,desktop,0,0,0,2490,49.28,830,31,16,8,5,7,0.019,0.8521,0.1479,0.2667,0.000679,1,72.27
2026-01-31,1,31,5,5,1,1,1,0,credit_card,web,north,premium,desktop,0,0,0,1435,67.59,565,21,17,3,2,7,0.0185,0.8429,0.1571,0.2594,0.000472,0,2.54
2026-01-31,1,31,5,5,1,1,1,0,credit_card,web,north,retail,desktop,0,0,0,2545,116.31,904,21,16,9,1,17,0.0207,0.8471,0.1529,0.2949,0.000659,3,511.32
2026-01-31,1,31,5,5,1,1,1,0,credit_card,web,south,premium,android,0,0,0,2164,40.51,1026,8,13,7,1,14,0.0185,0.8177,0.1823,0.4602,0.000503,4,223.42
2026-01-31,1,31,5,5,1,1,1,0,credit_card,web,south,retail,desktop,0,0,0,2283,78.36,902,18,13,5,0,9,0.0197,0.8622,0.1378,0.2744,0.000708,3,328.48
2026-01-31,1,31,5,5,1,1,1,0,credit_card,web,west,premium,desktop,0,0,0,1677,91.95,1082,13,11,8,5,13,0.0278,0.8557,0.1443,0.2708,0.000564,2,315.04
2026-01-31,1,31,5,5,1,1,1,0,credit_card,web,west,retail,desktop,0,0,0,2481,26.92,1034,26,8,5,2,6,0.0158,0.8623,0.1377,0.2283,0.000771,2,20.53
2026-01-31,1,31,5,5,1,1,1,0,debit_card,branch,east,premium,desktop,0,0,0,556,36.39,177,15,10,6,3,4,0.0167,0.834,0.166,0.1971,0.000261,0,71.58
2026-01-31,1,31,5,5,1,1,1,0,debit_card,branch,east,retail,desktop,0,0,0,801,42.92,477,16,14,5,1,7,0.0179,0.8535,0.1465,0.2508,0.000385,0,18.06
2026-01-31,1,31,5,5,1,1,1,0,debit_card,branch,north,premium,desktop,0,0,0,630,54.04,222,7,10,7,1,2,0.0206,0.8481,0.1519,0.2113,0.000263,0,0.0
2026-01-31,1,31,5,5,1,1,1,0,debit_card,branch,north,retail,desktop,0,0,0,838,40.78,269,24,11,5,2,2,0.0208,0.8522,0.1478,0.2242,0.000369,0,56.41
2026-01-31,1,31,5,5,1,1,1,0,debit_card,branch,south,premium,desktop,0,0,0,544,38.5,281,8,12,9,4,5,0.0212,0.8322,0.1678,0.2449,0.000302,0,0.0
2026-01-31,1,31,5,5,1,1,1,0,debit_card,branch,south,retail,desktop,0,0,0,834,51.42,559,29,5,3,3,3,0.0246,0.8596,0.1404,0.1872,0.000407,0,45.28
2026-01-31,1,31,5,5,1,1,1,0,debit_card,branch,west,premium,desktop,0,0,0,604,54.5,270,11,14,6,0,9,0.016,0.8524,0.1476,0.2488,0.000307,0,44.55
2026-01-31,1,31,5,5,1,1,1,0,debit_card,branch,west,retail,desktop,0,0,0,876,37.44,543,22,6,6,2,3,0.0222,0.842,0.158,0.2323,0.000414,0,10.82
2026-01-31,1,31,5,5,1,1,1,0,debit_card,mobile_app,east,premium,android,0,0,0,2562,76.1,1222,12,16,14,2,15,0.0186,0.8576,0.1424,0.5485,0.000434,3,216.96
2026-01-31,1,31,5,5,1,1,1,0,debit_card,mobile_app,east,retail,android,0,0,0,3841,111.17,1152,37,24,7,1,18,0.022,0.8474,0.1526,0.5188,0.000591,3,371.22
2026-01-31,1,31,5,5,1,1,1,0,debit_card,mobile_app,north,premium,android,0,0,0,2012,64.89,817,8,17,7,2,6,0.0277,0.8585,0.1415,0.4956,0.000438,0,7.88
2026-01-31,1,31,5,5,1,1,1,0,debit_card,mobile_app,north,retail,android,0,0,0,3293,85.78,1592,23,28,10,2,23,0.0234,0.8509,0.1491,0.5425,0.00062,2,181.2
2026-01-31,1,31,5,5,1,1,1,0,debit_card,mobile_app,south,premium,android,0,0,0,2387,77.13,896,16,29,12,2,14,0.0173,0.8358,0.1642,0.5576,0.000484,0,32.02
2026-01-31,1,31,5,5,1,1,1,0,debit_card,mobile_app,south,retail,android,0,0,0,3011,57.89,1873,30,32,18,3,21,0.0166,0.8518,0.1482,0.5378,0.000714,3,175.54
2026-01-31,1,31,5,5,1,1,1,0,debit_card,mobile_app,west,premium,android,0,0,0,2718,53.15,950,15,29,16,2,19,0.0189,0.8666,0.1334,0.5323,0.000521,2,70.06
2026-01-31,1,31,5,5,1,1,1,0,debit_card,mobile_app,west,retail,android,0,0,0,3655,45.57,1116,21,21,14,5,9,0.0192,0.8561,0.1439,0.5253,0.000687,0,35.96
2026-01-31,1,31,5,5,1,1,1,0,debit_card,web,east,premium,desktop,0,0,0,1466,36.96,704,14,15,5,1,5,0.0243,0.8582,0.1418,0.2772,0.000358,0,0.0
2026-01-31,1,31,5,5,1,1,1,0,debit_card,web,east,retail,ios,0,0,0,3289,65.15,1183,23,18,5,1,10,0.01,0.8329,0.1671,0.2757,0.000541,2,141.3
2026-01-31,1,31,5,5,1,1,1,0,debit_card,web,north,premium,desktop,0,0,0,1504,75.09,676,10,15,7,2,3,0.0098,0.8487,0.1513,0.2943,0.000375,0,0.0
2026-01-31,1,31,5,5,1,1,1,0,debit_card,web,north,retail,android,0,0,0,2891,78.31,1359,23,16,8,0,7,0.0168,0.851,0.149,0.3866,0.000548,0,30.39
2026-01-31,1,31,5,5,1,1,1,0,debit_card,web,south,premium,desktop,0,0,0,1229,59.81,374,14,19,5,0,12,0.0148,0.8422,0.1578,0.2158,0.000389,1,48.17
2026-01-31,1,31,5,5,1,1,1,0,debit_card,web,south,retail,ios,0,0,0,2691,59.56,1139,20,16,6,1,26,0.0155,0.8439,0.1561,0.2219,0.000603,4,197.64
2026-01-31,1,31,5,5,1,1,1,0,debit_card,web,west,premium,android,0,0,0,2080,59.41,664,12,13,9,1,11,0.016,0.8564,0.1436,0.4158,0.000439,2,192.81
2026-01-31,1,31,5,5,1,1,1,0,debit_card,web,west,retail,desktop,0,0,0,1924,105.06,624,21,23,4,0,13,0.0173,0.8595,0.1405,0.2026,0.000592,1,200.31
2026-01-31,1,31,5,5,1,1,1,0,digital_wallet,branch,east,premium,desktop,0,0,0,445,72.15,143,13,12,5,1,3,0.0133,0.8586,0.1414,0.2495,0.000367,0,0.0
2026-01-31,1,31,5,5,1,1,1,0,digital_wallet,branch,east,retail,desktop,0,0,0,686,55.09,197,14,7,3,2,7,0.0204,0.8551,0.1449,0.27,0.00052,2,179.14
2026-01-31,1,31,5,5,1,1,1,0,digital_wallet,branch,north,premium,desktop,0,0,0,485,62.93,274,5,11,2,3,3,0.0172,0.8472,0.1528,0.3099,0.000377,0,48.16
2026-01-31,1,31,5,5,1,1,1,0,digital_wallet,branch,north,retail,desktop,0,0,0,590,75.45,335,15,8,2,2,2,0.0243,0.8548,0.1452,0.2698,0.000548,0,0.0
2026-01-31,1,31,5,5,1,1,1,0,digital_wallet,branch,south,premium,desktop,0,0,0,426,127.94,201,12,19,5,1,11,0.0262,0.8587,0.1413,0.2251,0.000428,0,0.0
2026-01-31,1,31,5,5,1,1,1,0,digital_wallet,branch,south,retail,desktop,0,0,0,693,50.79,349,18,8,7,4,4,0.0256,0.8513,0.1487,0.3161,0.000598,0,0.0
2026-01-31,1,31,5,5,1,1,1,0,digital_wallet,branch,west,premium,desktop,0,0,0,482,50.02,190,12,14,5,2,8,0.0242,0.8633,0.1367,0.2784,0.000413,0,19.68
2026-01-31,1,31,5,5,1,1,1,0,digital_wallet,branch,west,retail,desktop,0,0,0,796,59.09,325,14,11,3,5,5,0.0243,0.8481,0.1519,0.2599,0.000627,1,28.02
2026-01-31,1,31,5,5,1,1,1,0,digital_wallet,mobile_app,east,premium,android,0,0,0,1829,87.95,1188,10,27,9,4,11,0.0134,0.8717,0.1283,0.5024,0.000666,1,111.69
2026-01-31,1,31,5,5,1,1,1,0,digital_wallet,mobile_app,east,retail,ios,0,0,0,2767,54.89,1706,27,23,5,5,23,0.0162,0.8525,0.1475,0.3367,0.000899,7,585.07
2026-01-31,1,31,5,5,1,1,1,0,digital_wallet,mobile_app,north,premium,ios,0,0,0,1928,104.28,706,7,24,9,2,18,0.0228,0.8517,0.1483,0.3526,0.000627,1,77.06
2026-01-31,1,31,5,5,1,1,1,0,digital_wallet,mobile_app,north,retail,ios,0,0,0,3027,112.92,1594,22,26,17,3,25,0.0165,0.8531,0.1469,0.3115,0.000903,3,386.8
2026-01-31,1,31,5,5,1,1,1,0,digital_wallet,mobile_app,south,premium,android,0,0,0,1920,27.78,977,17,24,10,4,14,0.0231,0.8543,0.1457,0.4935,0.000686,0,0.0
2026-01-31,1,31,5,5,1,1,1,0,digital_wallet,mobile_app,south,retail,ios,0,0,0,2683,28.42,807,13,26,7,6,10,0.0133,0.8447,0.1553,0.3426,0.000995,1,22.58
2026-01-31,1,31,5,5,1,1,1,0,digital_wallet,mobile_app,west,premium,ios,0,0,0,2006,79.1,813,16,26,9,6,16,0.0246,0.8451,0.1549,0.3423,0.000716,3,158.43
2026-01-31,1,31,5,5,1,1,1,0,digital_wallet,mobile_app,west,retail,ios,0,0,0,2862,57.65,1555,13,17,5,4,15,0.0164,0.8672,0.1328,0.3465,0.001,4,302.7
2026-01-31,1,31,5,5,1,1,1,0,digital_wallet,web,east,premium,android,0,0,0,1778,70.37,827,13,17,6,2,4,0.0163,0.8533,0.1467,0.3833,0.000562,0,91.36
2026-01-31,1,31,5,5,1,1,1,0,digital_wallet,web,east,retail,ios,0,0,0,2232,71.25,965,17,11,13,3,15,0.0177,0.8555,0.1445,0.2183,0.000761,4,400.64
2026-01-31,1,31,5,5,1,1,1,0,digital_wallet,web,north,premium,desktop,0,0,0,1106,64.08,380,11,18,6,3,15,0.0191,0.8733,0.1267,0.2607,0.000559,1,21.05
2026-01-31,1,31,5,5,1,1,1,0,digital_wallet,web,north,retail,desktop,0,0,0,1822,68.95,1078,19,9,8,1,12,0.0202,0.8667,0.1333,0.211,0.000758,2,120.92
2026-01-31,1,31,5,5,1,1,1,0,digital_wallet,web,south,premium,ios,0,0,0,1535,44.92,568,8,12,7,2,7,0.0183,0.8523,0.1477,0.2512,0.000606,1,58.13
2026-01-31,1,31,5,5,1,1,1,0,digital_wallet,web,south,retail,desktop,0,0,0,1763,28.75,1118,12,14,9,6,14,0.0208,0.8571,0.1429,0.2134,0.000845,2,3.65
2026-01-31,1,31,5,5,1,1,1,0,digital_wallet,web,west,premium,desktop,0,0,0,1046,47.06,483,8,11,9,0,9,0.0221,0.8458,0.1542,0.2713,0.000613,1,67.23
2026-01-31,1,31,5,5,1,1,1,0,digital_wallet,web,west,retail,desktop,0,0,0,1627,39.98,567,21,16,8,2,3,0.0155,0.8619,0.1381,0.2333,0.000877,0,61.31
2026-02-01,2,1,6,5,1,0,1,0,credit_card,branch,east,premium,desktop,0,0,0,537,92.53,206,19,12,6,3,3,0.0259,0.8581,0.1419,0.2101,0.000353,0,16.78
2026-02-01,2,1,6,5,1,0,1,0,credit_card,branch,east,retail,desktop,0,0,0,1004,86.05,338,36,10,3,3,6,0.0291,0.8436,0.1564,0.2144,0.000453,1,37.98
2026-02-01,2,1,6,5,1,0,1,0,credit_card,branch,north,premium,desktop,0,0,0,543,106.75,188,23,15,4,3,8,0.0182,0.8319,0.1681,0.2684,0.000351,1,185.76
2026-02-01,2,1,6,5,1,0,1,0,credit_card,branch,north,retail,desktop,0,0,0,890,53.47,359,37,12,4,0,6,0.0098,0.8766,0.1234,0.1779,0.000478,0,0.0
2026-02-01,2,1,6,5,1,0,1,0,credit_card,branch,south,premium,desktop,0,0,0,533,81.04,230,19,11,3,2,7,0.0205,0.849,0.151,0.22,0.000396,0,0.0
2026-02-01,2,1,6,5,1,0,1,0,credit_card,branch,south,retail,desktop,0,0,0,933,95.23,352,28,14,8,1,12,0.0242,0.8441,0.1559,0.2625,0.000545,1,173.28
2026-02-01,2,1,6,5,1,0,1,0,credit_card,branch,west,premium,desktop,0,0,0,661,89.05,217,26,14,5,1,6,0.0218,0.8552,0.1448,0.2572,0.000386,0,0.0
2026-02-01,2,1,6,5,1,0,1,0,credit_card,branch,west,retail,desktop,0,0,0,1040,87.62,563,33,11,6,3,6,0.0227,0.862,0.138,0.2737,0.000518,0,0.0
2026-02-01,2,1,6,5,1,0,1,0,credit_card,mobile_app,east,premium,android,1,0,0,2818,68.12,930,18,18,5,0,10,0.0212,0.8428,0.1572,0.5742,0.000517,0,0.0
2026-02-01,2,1,6,5,1,0,1,0,credit_card,mobile_app,east,retail,android,1,1,0,4616,34.18,2197,41,30,13,0,25,0.0243,0.8624,0.1376,0.625,0.000769,5,296.1
2026-02-01,2,1,6,5,1,0,1,0,credit_card,mobile_app,north,premium,ios,1,0,0,2563,97.44,1289,19,21,19,3,6,0.0277,0.8329,0.1671,0.41,0.000585,0,0.0
2026-02-01,2,1,6,5,1,0,1,0,credit_card,mobile_app,north,retail,android,1,1,0,4583,120.04,1490,35,28,11,0,20,0.0138,0.8556,0.1444,0.5982,0.000781,4,644.21
2026-02-01,2,1,6,5,1,0,1,0,credit_card,mobile_app,south,premium,android,1,0,0,2449,113.06,1091,23,13,10,2,10,0.0241,0.8592,0.1408,0.6451,0.000587,1,231.12
2026-02-01,2,1,6,5,1,0,1,0,credit_card,mobile_app,south,retail,ios,1,1,0,3954,101.01,2185,53,39,8,5,33,0.0143,0.85,0.15,0.4102,0.000883,5,682.74
2026-02-01,2,1,6,5,1,0,1,0,credit_card,mobile_app,west,premium,ios,1,0,0,2324,74.17,945,21,14,13,2,5,0.0157,0.8488,0.1512,0.4484,0.000648,0,0.0
2026-02-01,2,1,6,5,1,0,1,0,credit_card,mobile_app,west,retail,ios,1,1,0,4134,98.6,2422,30,21,8,3,18,0.0215,0.854,0.146,0.4207,0.00087,2,294.52
2026-02-01,2,1,6,5,1,0,1,0,credit_card,web,east,premium,desktop,1,0,0,1553,67.03,592,12,12,7,0,4,0.0217,0.8555,0.1445,0.3226,0.00046,0,23.17
2026-02-01,2,1,6,5,1,0,1,0,credit_card,web,east,retail,desktop,1,1,0,2089,60.42,772,26,21,3,0,9,0.0244,0.8452,0.1548,0.2787,0.000666,0,104.68
2026-02-01,2,1,6,5,1,0,1,0,credit_card,web,north,premium,desktop,1,0,0,1460,122.76,657,22,15,7,3,5,0.0247,0.8551,0.1449,0.2953,0.000518,0,73.99
2026-02-01,2,1,6,5,1,0,1,0,credit_card,web,north,retail,desktop,1,1,0,2123,90.51,632,31,13,6,2,12,0.013,0.8405,0.1595,0.3237,0.000702,4,530.06
2026-02-01,2,1,6,5,1,0,1,0,credit_card,web,south,premium,android,1,0,0,2170,155.2,873,18,15,6,1,6,0.025,0.8535,0.1465,0.4854,0.000543,2,356.64
2026-02-01,2,1,6,5,1,0,1,0,credit_card,web,south,retail,desktop,1,1,0,2393,52.3,750,25,13,8,4,8,0.0189,0.8522,0.1478,0.3727,0.000718,1,95.28
2026-02-01,2,1,6,5,1,0,1,0,credit_card,web,west,premium,desktop,1,0,0,1665,68.54,506,21,15,3,4,12,0.0194,0.8614,0.1386,0.3441,0.000568,1,132.2
2026-02-01,2,1,6,5,1,0,1,0,credit_card,web,west,retail,android,1,1,0,3397,81.92,2105,33,17,10,1,14,0.0266,0.8451,0.1549,0.551,0.000779,1,156.34
2026-02-01,2,1,6,5,1,0,1,0,debit_card,branch,east,premium,desktop,0,0,0,490,84.61,177,11,7,5,1,3,0.0151,0.8573,0.1427,0.2544,0.000265,0,0.0
2026-02-01,2,1,6,5,1,0,1,0,debit_card,branch,east,retail,desktop,0,0,0,744,44.68,276,32,12,5,3,2,0.0213,0.8658,0.1342,0.2496,0.000345,0,21.16
2026-02-01,2,1,6,5,1,0,1,0,debit_card,branch,north,premium,desktop,0,0,0,651,37.96,284,14,12,4,1,6,0.0257,0.8553,0.1447,0.2329,0.000272,1,0.0
2026-02-01,2,1,6,5,1,0,1,0,debit_card,branch,north,retail,desktop,0,0,0,733,39.47,332,32,12,5,0,7,0.022,0.8717,0.1283,0.2563,0.000378,1,31.94
2026-02-01,2,1,6,5,1,0,1,0,debit_card,branch,south,premium,desktop,0,0,0,396,49.7,230,12,11,2,3,4,0.0195,0.8541,0.1459,0.2157,0.000295,0,79.99
2026-02-01,2,1,6,5,1,0,1,0,debit_card,branch,south,retail,desktop,0,0,0,692,56.65,438,18,13,6,3,8,0.0169,0.8512,0.1488,0.2377,0.000407,0,0.0
2026-02-01,2,1,6,5,1,0,1,0,debit_card,branch,west,premium,desktop,0,0,0,539,59.33,227,21,14,9,1,6,0.0195,0.8643,0.1357,0.3432,0.000336,0,0.0
2026-02-01,2,1,6,5,1,0,1,0,debit_card,branch,west,retail,desktop,0,0,0,788,54.28,249,37,7,5,2,6,0.0199,0.8514,0.1486,0.2687,0.000426,1,145.99
2026-02-01,2,1,6,5,1,0,1,0,debit_card,mobile_app,east,premium,android,1,0,0,2177,65.78,812,20,25,8,2,18,0.0194,0.8557,0.1443,0.5865,0.00044,1,81.66
2026-02-01,2,1,6,5,1,0,1,0,debit_card,mobile_app,east,retail,android,1,1,0,3256,55.85,964,40,26,7,5,8,0.0259,0.8401,0.1599,0.5823,0.000624,1,66.58
2026-02-01,2,1,6,5,1,0,1,0,debit_card,mobile_app,north,premium,android,1,0,0,2646,53.8,1530,16,22,13,3,14,0.0199,0.8672,0.1328,0.6192,0.000459,3,150.88
2026-02-01,2,1,6,5,1,0,1,0,debit_card,mobile_app,north,retail,android,1,1,0,3179,70.88,1044,31,28,11,2,11,0.0154,0.8527,0.1473,0.6299,0.000645,2,110.42
2026-02-01,2,1,6,5,1,0,1,0,debit_card,mobile_app,south,premium,ios,1,0,0,1851,62.78,827,12,32,10,1,14,0.0154,0.847,0.153,0.4279,0.000489,0,0.0
2026-02-01,2,1,6,5,1,0,1,0,debit_card,mobile_app,south,retail,android,1,1,0,2845,67.0,1862,37,32,6,3,20,0.0118,0.8378,0.1622,0.6829,0.000664,4,181.84
2026-02-01,2,1,6,5,1,0,1,0,debit_card,mobile_app,west,premium,ios,1,0,0,2184,58.9,1364,16,26,8,2,21,0.0231,0.8508,0.1492,0.4513,0.000513,3,157.99
2026-02-01,2,1,6,5,1,0,1,0,debit_card,mobile_app,west,retail,android,1,1,0,3621,71.59,2030,35,30,13,3,30,0.0226,0.8362,0.1638,0.6165,0.000718,5,418.38
2026-02-01,2,1,6,5,1,0,1,0,debit_card,web,east,premium,android,1,0,0,2013,74.36,631,11,13,6,0,10,0.0152,0.844,0.156,0.4782,0.000369,2,189.4
2026-02-01,2,1,6,5,1,0,1,0,debit_card,web,east,retail,ios,1,1,0,2733,49.61,1118,25,15,4,1,9,0.0193,0.8516,0.1484,0.2946,0.000505,1,57.14
2026-02-01,2,1,6,5,1,0,1,0,debit_card,web,north,premium,desktop,1,0,0,1219,66.17,516,16,25,6,3,13,0.0133,0.8459,0.1541,0.3504,0.000384,0,5.77
2026-02-01,2,1,6,5,1,0,1,0,debit_card,web,north,retail,desktop,1,1,0,1784,93.83,1050,28,18,4,0,11,0.0227,0.8638,0.1362,0.2975,0.000553,2,180.8
2026-02-01,2,1,6,5,1,0,1,0,debit_card,web,south,premium,android,1,0,0,1834,41.14,609,17,18,11,4,10,0.019,0.8617,0.1383,0.4925,0.000432,1,34.91
2026-02-01,2,1,6,5,1,0,1,0,debit_card,web,south,retail,desktop,1,1,0,1565,78.55,948,26,18,5,3,11,0.0273,0.8509,0.1491,0.3179,0.000609,0,0.0
2026-02-01,2,1,6,5,1,0,1,0,debit_card,web,west,premium,ios,1,0,0,2110,58.29,640,17,14,7,0,10,0.0255,0.8535,0.1465,0.3022,0.00044,1,27.68
2026-02-01,2,1,6,5,1,0,1,0,debit_card,web,west,retail,android,1,1,0,3310,64.27,970,18,18,7,1,3,0.0226,0.883,0.117,0.5213,0.000596,0,0.0
2026-02-01,2,1,6,5,1,0,1,0,digital_wallet,branch,east,premium,desktop,0,0,0,364,67.81,129,13,7,4,1,4,0.0133,0.8568,0.1432,0.245,0.000384,0,0.0
2026-02-01,2,1,6,5,1,0,1,0,digital_wallet,branch,east,retail,desktop,0,0,0,646,35.74,346,19,13,3,0,15,0.0233,0.8624,0.1376,0.2546,0.000517,3,145.9
2026-02-01,2,1,6,5,1,0,1,0,digital_wallet,branch,north,premium,desktop,0,0,0,436,113.0,124,8,10,1,0,6,0.0273,0.8555,0.1445,0.2682,0.000385,1,68.26
2026-02-01,2,1,6,5,1,0,1,0,digital_wallet,branch,north,retail,desktop,0,0,0,620,50.77,195,28,10,8,2,4,0.0105,0.8648,0.1352,0.2848,0.00057,0,18.0
2026-02-01,2,1,6,5,1,0,1,0,digital_wallet,branch,south,premium,desktop,0,0,0,385,37.82,158,17,19,7,1,8,0.0155,0.8518,0.1482,0.2226,0.000433,0,14.88
2026-02-01,2,1,6,5,1,0,1,0,digital_wallet,branch,south,retail,desktop,0,0,0,646,36.6,226,18,12,6,1,8,0.0243,0.8521,0.1479,0.1785,0.000597,0,0.0
2026-02-01,2,1,6,5,1,0,1,0,digital_wallet,branch,west,premium,desktop,0,0,0,437,57.68,256,11,13,4,2,7,0.0193,0.8732,0.1268,0.2959,0.000455,0,0.0
2026-02-01,2,1,6,5,1,0,1,0,digital_wallet,branch,west,retail,desktop,0,0,0,744,86.07,372,25,12,6,2,8,0.0249,0.8395,0.1605,0.2488,0.000618,1,117.95
2026-02-01,2,1,6,5,1,0,1,0,digital_wallet,mobile_app,east,premium,android,1,0,0,2024,115.3,930,10,21,8,1,16,0.023,0.8654,0.1346,0.6083,0.000624,2,244.42
2026-02-01,2,1,6,5,1,0,1,0,digital_wallet,mobile_app,east,retail,ios,1,1,0,2802,52.1,1478,25,20,12,4,21,0.0236,0.8556,0.1444,0.4512,0.000898,4,202.19
2026-02-01,2,1,6,5,1,0,1,0,digital_wallet,mobile_app,north,premium,ios,1,0,0,1892,58.71,751,23,21,12,1,17,0.0167,0.8403,0.1597,0.3736,0.000635,4,265.49
2026-02-01,2,1,6,5,1,0,1,0,digital_wallet,mobile_app,north,retail,ios,1,1,0,2940,65.73,997,34,18,10,4,9,0.0221,0.8569,0.1431,0.355,0.000887,2,170.23
2026-02-01,2,1,6,5,1,0,1,0,digital_wallet,mobile_app,south,premium,android,1,0,0,2100,50.74,720,10,18,13,2,17,0.021,0.8659,0.1341,0.6389,0.00071,2,141.61
2026-02-01,2,1,6,5,1,0,1,0,digital_wallet,mobile_app,south,retail,ios,1,1,0,2315,57.15,827,28,30,13,2,25,0.022,0.8452,0.1548,0.4547,0.000998,3,129.77
2026-02-01,2,1,6,5,1,0,1,0,digital_wallet,mobile_app,west,premium,android,1,0,0,1959,33.14,829,19,19,5,3,8,0.024,0.8471,0.1529,0.6286,0.000737,1,46.99
2026-02-01,2,1,6,5,1,0,1,0,digital_wallet,mobile_app,west,retail,ios,1,1,0,2626,77.48,974,27,27,10,1,11,0.0248,0.8518,0.1482,0.4401,0.001068,0,76.89
2026-02-01,2,1,6,5,1,0,1,0,digital_wallet,web,east,premium,desktop,1,0,0,1107,75.66,356,10,9,9,1,6,0.0242,0.8529,0.1471,0.372,0.000521,1,95.6
2026-02-01,2,1,6,5,1,0,1,0,digital_wallet,web,east,retail,desktop,1,1,0,1730,44.86,794,24,19,6,4,12,0.0248,0.8512,0.1488,0.3728,0.000805,2,144.71
2026-02-01,2,1,6,5,1,0,1,0,digital_wallet,web,north,premium,desktop,1,0,0,1167,38.92,645,13,17,7,5,10,0.022,0.8524,0.1476,0.3303,0.000574,1,60.89
2026-02-01,2,1,6,5,1,0,1,0,digital_wallet,web,north,retail,ios,1,1,0,2628,36.65,1121,21,13,5,4,12,0.0242,0.8425,0.1575,0.3134,0.000814,3,134.12
2026-02-01,2,1,6,5,1,0,1,0,digital_wallet,web,south,premium,desktop,1,0,0,954,94.95,283,11,18,9,4,12,0.019,0.8544,0.1456,0.3708,0.000622,1,131.03
2026-02-01,2,1,6,5,1,0,1,0,digital_wallet,web,south,retail,desktop,1,1,0,1638,47.96,639,17,23,3,5,11,0.025,0.8655,0.1345,0.3346,0.000838,1,53.24
2026-02-01,2,1,6,5,1,0,1,0,digital_wallet,web,west,premium,desktop,1,0,0,1080,55.28,600,13,12,9,1,9,0.0177,0.857,0.143,0.3369,0.000629,1,84.5
2026-02-01,2,1,6,5,1,0,1,0,digital_wallet,web,west,retail,desktop,1,1,0,1790,61.33,634,22,21,6,3,16,0.0189,0.8501,0.1499,0.3425,0.000861,3,242.78
2026-02-02,2,2,0,6,0,0,0,0,credit_card,branch,east,premium,desktop,0,0,0,647,78.79,328,18,13,9,1,8,0.0178,0.8827,0.1173,0.2618,0.000342,0,0.0
2026-02-02,2,2,0,6,0,0,0,0,credit_card,branch,east,retail,desktop,0,0,0,1002,94.08,302,29,11,3,2,3,0.0099,0.8608,0.1392,0.2283,0.000447,0,0.0
2026-02-02,2,2,0,6,0,0,0,0,credit_card,branch,north,premium,desktop,0,0,0,697,40.81,416,21,7,9,1,2,0.0265,0.8655,0.1345,0.266,0.000353,0,0.0
2026-02-02,2,2,0,6,0,0,0,0,credit_card,branch,north,retail,desktop,0,0,0,956,81.56,342,35,11,5,1,7,0.0185,0.853,0.147,0.2031,0.000488,1,65.99
2026-02-02,2,2,0,6,0,0,0,0,credit_card,branch,south,premium,desktop,0,0,0,570,52.21,207,19,13,4,1,6,0.0199,0.8485,0.1515,0.2642,0.000362,0,49.43
2026-02-02,2,2,0,6,0,0,0,0,credit_card,branch,south,retail,desktop,0,0,0,884,35.92,381,33,8,2,0,5,0.0199,0.8558,0.1442,0.1993,0.00051,0,0.0
2026-02-02,2,2,0,6,0,0,0,0,credit_card,branch,west,premium,desktop,0,0,0,713,72.63,297,15,9,8,3,5,0.0183,0.8682,0.1318,0.3035,0.000361,1,0.0
2026-02-02,2,2,0,6,0,0,0,0,credit_card,branch,west,retail,desktop,0,0,0,1069,43.71,533,33,6,8,2,3,0.016,0.8628,0.1372,0.1988,0.000577,0,0.0
2026-02-02,2,2,0,6,0,0,0,0,credit_card,mobile_app,east,premium,ios,1,0,0,2962,68.04,1334,22,19,7,2,5,0.0293,0.8622,0.1378,0.3709,0.000542,1,106.95
2026-02-02,2,2,0,6,0,0,0,0,credit_card,mobile_app,east,retail,android,1,1,0,3935,90.72,1564,43,24,7,3,25,0.0156,0.862,0.138,0.6213,0.000763,6,669.47
2026-02-02,2,2,0,6,0,0,0,0,credit_card,mobile_app,north,premium,ios,1,0,0,2493,75.06,1591,20,26,11,3,15,0.0257,0.8463,0.1537,0.4457,0.000597,1,139.46
2026-02-02,2,2,0,6,0,0,0,0,credit_card,mobile_app,north,retail,android,1,1,0,4212,45.48,1565,31,20,9,2,10,0.0226,0.873,0.127,0.6036,0.000831,3,104.19
2026-02-02,2,2,0,6,0,0,0,0,credit_card,mobile_app,south,premium,ios,1,0,0,2594,50.45,1639,27,24,14,2,13,0.019,0.8532,0.1468,0.4074,0.000629,1,32.12
2026-02-02,2,2,0,6,0,0,0,0,credit_card,mobile_app,south,retail,android,1,1,0,3894,70.15,1159,55,33,10,6,40,0.0212,0.865,0.135,0.6146,0.000931,5,521.72
2026-02-02,2,2,0,6,0,0,0,0,credit_card,mobile_app,west,premium,ios,1,0,0,2437,72.33,1064,23,15,10,2,10,0.0166,0.8488,0.1512,0.4723,0.000622,1,87.14
2026-02-02,2,2,0,6,0,0,0,0,credit_card,mobile_app,west,retail,android,1,1,0,4484,92.77,1539,42,24,13,2,16,0.0202,0.8582,0.1418,0.5902,0.000931,4,392.61
2026-02-02,2,2,0,6,0,0,0,0,credit_card,web,east,premium,ios,1,0,0,2097,74.36,1256,17,9,9,3,2,0.0224,0.842,0.158,0.34,0.000459,0,0.0
2026-02-02,2,2,0,6,0,0,0,0,credit_card,web,east,retail,desktop,1,1,0,2563,45.85,989,33,15,6,0,11,0.0254,0.8648,0.1352,0.3154,0.000672,2,108.55
2026-02-02,2,2,0,6,0,0,0,0,credit_card,web,north,premium,desktop,1,0,0,1710,113.74,565,10,13,8,3,7,0.0139,0.8572,0.1428,0.3148,0.000494,0,0.0
2026-02-02,2,2,0,6,0,0,0,0,credit_card,web,north,retail,desktop,1,1,0,2239,69.64,1390,17,14,9,4,6,0.0194,0.8598,0.1402,0.3217,0.000664,0,0.0
2026-02-02,2,2,0,6,0,0,0,0,credit_card,web,south,premium,desktop,1,0,0,1613,58.21,564,16,12,9,3,5,0.0205,0.8564,0.1436,0.3562,0.000537,1,122.7
2026-02-02,2,2,0,6,0,0,0,0,credit_card,web,south,retail,desktop,1,1,0,2393,59.88,1341,25,15,6,4,13,0.0228,0.8642,0.1358,0.3256,0.000787,1,86.65
2026-02-02,2,2,0,6,0,0,0,0,credit_card,web,west,premium,desktop,1,0,0,1760,67.85,983,12,18,9,1,14,0.0139,0.8528,0.1472,0.3523,0.000557,2,201.1
2026-02-02,2,2,0,6,0,0,0,0,credit_card,web,west,retail,ios,1,1,0,3657,97.88,1828,25,13,11,1,23,0.0225,0.8414,0.1586,0.2807,0.000799,5,630.09
2026-02-02,2,2,0,6,0,0,0,0,debit_card,branch,east,premium,desktop,0,0,0,501,114.33,149,11,16,3,2,3,0.0219,0.8767,0.1233,0.2562,0.000259,0,0.0
2026-02-02,2,2,0,6,0,0,0,0,debit_card,branch,east,retail,desktop,0,0,0,933,57.6,275,33,12,2,1,7,0.0183,0.8492,0.1508,0.2775,0.000365,0,15.62
2026-02-02,2,2,0,6,0,0,0,0,debit_card,branch,north,premium,desktop,0,0,0,480,86.14,199,17,9,4,3,4,0.0222,0.8629,0.1371,0.2714,0.000262,0,46.94
2026-02-02,2,2,0,6,0,0,0,0,debit_card,branch,north,retail,desktop,0,0,0,864,48.05,338,21,13,5,1,5,0.0143,0.8631,0.1369,0.2293,0.000405,0,27.99
2026-02-02,2,2,0,6,0,0,0,0,debit_card,branch,south,premium,desktop,0,0,0,571,95.86,208,10,12,3,0,6,0.0197,0.8653,0.1347,0.2517,0.000295,1,121.84
2026-02-02,2,2,0,6,0,0,0,0,debit_card,branch,south,retail,desktop,0,0,0,863,76.66,285,28,8,2,1,5,0.0228,0.843,0.157,0.1935,0.000391,0,0.0
2026-02-02,2,2,0,6,0,0,0,0,debit_card,branch,west,premium,desktop,0,0,0,559,34.57,239,16,10,2,2,2,0.0224,0.8533,0.1467,0.1926,0.00029,0,9.88
2026-02-02,2,2,0,6,0,0,0,0,debit_card,branch,west,retail,desktop,0,0,0,966,76.32,555,26,8,1,2,4,0.0152,0.8576,0.1424,0.212,0.000407,0,84.64
2026-02-02,2,2,0,6,0,0,0,0,debit_card,mobile_app,east,premium,ios,1,0,0,2316,61.6,1531,17,19,11,4,17,0.0135,0.8521,0.1479,0.457,0.000425,3,192.13
2026-02-02,2,2,0,6,0,0,0,0,debit_card,mobile_app,east,retail,ios,1,1,0,3789,37.14,1556,32,35,9,0,17,0.0239,0.8499,0.1501,0.4381,0.000634,1,0.0
2026-02-02,2,2,0,6,0,0,0,0,debit_card,mobile_app,north,premium,android,1,0,0,2375,48.74,1019,17,23,9,2,11,0.0175,0.8684,0.1316,0.6444,0.00045,2,79.02
2026-02-02,2,2,0,6,0,0,0,0,debit_card,mobile_app,north,retail,android,1,1,0,3227,39.39,1515,29,21,12,4,30,0.0224,0.8571,0.1429,0.6173,0.000641,4,183.04
2026-02-02,2,2,0,6,0,0,0,0,debit_card,mobile_app,south,premium,ios,1,0,0,1902,74.98,745,18,14,11,5,11,0.0137,0.8765,0.1235,0.426,0.000481,2,308.21
2026-02-02,2,2,0,6,0,0,0,0,debit_card,mobile_app,south,retail,android,1,1,0,3190,50.74,2046,34,29,7,0,23,0.0153,0.8465,0.1535,0.6033,0.000677,3,136.7
2026-02-02,2,2,0,6,0,0,0,0,debit_card,mobile_app,west,premium,ios,1,0,0,2515,46.22,1025,18,21,11,2,15,0.0185,0.8582,0.1418,0.4521,0.000519,1,50.71
2026-02-02,2,2,0,6,0,0,0,0,debit_card,mobile_app,west,retail,ios,1,1,0,3379,62.23,1057,28,29,12,2,12,0.018,0.858,0.142,0.4731,0.000729,2,146.26
2026-02-02,2,2,0,6,0,0,0,0,debit_card,web,east,premium,desktop,1,0,0,1376,69.05,703,10,11,9,2,7,0.0226,0.8396,0.1604,0.368,0.00038,0,12.35
2026-02-02,2,2,0,6,0,0,0,0,debit_card,web,east,retail,desktop,1,1,0,1938,52.55,716,11,12,4,1,5,0.0099,0.8537,0.1463,0.2806,0.000497,0,71.37
2026-02-02,2,2,0,6,0,0,0,0,debit_card,web,north,premium,desktop,1,0,0,1142,59.1,687,14,15,6,3,10,0.0258,0.8699,0.1301,0.3676,0.0004,2,124.9
2026-02-02,2,2,0,6,0,0,0,0,debit_card,web,north,retail,ios,1,1,0,2668,33.33,1097,31,27,4,4,14,0.0177,0.85,0.15,0.3465,0.000544,2,83.96
2026-02-02,2,2,0,6,0,0,0,0,debit_card,web,south,premium,desktop,1,0,0,1304,85.55,835,13,12,8,3,8,0.0234,0.8256,0.1744,0.3007,0.000413,0,0.0
2026-02-02,2,2,0,6,0,0,0,0,debit_card,web,south,retail,ios,1,1,0,2631,76.89,985,21,15,4,1,11,0.015,0.8815,0.1185,0.309,0.000583,2,232.0
2026-02-02,2,2,0,6,0,0,0,0,debit_card,web,west,premium,desktop,1,0,0,1638,54.4,589,11,11,7,3,9,0.0207,0.8475,0.1525,0.3069,0.000424,1,62.31
2026-02-02,2,2,0,6,0,0,0,0,debit_card,web,west,retail,android,1,1,0,3516,44.63,1549,29,14,4,1,4,0.0212,0.8489,0.1511,0.522,0.000582,0,0.0
2026-02-02,2,2,0,6,0,0,0,0,digital_wallet,branch,east,premium,desktop,0,0,0,431,69.93,144,8,14,6,3,4,0.0177,0.8536,0.1464,0.2474,0.000394,0,0.0
2026-02-02,2,2,0,6,0,0,0,0,digital_wallet,branch,east,retail,desktop,0,0,0,744,49.71,396,23,11,4,0,6,0.0243,0.8463,0.1537,0.1907,0.000525,0,0.0
2026-02-02,2,2,0,6,0,0,0,0,digital_wallet,branch,north,premium,desktop,0,0,0,499,70.14,295,9,11,5,1,2,0.0175,0.852,0.148,0.3062,0.000374,0,46.5
2026-02-02,2,2,0,6,0,0,0,0,digital_wallet,branch,north,retail,desktop,0,0,0,651,29.82,247,15,8,6,4,4,0.0188,0.8703,0.1297,0.3026,0.000552,0,17.0
2026-02-02,2,2,0,6,0,0,0,0,digital_wallet,branch,south,premium,desktop,0,0,0,427,61.08,265,12,15,8,2,4,0.0244,0.8342,0.1658,0.2461,0.000426,0,0.0
2026-02-02,2,2,0,6,0,0,0,0,digital_wallet,branch,south,retail,desktop,0,0,0,623,57.91,216,15,9,6,4,4,0.0129,0.873,0.127,0.2787,0.000591,0,0.0
2026-02-02,2,2,0,6,0,0,0,0,digital_wallet,branch,west,premium,desktop,0,0,0,519,93.7,254,10,8,7,2,5,0.0261,0.8684,0.1316,0.3059,0.000458,0,0.0
2026-02-02,2,2,0,6,0,0,0,0,digital_wallet,branch,west,retail,desktop,0,0,0,668,149.24,368,23,10,5,2,5,0.0297,0.846,0.154,0.203,0.000632,0,37.08
2026-02-02,2,2,0,6,0,0,0,0,digital_wallet,mobile_app,east,premium,ios,1,0,0,1893,42.05,956,19,23,15,4,17,0.0192,0.8526,0.1474,0.3894,0.000677,1,53.29
2026-02-02,2,2,0,6,0,0,0,0,digital_wallet,mobile_app,east,retail,android,1,1,0,2709,51.34,1226,27,25,18,3,23,0.0257,0.8737,0.1263,0.6039,0.000885,4,163.69
2026-02-02,2,2,0,6,0,0,0,0,digital_wallet,mobile_app,north,premium,android,1,0,0,1816,43.38,640,18,21,3,3,8,0.0178,0.8563,0.1437,0.6198,0.000624,0,48.55
2026-02-02,2,2,0,6,0,0,0,0,digital_wallet,mobile_app,north,retail,android,1,1,0,3039,59.95,1578,20,26,8,1,25,0.0169,0.8617,0.1383,0.6066,0.000937,5,315.1
2026-02-02,2,2,0,6,0,0,0,0,digital_wallet,mobile_app,south,premium,android,1,0,0,1902,36.26,775,15,14,7,1,8,0.0167,0.8636,0.1364,0.5902,0.000741,0,0.0
2026-02-02,2,2,0,6,0,0,0,0,digital_wallet,mobile_app,south,retail,android,1,1,0,2254,51.27,1079,25,26,8,5,12,0.0215,0.8459,0.1541,0.5908,0.000975,2,126.99
2026-02-02,2,2,0,6,0,0,0,0,digital_wallet,mobile_app,west,premium,ios,1,0,0,2070,52.7,904,17,20,11,5,14,0.0176,0.8721,0.1279,0.4293,0.00071,2,119.09
2026-02-02,2,2,0,6,0,0,0,0,digital_wallet,mobile_app,west,retail,ios,1,1,0,2833,66.19,889,32,24,9,3,28,0.0206,0.8733,0.1267,0.4854,0.001065,4,209.65
2026-02-02,2,2,0,6,0,0,0,0,digital_wallet,web,east,premium,desktop,1,0,0,1055,77.66,394,8,17,7,1,8,0.0231,0.8707,0.1293,0.3232,0.00053,0,4.12
2026-02-02,2,2,0,6,0,0,0,0,digital_wallet,web,east,retail,android,1,1,0,2359,60.51,775,27,21,8,4,6,0.0153,0.8436,0.1564,0.5225,0.000792,0,0.0
2026-02-02,2,2,0,6,0,0,0,0,digital_wallet,web,north,premium,android,1,0,0,1666,74.02,546,18,19,6,1,9,0.0247,0.8808,0.1192,0.509,0.000551,0,4.96
2026-02-02,2,2,0,6,0,0,0,0,digital_wallet,web,north,retail,desktop,1,1,0,1770,53.15,1009,11,22,7,3,16,0.0228,0.8609,0.1391,0.3088,0.000784,1,90.78
2026-02-02,2,2,0,6,0,0,0,0,digital_wallet,web,south,premium,desktop,1,0,0,1011,98.43,437,12,14,11,2,3,0.0263,0.8679,0.1321,0.3525,0.00061,0,0.0
2026-02-02,2,2,0,6,0,0,0,0,digital_wallet,web,south,retail,android,1,1,0,2313,47.19,1222,19,17,8,3,16,0.0198,0.8589,0.1411,0.4952,0.000835,2,48.9
2026-02-02,2,2,0,6,0,0,0,0,digital_wallet,web,west,premium,desktop,1,0,0,1320,94.42,418,9,21,8,1,8,0.0207,0.8647,0.1353,0.3353,0.000598,0,18.81
2026-02-02,2,2,0,6,0,0,0,0,digital_wallet,web,west,retail,desktop,1,1,0,1699,94.8,634,28,26,12,1,18,0.017,0.8638,0.1362,0.3224,0.000896,3,278.4
2026-02-03,2,3,1,6,0,0,0,0,credit_card,branch,east,premium,desktop,0,0,0,628,68.87,366,17,14,3,0,6,0.0184,0.8563,0.1437,0.1891,0.000312,0,48.86
2026-02-03,2,3,1,6,0,0,0,0,credit_card,branch,east,retail,desktop,0,0,0,816,130.2,468,29,8,2,1,4,0.0223,0.8539,0.1461,0.2227,0.000465,0,0.0
2026-02-03,2,3,1,6,0,0,0,0,credit_card,branch,north,premium,desktop,0,0,0,708,110.28,211,21,9,5,1,2,0.0204,0.8565,0.1435,0.2242,0.00034,0,0.0
2026-02-03,2,3,1,6,0,0,0,0,credit_card,branch,north,retail,desktop,0,0,0,821,101.17,384,37,12,6,1,8,0.0205,0.851,0.149,0.2612,0.000493,1,168.19
2026-02-03,2,3,1,6,0,0,0,0,credit_card,branch,south,premium,desktop,0,0,0,552,68.89,263,26,7,8,2,4,0.0186,0.8564,0.1436,0.1999,0.000378,0,49.66
2026-02-03,2,3,1,6,0,0,0,0,credit_card,branch,south,retail,desktop,0,0,0,935,111.43,475,31,10,5,1,14,0.0137,0.8572,0.1428,0.2842,0.000502,2,390.14
2026-02-03,2,3,1,6,0,0,0,0,credit_card,branch,west,premium,desktop,0,0,0,725,113.36,246,14,8,2,1,3,0.0142,0.8757,0.1243,0.2981,0.000373,0,0.0
2026-02-03,2,3,1,6,0,0,0,0,credit_card,branch,west,retail,desktop,0,0,0,1027,96.49,595,36,8,9,2,1,0.0179,0.8708,0.1292,0.2198,0.000547,0,8.52
2026-02-03,2,3,1,6,0,0,0,0,credit_card,mobile_app,east,premium,android,1,0,0,2993,71.68,1623,27,22,9,2,13,0.0177,0.87,0.13,0.5563,0.000553,0,0.0
2026-02-03,2,3,1,6,0,0,0,0,credit_card,mobile_app,east,retail,android,1,1,0,4298,88.62,1360,37,22,3,9,35,0.0192,0.8538,0.1462,0.5982,0.000745,10,1264.49
2026-02-03,2,3,1,6,0,0,0,0,credit_card,mobile_app,north,premium,ios,1,0,0,2377,72.47,1263,24,18,10,3,3,0.018,0.8551,0.1449,0.3747,0.000608,0,0.0
2026-02-03,2,3,1,6,0,0,0,0,credit_card,mobile_app,north,retail,ios,1,1,0,4129,70.7,2021,39,19,11,2,16,0.0276,0.8611,0.1389,0.4392,0.000789,3,280.53
2026-02-03,2,3,1,6,0,0,0,0,credit_card,mobile_app,south,premium,ios,1,0,0,2616,46.9,781,16,19,11,0,9,0.0212,0.8526,0.1474,0.4678,0.000625,2,84.42
2026-02-03,2,3,1,6,0,0,0,0,credit_card,mobile_app,south,retail,ios,1,1,0,3822,67.49,1648,42,40,11,1,17,0.0169,0.8658,0.1342,0.45,0.000848,3,277.7
2026-02-03,2,3,1,6,0,0,0,0,credit_card,mobile_app,west,premium,android,1,0,0,2925,57.24,1381,17,33,8,0,22,0.0204,0.8587,0.1413,0.6147,0.000653,1,60.19
2026-02-03,2,3,1,6,0,0,0,0,credit_card,mobile_app,west,retail,ios,1,1,0,3861,27.96,2355,39,22,12,7,19,0.0207,0.8527,0.1473,0.4572,0.000951,4,97.56
2026-02-03,2,3,1,6,0,0,0,0,credit_card,web,east,premium,ios,1,0,0,2291,64.23,852,15,12,8,1,7,0.015,0.8534,0.1466,0.3219,0.00046,1,112.71
2026-02-03,2,3,1,6,0,0,0,0,credit_card,web,east,retail,desktop,1,1,0,3027,55.74,1187,27,16,8,3,8,0.0238,0.8642,0.1358,0.3796,0.00068,0,0.0
2026-02-03,2,3,1,6,0,0,0,0,credit_card,web,north,premium,desktop,1,0,0,1208,64.56,369,26,15,4,2,6,0.019,0.8389,0.1611,0.3236,0.000481,0,34.77
2026-02-03,2,3,1,6,0,0,0,0,credit_card,web,north,retail,ios,1,1,0,3698,44.13,2324,37,18,2,3,9,0.0289,0.8658,0.1342,0.3295,0.000674,2,130.1
2026-02-03,2,3,1,6,0,0,0,0,credit_card,web,south,premium,desktop,1,0,0,1741,49.9,568,11,13,10,4,9,0.022,0.8594,0.1406,0.3509,0.000552,2,95.3
2026-02-03,2,3,1,6,0,0,0,0,credit_card,web,south,retail,desktop,1,1,0,2329,101.49,794,26,20,4,2,11,0.0198,0.8457,0.1543,0.2726,0.000765,3,418.69
2026-02-03,2,3,1,6,0,0,0,0,credit_card,web,west,premium,desktop,1,0,0,1705,33.26,534,17,17,5,1,14,0.0163,0.8565,0.1435,0.3157,0.000568,2,134.71
2026-02-03,2,3,1,6,0,0,0,0,credit_card,web,west,retail,desktop,1,1,0,2632,94.26,787,31,27,5,1,27,0.0221,0.8678,0.1322,0.298,0.000776,4,498.68
2026-02-03,2,3,1,6,0,0,0,0,debit_card,branch,east,premium,desktop,0,0,0,582,102.19,168,14,7,7,2,6,0.0173,0.8714,0.1286,0.2976,0.000264,1,162.78
2026-02-03,2,3,1,6,0,0,0,0,debit_card,branch,east,retail,desktop,0,0,0,715,50.09,290,34,9,6,1,3,0.0225,0.8625,0.1375,0.2669,0.000357,0,0.0
2026-02-03,2,3,1,6,0,0,0,0,debit_card,branch,north,premium,desktop,0,0,0,531,41.92,343,17,8,4,0,2,0.0204,0.8675,0.1325,0.2641,0.000256,0,0.0
2026-02-03,2,3,1,6,0,0,0,0,debit_card,branch,north,retail,desktop,0,0,0,979,90.42,590,21,3,6,3,2,0.0182,0.8499,0.1501,0.2549,0.000368,0,58.03
2026-02-03,2,3,1,6,0,0,0,0,debit_card,branch,south,premium,desktop,0,0,0,457,58.35,154,14,11,5,5,5,0.0344,0.8615,0.1385,0.2764,0.000293,0,8.35
2026-02-03,2,3,1,6,0,0,0,0,debit_card,branch,south,retail,desktop,0,0,0,893,43.11,286,28,14,2,1,3,0.0235,0.8376,0.1624,0.2465,0.000403,0,24.95
2026-02-03,2,3,1,6,0,0,0,0,debit_card,branch,west,premium,desktop,0,0,0,521,53.9,148,13,10,5,0,6,0.022,0.8609,0.1391,0.263,0.000307,0,0.0
2026-02-03,2,3,1,6,0,0,0,0,debit_card,branch,west,retail,desktop,0,0,0,792,57.01,236,31,10,5,1,6,0.0193,0.8587,0.1413,0.2797,0.000423,1,27.62
2026-02-03,2,3,1,6,0,0,0,0,debit_card,mobile_app,east,premium,ios,1,0,0,2443,78.66,845,14,17,10,1,7,0.0191,0.8665,0.1335,0.4623,0.000428,0,20.53
2026-02-03,2,3,1,6,0,0,0,0,debit_card,mobile_app,east,retail,android,1,1,0,3747,106.82,1277,27,19,8,2,8,0.0159,0.8612,0.1388,0.6118,0.00063,0,51.16
2026-02-03,2,3,1,6,0,0,0,0,debit_card,mobile_app,north,premium,android,1,0,0,2200,38.88,1077,17,25,15,4,9,0.0219,0.8559,0.1441,0.628,0.000449,0,7.09
2026-02-03,2,3,1,6,0,0,0,0,debit_card,mobile_app,north,retail,ios,1,1,0,3607,63.04,1198,36,16,13,2,11,0.0199,0.8582,0.1418,0.4083,0.000624,2,79.72
2026-02-03,2,3,1,6,0,0,0,0,debit_card,mobile_app,south,premium,android,1,0,0,2358,46.13,1092,26,20,11,1,10,0.0235,0.846,0.154,0.6021,0.000473,2,51.6
2026-02-03,2,3,1,6,0,0,0,0,debit_card,mobile_app,south,retail,ios,1,1,0,3160,72.74,1277,37,27,10,6,18,0.0174,0.8672,0.1328,0.4028,0.000682,3,245.45
2026-02-03,2,3,1,6,0,0,0,0,debit_card,mobile_app,west,premium,android,1,0,0,2870,32.95,1478,19,22,12,0,5,0.0251,0.873,0.127,0.6531,0.00051,0,0.0
2026-02-03,2,3,1,6,0,0,0,0,debit_card,mobile_app,west,retail,android,1,1,0,3710,46.93,1196,34,23,11,2,19,0.0158,0.8636,0.1364,0.5948,0.000728,2,108.51
2026-02-03,2,3,1,6,0,0,0,0,debit_card,web,east,premium,desktop,1,0,0,1296,68.42,457,19,14,11,1,9,0.021,0.8602,0.1398,0.2955,0.000372,1,83.81
2026-02-03,2,3,1,6,0,0,0,0,debit_card,web,east,retail,desktop,1,1,0,1814,43.37,571,28,20,10,4,18,0.0274,0.8628,0.1372,0.332,0.000533,2,51.8
2026-02-03,2,3,1,6,0,0,0,0,debit_card,web,north,premium,desktop,1,0,0,1368,52.71,747,13,14,3,2,9,0.0175,0.8616,0.1384,0.3135,0.000354,0,0.0
2026-02-03,2,3,1,6,0,0,0,0,debit_card,web,north,retail,desktop,1,1,0,1856,49.54,739,31,15,4,1,9,0.0241,0.8609,0.1391,0.3337,0.000544,0,0.0
2026-02-03,2,3,1,6,0,0,0,0,debit_card,web,south,premium,android,1,0,0,2129,74.92,618,19,16,5,1,7,0.0227,0.832,0.168,0.4959,0.000403,0,10.46
2026-02-03,2,3,1,6,0,0,0,0,debit_card,web,south,retail,android,1,1,0,3281,203.86,1119,21,15,8,0,21,0.0213,0.8493,0.1507,0.4379,0.000553,4,1034.18
2026-02-03,2,3,1,6,0,0,0,0,debit_card,web,west,premium,desktop,1,0,0,1537,39.94,854,18,12,8,2,5,0.0205,0.8427,0.1573,0.3475,0.000407,0,30.82
2026-02-03,2,3,1,6,0,0,0,0,debit_card,web,west,retail,desktop,1,1,0,2027,60.75,1322,34,17,5,4,15,0.0176,0.8499,0.1501,0.3514,0.000599,3,114.02
2026-02-03,2,3,1,6,0,0,0,0,digital_wallet,branch,east,premium,desktop,0,0,0,439,61.49,129,15,7,0,1,2,0.0202,0.8593,0.1407,0.2718,0.000353,0,42.28
2026-02-03,2,3,1,6,0,0,0,0,digital_wallet,branch,east,retail,desktop,0,0,0,654,43.77,409,35,6,6,2,3,0.0152,0.8559,0.1441,0.2013,0.000513,1,37.14
2026-02-03,2,3,1,6,0,0,0,0,digital_wallet,branch,north,premium,desktop,0,0,0,416,71.08,169,11,12,4,1,6,0.0223,0.8595,0.1405,0.2003,0.000403,1,48.28
2026-02-03,2,3,1,6,0,0,0,0,digital_wallet,branch,north,retail,desktop,0,0,0,760,48.58,360,22,8,7,0,5,0.0219,0.8475,0.1525,0.2263,0.000534,0,0.0
2026-02-03,2,3,1,6,0,0,0,0,digital_wallet,branch,south,premium,desktop,0,0,0,434,51.74,214,8,7,6,1,3,0.0199,0.86,0.14,0.2137,0.000413,0,0.0
2026-02-03,2,3,1,6,0,0,0,0,digital_wallet,branch,south,retail,desktop,0,0,0,694,53.15,303,32,12,5,1,9,0.0131,0.881,0.119,0.2223,0.000613,1,68.07
2026-02-03,2,3,1,6,0,0,0,0,digital_wallet,branch,west,premium,desktop,0,0,0,482,64.79,150,10,9,11,1,2,0.0146,0.8523,0.1477,0.3152,0.00046,0,0.0
2026-02-03,2,3,1,6,0,0,0,0,digital_wallet,branch,west,retail,desktop,0,0,0,679,68.48,256,25,12,4,5,6,0.0149,0.8576,0.1424,0.2675,0.000618,1,32.16
2026-02-03,2,3,1,6,0,0,0,0,digital_wallet,mobile_app,east,premium,ios,1,0,0,1838,160.27,883,18,17,12,3,10,0.0163,0.8507,0.1493,0.4244,0.000616,1,164.54
2026-02-03,2,3,1,6,0,0,0,0,digital_wallet,mobile_app,east,retail,android,1,1,0,2446,54.58,1325,40,22,14,1,16,0.014,0.8668,0.1332,0.5445,0.000857,2,72.28
2026-02-03,2,3,1,6,0,0,0,0,digital_wallet,mobile_app,north,premium,android,1,0,0,1745,34.74,649,19,19,16,1,10,0.0208,0.8612,0.1388,0.6162,0.000618,2,104.93
2026-02-03,2,3,1,6,0,0,0,0,digital_wallet,mobile_app,north,retail,ios,1,1,0,2983,58.16,1518,37,24,9,4,14,0.0113,0.8684,0.1316,0.4365,0.000886,3,149.19
2026-02-03,2,3,1,6,0,0,0,0,digital_wallet,mobile_app,south,premium,android,1,0,0,1869,139.77,794,6,17,10,4,13,0.016,0.86,0.14,0.6771,0.000661,2,214.28
2026-02-03,2,3,1,6,0,0,0,0,digital_wallet,mobile_app,south,retail,android,1,1,0,2731,78.33,802,35,27,5,3,24,0.0215,0.8598,0.1402,0.6272,0.000952,3,225.82
2026-02-03,2,3,1,6,0,0,0,0,digital_wallet,mobile_app,west,premium,android,1,0,0,1999,80.15,1305,15,22,11,2,13,0.0125,0.855,0.145,0.569,0.000757,1,75.07
2026-02-03,2,3,1,6,0,0,0,0,digital_wallet,mobile_app,west,retail,android,1,1,0,2640,87.83,797,35,21,15,3,12,0.0217,0.8695,0.1305,0.6355,0.00103,2,212.62
2026-02-03,2,3,1,6,0,0,0,0,digital_wallet,web,east,premium,android,1,0,0,1775,49.87,608,5,15,7,2,9,0.0234,0.8696,0.1304,0.4892,0.000541,2,147.45
2026-02-03,2,3,1,6,0,0,0,0,digital_wallet,web,east,retail,desktop,1,1,0,1660,45.26,526,24,16,6,3,13,0.0195,0.8586,0.1414,0.3486,0.000736,1,98.64
2026-02-03,2,3,1,6,0,0,0,0,digital_wallet,web,north,premium,android,1,0,0,1632,138.72,965,17,21,8,1,9,0.0188,0.8472,0.1528,0.436,0.000584,0,0.0
2026-02-03,2,3,1,6,0,0,0,0,digital_wallet,web,north,retail,ios,1,1,0,2386,55.36,1185,21,17,4,2,20,0.0196,0.8601,0.1399,0.356,0.000783,3,170.73
2026-02-03,2,3,1,6,0,0,0,0,digital_wallet,web,south,premium,desktop,1,0,0,1043,80.17,398,13,16,8,3,8,0.0169,0.8762,0.1238,0.3994,0.000634,0,0.0
2026-02-03,2,3,1,6,0,0,0,0,digital_wallet,web,south,retail,desktop,1,1,0,1433,111.47,614,24,20,6,4,11,0.0149,0.86,0.14,0.2599,0.000919,2,174.94
2026-02-03,2,3,1,6,0,0,0,0,digital_wallet,web,west,premium,desktop,1,0,0,1224,81.72,462,6,15,5,1,14,0.0202,0.8596,0.1404,0.2951,0.000585,2,169.19
2026-02-03,2,3,1,6,0,0,0,0,digital_wallet,web,west,retail,desktop,1,1,0,1646,61.24,592,24,16,6,4,12,0.0197,0.8558,0.1442,0.3422,0.00089,1,115.48
2026-02-04,2,4,2,6,0,0,0,0,credit_card,branch,east,premium,desktop,0,0,0,704,131.58,296,16,9,5,2,5,0.02,0.8582,0.1418,0.2883,0.000321,0,0.0
2026-02-04,2,4,2,6,0,0,0,0,credit_card,branch,east,retail,desktop,0,0,0,843,72.14,358,31,8,4,1,3,0.0211,0.8532,0.1468,0.2647,0.000459,0,0.0
2026-02-04,2,4,2,6,0,0,0,0,credit_card,branch,north,premium,desktop,0,0,0,631,32.07,227,14,9,7,3,4,0.0194,0.8605,0.1395,0.2627,0.000353,0,0.0
2026-02-04,2,4,2,6,0,0,0,0,credit_card,branch,north,retail,desktop,0,0,0,1145,94.19,395,42,16,10,2,3,0.0216,0.8551,0.1449,0.2614,0.000483,0,2.87
2026-02-04,2,4,2,6,0,0,0,0,credit_card,branch,south,premium,desktop,0,0,0,544,50.16,190,17,8,4,2,2,0.0238,0.8682,0.1318,0.2223,0.000357,0,14.58
2026-02-04,2,4,2,6,0,0,0,0,credit_card,branch,south,retail,desktop,0,0,0,995,70.43,346,28,12,4,1,11,0.0073,0.8778,0.1222,0.2387,0.000511,2,113.79
2026-02-04,2,4,2,6,0,0,0,0,credit_card,branch,west,premium,desktop,0,0,0,758,57.62,243,15,8,2,0,5,0.0247,0.8792,0.1208,0.2563,0.000378,1,125.29
2026-02-04,2,4,2,6,0,0,0,0,credit_card,branch,west,retail,desktop,0,0,0,1069,51.25,497,27,6,6,3,3,0.0115,0.8648,0.1352,0.2637,0.000521,0,40.67
2026-02-04,2,4,2,6,0,0,0,0,credit_card,mobile_app,east,premium,ios,1,0,0,2558,54.54,1216,20,23,10,1,19,0.0185,0.8528,0.1472,0.4779,0.000539,2,137.82
2026-02-04,2,4,2,6,0,0,0,0,credit_card,mobile_app,east,retail,android,1,1,0,3793,44.65,1605,40,26,10,2,18,0.0202,0.8573,0.1427,0.6048,0.000797,3,49.1
2026-02-04,2,4,2,6,0,0,0,0,credit_card,mobile_app,north,premium,ios,1,0,0,2908,37.34,942,34,28,7,1,25,0.015,0.8578,0.1422,0.4277,0.000574,2,95.71
2026-02-04,2,4,2,6,0,0,0,0,credit_card,mobile_app,north,retail,android,1,1,0,3736,42.57,1450,44,27,14,0,25,0.0183,0.8908,0.1092,0.6109,0.000806,5,314.89
2026-02-04,2,4,2,6,0,0,0,0,credit_card,mobile_app,south,premium,android,1,0,0,2854,85.25,1606,20,16,10,3,17,0.0149,0.8414,0.1586,0.5834,0.000635,3,285.05
2026-02-04,2,4,2,6,0,0,0,0,credit_card,mobile_app,south,retail,android,1,1,0,3542,81.25,1269,47,23,10,3,10,0.012,0.8866,0.1134,0.6111,0.000866,1,127.62
2026-02-04,2,4,2,6,0,0,0,0,credit_card,mobile_app,west,premium,ios,1,0,0,3241,80.24,953,25,29,10,2,14,0.0236,0.8576,0.1424,0.375,0.000609,0,26.48
2026-02-04,2,4,2,6,0,0,0,0,credit_card,mobile_app,west,retail,ios,1,1,0,4375,62.94,1381,45,20,6,9,13,0.0217,0.8611,0.1389,0.4304,0.00088,3,211.32
2026-02-04,2,4,2,6,0,0,0,0,credit_card,web,east,premium,ios,1,0,0,2231,72.75,1397,24,15,9,3,15,0.0183,0.8753,0.1247,0.3032,0.000481,2,317.85
2026-02-04,2,4,2,6,0,0,0,0,credit_card,web,east,retail,android,1,1,0,3828,79.2,1217,30,14,8,0,9,0.0151,0.8637,0.1363,0.4721,0.000653,1,109.46
2026-02-04,2,4,2,6,0,0,0,0,credit_card,web,north,premium,desktop,1,0,0,1572,110.63,528,14,11,8,1,5,0.0166,0.8549,0.1451,0.3181,0.000489,1,135.13
2026-02-04,2,4,2,6,0,0,0,0,credit_card,web,north,retail,desktop,1,1,0,2205,34.48,1464,38,16,13,4,21,0.0191,0.8712,0.1288,0.3198,0.000708,4,156.87
2026-02-04,2,4,2,6,0,0,0,0,credit_card,web,south,premium,ios,1,0,0,2226,39.92,699,19,7,5,3,1,0.017,0.8714,0.1286,0.3382,0.000495,0,0.0
2026-02-04,2,4,2,6,0,0,0,0,credit_card,web,south,retail,desktop,1,1,0,2270,52.7,805,29,16,10,1,12,0.019,0.861,0.139,0.2785,0.000738,2,134.04
2026-02-04,2,4,2,6,0,0,0,0,credit_card,web,west,premium,desktop,1,0,0,1961,55.7,1274,12,15,5,2,12,0.0182,0.8422,0.1578,0.3392,0.000568,1,129.43
2026-02-04,2,4,2,6,0,0,0,0,credit_card,web,west,retail,desktop,1,1,0,2653,35.38,1141,35,14,4,2,16,0.0198,0.8551,0.1449,0.3409,0.000762,2,56.03
2026-02-04,2,4,2,6,0,0,0,0,debit_card,branch,east,premium,desktop,0,0,0,514,29.45,178,8,7,10,2,4,0.0219,0.856,0.144,0.2675,0.000272,0,6.3
2026-02-04,2,4,2,6,0,0,0,0,debit_card,branch,east,retail,desktop,0,0,0,841,69.34,471,35,7,5,1,7,0.0177,0.8641,0.1359,0.2355,0.000359,1,64.4
2026-02-04,2,4,2,6,0,0,0,0,debit_card,branch,north,premium,desktop,0,0,0,569,48.64,197,13,13,7,1,3,0.0222,0.861,0.139,0.2691,0.000277,0,47.86
2026-02-04,2,4,2,6,0,0,0,0,debit_card,branch,north,retail,desktop,0,0,0,894,55.91,293,37,14,9,1,7,0.0188,0.8707,0.1293,0.254,0.00037,0,0.0
2026-02-04,2,4,2,6,0,0,0,0,debit_card,branch,south,premium,desktop,0,0,0,606,49.68,356,13,9,8,1,3,0.0164,0.8552,0.1448,0.218,0.000285,0,0.0
2026-02-04,2,4,2,6,0,0,0,0,debit_card,branch,south,retail,desktop,0,0,0,840,81.46,296,19,11,4,0,2,0.0245,0.8556,0.1444,0.2665,0.000407,0,31.13
2026-02-04,2,4,2,6,0,0,0,0,debit_card,branch,west,premium,desktop,0,0,0,618,76.63,269,14,16,4,1,4,0.0185,0.8574,0.1426,0.257,0.000305,0,15.67
2026-02-04,2,4,2,6,0,0,0,0,debit_card,branch,west,retail,desktop,0,0,0,809,31.37,544,23,8,4,1,2,0.0136,0.865,0.135,0.2825,0.000427,0,0.02
2026-02-04,2,4,2,6,0,0,0,0,debit_card,mobile_app,east,premium,android,1,0,0,2197,46.13,1040,26,19,5,1,4,0.0162,0.8542,0.1458,0.6105,0.000427,0,0.34
2026-02-04,2,4,2,6,0,0,0,0,debit_card,mobile_app,east,retail,android,1,1,0,3136,47.16,1299,32,28,12,1,28,0.0184,0.876,0.124,0.6267,0.000624,3,155.39
2026-02-04,2,4,2,6,0,0,0,0,debit_card,mobile_app,north,premium,android,1,0,0,2549,80.85,1268,29,25,16,2,13,0.0154,0.859,0.141,0.6142,0.000454,2,240.58
2026-02-04,2,4,2,6,0,0,0,0,debit_card,mobile_app,north,retail,android,1,1,0,3613,42.48,2185,39,22,9,1,16,0.0242,0.8632,0.1368,0.5839,0.000641,2,128.72
2026-02-04,2,4,2,6,0,0,0,0,debit_card,mobile_app,south,premium,android,1,0,0,2203,87.27,923,19,21,13,2,6,0.024,0.8821,0.1179,0.6482,0.000496,0,0.0
2026-02-04,2,4,2,6,0,0,0,0,debit_card,mobile_app,south,retail,ios,1,1,0,3290,45.27,2058,39,19,5,4,18,0.0192,0.8598,0.1402,0.4486,0.000702,6,327.73
2026-02-04,2,4,2,6,0,0,0,0,debit_card,mobile_app,west,premium,ios,1,0,0,2947,32.9,1254,23,24,3,2,16,0.0185,0.8428,0.1572,0.4257,0.00049,2,22.5
2026-02-04,2,4,2,6,0,0,0,0,debit_card,mobile_app,west,retail,ios,1,1,0,3864,90.32,2369,33,23,12,4,18,0.0238,0.8468,0.1532,0.464,0.000693,2,184.09
2026-02-04,2,4,2,6,0,0,0,0,debit_card,web,east,premium,desktop,1,0,0,1625,85.44,582,15,12,8,0,4,0.0182,0.8591,0.1409,0.3079,0.000376,0,6.94
2026-02-04,2,4,2,6,0,0,0,0,debit_card,web,east,retail,android,1,1,0,2925,76.95,942,25,5,7,3,6,0.0218,0.856,0.144,0.4793,0.000505,2,199.63
2026-02-04,2,4,2,6,0,0,0,0,debit_card,web,north,premium,desktop,1,0,0,1503,66.25,595,16,16,6,2,7,0.0198,0.8638,0.1362,0.3028,0.000389,2,89.92
2026-02-04,2,4,2,6,0,0,0,0,debit_card,web,north,retail,android,1,1,0,3305,73.12,1409,25,20,4,3,7,0.0192,0.8608,0.1392,0.4942,0.000538,1,78.58
2026-02-04,2,4,2,6,0,0,0,0,debit_card,web,south,premium,desktop,1,0,0,1156,88.94,411,10,12,8,2,10,0.0148,0.8699,0.1301,0.3657,0.000416,1,143.74
2026-02-04,2,4,2,6,0,0,0,0,debit_card,web,south,retail,desktop,1,1,0,1796,33.35,901,26,15,5,2,11,0.02,0.858,0.142,0.3278,0.000595,2,25.46
2026-02-04,2,4,2,6,0,0,0,0,debit_card,web,west,premium,desktop,1,0,0,1475,73.29,574,15,16,3,0,10,0.0202,0.857,0.143,0.3363,0.000438,2,169.92
2026-02-04,2,4,2,6,0,0,0,0,debit_card,web,west,retail,desktop,1,1,0,2239,62.8,1054,26,16,10,2,13,0.0133,0.8722,0.1278,0.3103,0.000627,2,149.81
2026-02-04,2,4,2,6,0,0,0,0,digital_wallet,branch,east,premium,desktop,0,0,0,417,57.04,153,12,9,5,0,3,0.0204,0.8607,0.1393,0.2682,0.000369,0,0.0
2026-02-04,2,4,2,6,0,0,0,0,digital_wallet,branch,east,retail,desktop,0,0,0,754,47.18,251,17,13,4,1,4,0.0219,0.8721,0.1279,0.2468,0.000487,0,44.48
2026-02-04,2,4,2,6,0,0,0,0,digital_wallet,branch,north,premium,desktop,0,0,0,401,48.45,156,17,6,6,2,3,0.0128,0.8631,0.1369,0.1991,0.000385,0,0.0
2026-02-04,2,4,2,6,0,0,0,0,digital_wallet,branch,north,retail,desktop,0,0,0,620,69.31,270,17,11,1,2,8,0.0231,0.855,0.145,0.2427,0.000531,2,114.01
2026-02-04,2,4,2,6,0,0,0,0,digital_wallet,branch,south,premium,desktop,0,0,0,365,54.69,155,13,13,10,1,5,0.0277,0.864,0.136,0.2488,0.000417,0,0.0
2026-02-04,2,4,2,6,0,0,0,0,digital_wallet,branch,south,retail,desktop,0,0,0,613,42.63,273,23,8,3,2,2,0.0256,0.8756,0.1244,0.2047,0.000585,0,2.3
2026-02-04,2,4,2,6,0,0,0,0,digital_wallet,branch,west,premium,desktop,0,0,0,542,49.93,146,11,10,2,0,5,0.0175,0.8539,0.1461,0.2772,0.000433,1,27.09
2026-02-04,2,4,2,6,0,0,0,0,digital_wallet,branch,west,retail,desktop,0,0,0,661,43.62,300,24,18,6,4,8,0.0223,0.8506,0.1494,0.2494,0.000653,0,12.05
2026-02-04,2,4,2,6,0,0,0,0,digital_wallet,mobile_app,east,premium,android,1,0,0,2120,72.56,766,11,25,9,2,31,0.0234,0.8636,0.1364,0.609,0.00063,5,508.97
2026-02-04,2,4,2,6,0,0,0,0,digital_wallet,mobile_app,east,retail,android,1,1,0,3145,108.08,1471,36,26,11,1,23,0.0266,0.875,0.125,0.6167,0.000881,4,398.99
2026-02-04,2,4,2,6,0,0,0,0,digital_wallet,mobile_app,north,premium,android,1,0,0,1892,54.3,1006,11,20,7,1,6,0.0192,0.849,0.151,0.5905,0.000644,1,31.84
2026-02-04,2,4,2,6,0,0,0,0,digital_wallet,mobile_app,north,retail,ios,1,1,0,2688,37.64,991,22,30,20,2,17,0.0164,0.8572,0.1428,0.4744,0.000952,3,133.19
2026-02-04,2,4,2,6,0,0,0,0,digital_wallet,mobile_app,south,premium,android,1,0,0,2048,48.73,734,14,16,9,3,16,0.0149,0.8583,0.1417,0.5756,0.000726,2,57.23
2026-02-04,2,4,2,6,0,0,0,0,digital_wallet,mobile_app,south,retail,android,1,1,0,3011,67.02,1517,27,24,4,3,9,0.02,0.8587,0.1413,0.6061,0.000987,1,81.06
2026-02-04,2,4,2,6,0,0,0,0,digital_wallet,mobile_app,west,premium,ios,1,0,0,1883,75.96,826,18,21,12,1,10,0.0194,0.8704,0.1296,0.4233,0.000727,1,98.47
2026-02-04,2,4,2,6,0,0,0,0,digital_wallet,mobile_app,west,retail,ios,1,1,0,3007,70.29,1187,27,21,7,4,24,0.0189,0.8534,0.1466,0.3863,0.001035,5,230.9
2026-02-04,2,4,2,6,0,0,0,0,digital_wallet,web,east,premium,desktop,1,0,0,1075,67.08,331,15,11,7,1,10,0.021,0.8539,0.1461,0.3363,0.000517,1,81.77
2026-02-04,2,4,2,6,0,0,0,0,digital_wallet,web,east,retail,ios,1,1,0,2334,75.34,1057,22,15,11,3,19,0.0216,0.8626,0.1374,0.3262,0.000775,4,262.31
2026-02-04,2,4,2,6,0,0,0,0,digital_wallet,web,north,premium,ios,1,0,0,1548,57.92,573,11,14,7,1,5,0.0188,0.8628,0.1372,0.2762,0.000551,0,66.14
2026-02-04,2,4,2,6,0,0,0,0,digital_wallet,web,north,retail,desktop,1,1,0,1747,60.74,607,27,17,11,5,16,0.0135,0.8675,0.1325,0.275,0.000803,3,243.4
2026-02-04,2,4,2,6,0,0,0,0,digital_wallet,web,south,premium,desktop,1,0,0,1039,95.75,538,12,11,7,4,5,0.0285,0.858,0.142,0.2843,0.000608,0,4.97
2026-02-04,2,4,2,6,0,0,0,0,digital_wallet,web,south,retail,desktop,1,1,0,1480,47.79,785,20,19,7,2,9,0.0255,0.8652,0.1348,0.3296,0.000826,0,0.0
2026-02-04,2,4,2,6,0,0,0,0,digital_wallet,web,west,premium,desktop,1,0,0,1165,60.5,626,10,18,8,2,12,0.0171,0.8632,0.1368,0.3418,0.00066,0,9.31
2026-02-04,2,4,2,6,0,0,0,0,digital_wallet,web,west,retail,android,1,1,0,2678,31.35,1690,26,14,8,1,18,0.0231,0.8808,0.1192,0.5102,0.000871,3,94.81
2026-02-05,2,5,3,6,0,0,0,0,credit_card,branch,east,premium,desktop,0,0,0,641,83.85,377,9,8,5,2,1,0.0192,0.8433,0.1567,0.2029,0.00031,0,0.0
2026-02-05,2,5,3,6,0,0,0,0,credit_card,branch,east,retail,desktop,0,0,0,1003,157.01,607,25,12,4,1,9,0.022,0.8526,0.1474,0.2023,0.00046,1,240.54
2026-02-05,2,5,3,6,0,0,0,0,credit_card,branch,north,premium,desktop,0,0,0,651,27.29,204,17,12,7,1,7,0.0224,0.851,0.149,0.2722,0.000346,0,51.17
2026-02-05,2,5,3,6,0,0,0,0,credit_card,branch,north,retail,desktop,0,0,0,952,60.45,303,38,9,10,1,3,0.0271,0.8567,0.1433,0.1932,0.00047,0,5.8
2026-02-05,2,5,3,6,0,0,0,0,credit_card,branch,south,premium,desktop,0,0,0,593,77.74,354,29,9,5,0,4,0.0206,0.8522,0.1478,0.1795,0.000365,0,28.54
2026-02-05,2,5,3,6,0,0,0,0,credit_card,branch,south,retail,desktop,0,0,0,982,38.94,350,27,10,6,2,5,0.0199,0.8576,0.1424,0.2277,0.000529,1,0.0
2026-02-05,2,5,3,6,0,0,0,0,credit_card,branch,west,premium,desktop,0,0,0,721,59.69,332,15,12,7,2,9,0.0168,0.8536,0.1464,0.2783,0.000383,1,76.9
2026-02-05,2,5,3,6,0,0,0,0,credit_card,branch,west,retail,desktop,0,0,0,1044,43.6,535,32,5,2,1,5,0.0231,0.8604,0.1396,0.3021,0.00051,1,82.21
2026-02-05,2,5,3,6,0,0,0,0,credit_card,mobile_app,east,premium,ios,1,0,0,2888,60.26,1477,17,16,15,1,7,0.0237,0.8555,0.1445,0.4276,0.000534,1,91.74
2026-02-05,2,5,3,6,0,0,0,0,credit_card,mobile_app,east,retail,android,1,1,0,3842,44.1,1657,36,25,6,3,14,0.0137,0.8541,0.1459,0.5995,0.000746,2,66.74
2026-02-05,2,5,3,6,0,0,0,0,credit_card,mobile_app,north,premium,android,1,0,0,2884,65.09,1716,29,23,12,1,7,0.0213,0.8591,0.1409,0.6513,0.000548,1,136.26
2026-02-05,2,5,3,6,0,0,0,0,credit_card,mobile_app,north,retail,android,1,1,0,4726,103.29,3060,44,29,10,3,37,0.0237,0.8646,0.1354,0.6048,0.000863,6,616.8
2026-02-05,2,5,3,6,0,0,0,0,credit_card,mobile_app,south,premium,ios,1,0,0,2429,78.59,1029,23,31,12,0,18,0.0158,0.8811,0.1189,0.4411,0.000607,2,240.62
2026-02-05,2,5,3,6,0,0,0,0,credit_card,mobile_app,south,retail,android,1,1,0,4834,90.91,1690,52,23,16,0,19,0.0241,0.8373,0.1627,0.6124,0.000859,5,686.13
2026-02-05,2,5,3,6,0,0,0,0,credit_card,mobile_app,west,premium,ios,1,0,0,3101,126.23,1085,31,12,13,3,5,0.0269,0.8366,0.1634,0.3918,0.000648,1,168.97
2026-02-05,2,5,3,6,0,0,0,0,credit_card,mobile_app,west,retail,android,1,1,0,4312,109.5,1375,45,25,6,2,20,0.0186,0.8562,0.1438,0.6182,0.000877,5,514.2
2026-02-05,2,5,3,6,0,0,0,0,credit_card,web,east,premium,android,1,0,0,2601,49.88,780,16,27,4,5,21,0.0236,0.8406,0.1594,0.5813,0.000472,1,98.11
2026-02-05,2,5,3,6,0,0,0,0,credit_card,web,east,retail,desktop,1,1,0,2786,74.61,1073,26,18,3,2,26,0.0141,0.8672,0.1328,0.3256,0.000655,6,702.67
2026-02-05,2,5,3,6,0,0,0,0,credit_card,web,north,premium,desktop,1,0,0,1674,60.87,1094,17,8,6,2,5,0.0206,0.8704,0.1296,0.3378,0.000497,1,37.71
2026-02-05,2,5,3,6,0,0,0,0,credit_card,web,north,retail,ios,1,1,0,3785,69.18,1174,34,16,3,4,9,0.0236,0.8695,0.1305,0.3578,0.000672,1,132.14
2026-02-05,2,5,3,6,0,0,0,0,credit_card,web,south,premium,ios,1,0,0,2397,57.42,852,16,19,9,0,12,0.0211,0.8604,0.1396,0.3015,0.000545,1,79.31
2026-02-05,2,5,3,6,0,0,0,0,credit_card,web,south,retail,desktop,1,1,0,1972,71.54,1133,32,16,8,1,17,0.0228,0.847,0.153,0.3514,0.000718,3,298.76
2026-02-05,2,5,3,6,0,0,0,0,credit_card,web,west,premium,desktop,1,0,0,1513,63.32,528,9,14,7,0,8,0.0165,0.8784,0.1216,0.3509,0.000563,1,67.01
2026-02-05,2,5,3,6,0,0,0,0,credit_card,web,west,retail,android,1,1,0,3404,35.5,1399,35,21,9,2,10,0.0217,0.8664,0.1336,0.4968,0.000783,2,61.5
2026-02-05,2,5,3,6,0,0,0,0,debit_card,branch,east,premium,desktop,0,0,0,582,69.4,253,16,10,8,0,4,0.018,0.8651,0.1349,0.2456,0.000261,0,0.0
2026-02-05,2,5,3,6,0,0,0,0,debit_card,branch,east,retail,desktop,0,0,0,776,55.46,236,21,13,2,2,5,0.02,0.8631,0.1369,0.2564,0.000383,0,32.24
2026-02-05,2,5,3,6,0,0,0,0,debit_card,branch,north,premium,desktop,0,0,0,510,64.38,245,14,16,4,0,8,0.0204,0.8668,0.1332,0.3153,0.000276,0,0.0
2026-02-05,2,5,3,6,0,0,0,0,debit_card,branch,north,retail,desktop,0,0,0,911,45.2,359,26,10,8,0,6,0.0201,0.8648,0.1352,0.2629,0.00036,1,48.74
2026-02-05,2,5,3,6,0,0,0,0,debit_card,branch,south,premium,desktop,0,0,0,533,94.83,204,14,11,3,0,7,0.0177,0.8469,0.1531,0.2768,0.000286,1,22.31
2026-02-05,2,5,3,6,0,0,0,0,debit_card,branch,south,retail,desktop,0,0,0,743,35.27,330,18,13,5,1,7,0.0259,0.8548,0.1452,0.2455,0.00041,1,10.65
2026-02-05,2,5,3,6,0,0,0,0,debit_card,branch,west,premium,desktop,0,0,0,599,47.27,375,17,6,9,1,3,0.0258,0.8509,0.1491,0.2749,0.000309,0,22.24
2026-02-05,2,5,3,6,0,0,0,0,debit_card,branch,west,retail,desktop,0,0,0,917,58.98,329,30,9,2,2,5,0.0244,0.8814,0.1186,0.2686,0.000417,0,16.4
2026-02-05,2,5,3,6,0,0,0,0,debit_card,mobile_app,east,premium,ios,1,0,0,2488,111.18,1650,20,29,6,1,6,0.024,0.8591,0.1409,0.4978,0.000422,0,3.08
2026-02-05,2,5,3,6,0,0,0,0,debit_card,mobile_app,east,retail,ios,1,1,0,4046,38.24,2421,39,24,8,3,16,0.0245,0.8604,0.1396,0.4127,0.000601,2,55.96
2026-02-05,2,5,3,6,0,0,0,0,debit_card,mobile_app,north,premium,ios,1,0,0,2552,71.55,804,12,22,9,0,16,0.0209,0.8539,0.1461,0.4418,0.000474,3,186.84
2026-02-05,2,5,3,6,0,0,0,0,debit_card,mobile_app,north,retail,ios,1,1,0,3733,83.5,1406,40,22,11,1,5,0.0223,0.8574,0.1426,0.4451,0.000594,0,7.7
2026-02-05,2,5,3,6,0,0,0,0,debit_card,mobile_app,south,premium,ios,1,0,0,2552,54.82,786,17,18,11,0,4,0.0136,0.8549,0.1451,0.4821,0.000462,0,43.68
2026-02-05,2,5,3,6,0,0,0,0,debit_card,mobile_app,south,retail,android,1,1,0,3273,81.97,1010,42,18,15,1,11,0.0196,0.8596,0.1404,0.6217,0.000704,3,263.49
2026-02-05,2,5,3,6,0,0,0,0,debit_card,mobile_app,west,premium,android,1,0,0,2182,53.26,1027,15,17,15,3,21,0.0229,0.8364,0.1636,0.6334,0.000511,5,246.81
2026-02-05,2,5,3,6,0,0,0,0,debit_card,mobile_app,west,retail,ios,1,1,0,3810,86.2,1367,26,24,11,0,11,0.0184,0.8419,0.1581,0.4445,0.000685,2,104.5
2026-02-05,2,5,3,6,0,0,0,0,debit_card,web,east,premium,desktop,1,0,0,1443,31.03,512,3,9,10,0,3,0.0185,0.8622,0.1378,0.2572,0.000359,0,0.0
2026-02-05,2,5,3,6,0,0,0,0,debit_card,web,east,retail,desktop,1,1,0,1678,81.73,765,22,18,4,1,13,0.029,0.8597,0.1403,0.3133,0.000494,2,149.29
2026-02-05,2,5,3,6,0,0,0,0,debit_card,web,north,premium,desktop,1,0,0,1241,54.01,723,10,14,5,1,13,0.0149,0.8561,0.1439,0.3203,0.000379,3,194.94
2026-02-05,2,5,3,6,0,0,0,0,debit_card,web,north,retail,desktop,1,1,0,2037,60.89,1343,33,17,10,2,8,0.021,0.868,0.132,0.3448,0.000536,1,29.45
2026-02-05,2,5,3,6,0,0,0,0,debit_card,web,south,premium,desktop,1,0,0,1325,59.34,768,15,13,4,1,10,0.0109,0.8545,0.1455,0.3409,0.000404,2,69.29
2026-02-05,2,5,3,6,0,0,0,0,debit_card,web,south,retail,ios,1,1,0,3001,56.03,1089,37,16,11,2,20,0.0234,0.8593,0.1407,0.3468,0.000575,3,139.26
2026-02-05,2,5,3,6,0,0,0,0,debit_card,web,west,premium,desktop,1,0,0,1423,54.56,848,8,9,5,0,11,0.0182,0.8624,0.1376,0.3465,0.000409,2,132.57
2026-02-05,2,5,3,6,0,0,0,0,debit_card,web,west,retail,desktop,1,1,0,1973,42.23,1005,28,14,8,1,10,0.0193,0.845,0.155,0.3529,0.000633,2,126.67
2026-02-05,2,5,3,6,0,0,0,0,digital_wallet,branch,east,premium,desktop,0,0,0,476,69.59,171,14,10,5,0,2,0.0222,0.862,0.138,0.2528,0.000373,0,0.0
2026-02-05,2,5,3,6,0,0,0,0,digital_wallet,branch,east,retail,desktop,0,0,0,637,56.15,223,19,9,4,4,5,0.0188,0.8721,0.1279,0.2429,0.000519,0,47.84
2026-02-05,2,5,3,6,0,0,0,0,digital_wallet,branch,north,premium,desktop,0,0,0,445,55.58,275,11,9,7,1,4,0.0293,0.8658,0.1342,0.2409,0.000374,0,19.36
2026-02-05,2,5,3,6,0,0,0,0,digital_wallet,branch,north,retail,desktop,0,0,0,697,73.89,313,22,13,5,4,4,0.0173,0.8536,0.1464,0.2822,0.000545,0,8.21
2026-02-05,2,5,3,6,0,0,0,0,digital_wallet,branch,south,premium,desktop,0,0,0,449,86.18,227,14,18,3,0,7,0.0145,0.8497,0.1503,0.2472,0.00041,0,0.0
2026-02-05,2,5,3,6,0,0,0,0,digital_wallet,branch,south,retail,desktop,0,0,0,711,62.53,261,21,12,2,1,3,0.0188,0.8584,0.1416,0.2683,0.000591,0,0.0
2026-02-05,2,5,3,6,0,0,0,0,digital_wallet,branch,west,premium,desktop,0,0,0,516,46.61,171,11,10,1,3,6,0.0176,0.8634,0.1366,0.3106,0.000415,0,0.0
2026-02-05,2,5,3,6,0,0,0,0,digital_wallet,branch,west,retail,desktop,0,0,0,845,71.57,360,26,16,4,2,9,0.0173,0.8304,0.1696,0.2703,0.000604,2,107.33
2026-02-05,2,5,3,6,0,0,0,0,digital_wallet,mobile_app,east,premium,ios,1,0,0,1646,61.89,804,10,19,10,1,10,0.025,0.8562,0.1438,0.4376,0.00062,2,99.19
2026-02-05,2,5,3,6,0,0,0,0,digital_wallet,mobile_app,east,retail,android,1,1,0,3023,55.03,1260,32,22,14,3,18,0.0192,0.8512,0.1488,0.6334,0.000852,6,414.99
2026-02-05,2,5,3,6,0,0,0,0,digital_wallet,mobile_app,north,premium,ios,1,0,0,1969,73.24,1145,10,23,9,5,9,0.0241,0.8717,0.1283,0.44,0.000681,0,0.0
2026-02-05,2,5,3,6,0,0,0,0,digital_wallet,mobile_app,north,retail,ios,1,1,0,2609,62.07,1619,36,19,10,2,13,0.017,0.8699,0.1301,0.4302,0.000914,2,151.87
2026-02-05,2,5,3,6,0,0,0,0,digital_wallet,mobile_app,south,premium,android,1,0,0,1949,38.63,1117,11,19,5,2,10,0.0163,0.8635,0.1365,0.6305,0.000672,0,0.0
2026-02-05,2,5,3,6,0,0,0,0,digital_wallet,mobile_app,south,retail,ios,1,1,0,2601,88.19,1381,26,21,12,2,28,0.0147,0.8531,0.1469,0.4565,0.001025,4,487.62
2026-02-05,2,5,3,6,0,0,0,0,digital_wallet,mobile_app,west,premium,android,1,0,0,2309,55.88,715,13,23,9,6,10,0.0213,0.8543,0.1457,0.6518,0.000716,2,115.84
2026-02-05,2,5,3,6,0,0,0,0,digital_wallet,mobile_app,west,retail,android,1,1,0,3437,32.91,2114,33,21,9,3,22,0.0225,0.8573,0.1427,0.638,0.000981,4,136.18
2026-02-05,2,5,3,6,0,0,0,0,digital_wallet,web,east,premium,android,1,0,0,1627,58.01,499,10,22,9,1,13,0.03,0.8491,0.1509,0.4402,0.000529,1,28.8
2026-02-05,2,5,3,6,0,0,0,0,digital_wallet,web,east,retail,desktop,1,1,0,1565,72.84,480,14,21,6,3,16,0.0237,0.8463,0.1537,0.2904,0.000759,1,92.14
2026-02-05,2,5,3,6,0,0,0,0,digital_wallet,web,north,premium,desktop,1,0,0,989,39.62,391,13,6,6,2,2,0.0204,0.8569,0.1431,0.3467,0.000529,0,0.0
2026-02-05,2,5,3,6,0,0,0,0,digital_wallet,web,north,retail,ios,1,1,0,2500,79.93,958,22,17,6,2,13,0.0204,0.8621,0.1379,0.3451,0.000823,1,35.94
2026-02-05,2,5,3,6,0,0,0,0,digital_wallet,web,south,premium,desktop,1,0,0,1043,50.63,675,6,14,4,1,10,0.0157,0.8586,0.1414,0.2756,0.000566,1,45.68
2026-02-05,2,5,3,6,0,0,0,0,digital_wallet,web,south,retail,desktop,1,1,0,1524,56.0,640,24,11,7,4,15,0.0187,0.8608,0.1392,0.3347,0.000834,3,209.88
2026-02-05,2,5,3,6,0,0,0,0,digital_wallet,web,west,premium,android,1,0,0,1740,90.74,627,12,10,10,2,11,0.0214,0.8786,0.1214,0.5391,0.000613,2,78.16
2026-02-05,2,5,3,6,0,0,0,0,digital_wallet,web,west,retail,ios,1,1,0,2531,87.88,1226,11,17,6,3,13,0.0282,0.8672,0.1328,0.3311,0.000875,2,201.96
2026-02-06,2,6,4,6,0,0,0,0,credit_card,branch,east,premium,desktop,0,0,0,642,112.02,182,15,6,4,3,1,0.0217,0.8599,0.1401,0.2283,0.000326,0,0.0
2026-02-06,2,6,4,6,0,0,0,0,credit_card,branch,east,retail,desktop,0,0,0,1021,115.75,317,33,9,5,1,7,0.0239,0.851,0.149,0.2675,0.000462,1,143.03
2026-02-06,2,6,4,6,0,0,0,0,credit_card,branch,north,premium,desktop,0,0,0,672,106.56,222,14,7,5,1,4,0.0285,0.866,0.134,0.2322,0.00033,0,13.45
2026-02-06,2,6,4,6,0,0,0,0,credit_card,branch,north,retail,desktop,0,0,0,1035,62.2,375,33,11,3,0,6,0.0241,0.8566,0.1434,0.2013,0.000465,1,10.46
2026-02-06,2,6,4,6,0,0,0,0,credit_card,branch,south,premium,desktop,0,0,0,711,45.93,328,16,9,2,0,13,0.0203,0.8518,0.1482,0.2478,0.000358,2,122.93
2026-02-06,2,6,4,6,0,0,0,0,credit_card,branch,south,retail,desktop,0,0,0,1017,75.96,316,46,7,4,1,5,0.0156,0.8503,0.1497,0.2599,0.000515,1,111.85
2026-02-06,2,6,4,6,0,0,0,0,credit_card,branch,west,premium,desktop,0,0,0,687,56.66,270,15,8,4,0,3,0.0258,0.8786,0.1214,0.2425,0.000376,0,0.0
2026-02-06,2,6,4,6,0,0,0,0,credit_card,branch,west,retail,desktop,0,0,0,1017,201.78,421,29,12,4,2,13,0.0148,0.8713,0.1287,0.2853,0.000578,2,543.89
2026-02-06,2,6,4,6,0,0,0,0,credit_card,mobile_app,east,premium,ios,1,0,0,2276,98.22,1157,22,25,16,2,14,0.0173,0.8566,0.1434,0.4283,0.000548,1,65.69
2026-02-06,2,6,4,6,0,0,0,0,credit_card,mobile_app,east,retail,ios,1,1,0,3948,51.36,2595,40,21,11,2,17,0.024,0.8585,0.1415,0.4182,0.00076,1,105.71
2026-02-06,2,6,4,6,0,0,0,0,credit_card,mobile_app,north,premium,android,1,0,0,2784,48.07,854,18,17,10,3,19,0.0261,0.8543,0.1457,0.6271,0.000592,2,148.81
2026-02-06,2,6,4,6,0,0,0,0,credit_card,mobile_app,north,retail,android,1,1,0,4191,34.44,1438,50,38,15,6,33,0.0226,0.8502,0.1498,0.6151,0.000867,3,86.96
2026-02-06,2,6,4,6,0,0,0,0,credit_card,mobile_app,south,premium,android,1,0,0,3184,65.87,1056,18,27,6,1,18,0.0228,0.8608,0.1392,0.5906,0.00062,2,201.14
2026-02-06,2,6,4,6,0,0,0,0,credit_card,mobile_app,south,retail,android,1,1,0,3930,48.41,2194,32,23,5,5,10,0.0235,0.8555,0.1445,0.5828,0.000868,1,22.29
2026-02-06,2,6,4,6,0,0,0,0,credit_card,mobile_app,west,premium,ios,1,0,0,2794,31.43,1187,23,19,15,3,9,0.0241,0.8678,0.1322,0.3998,0.00062,0,36.08
2026-02-06,2,6,4,6,0,0,0,0,credit_card,mobile_app,west,retail,android,1,1,0,4439,157.89,1433,33,27,13,3,37,0.0188,0.8615,0.1385,0.6154,0.0009,7,1202.33
2026-02-06,2,6,4,6,0,0,0,0,credit_card,web,east,premium,desktop,1,0,0,1549,46.56,730,19,24,6,0,12,0.0179,0.8562,0.1438,0.343,0.000467,0,28.11
2026-02-06,2,6,4,6,0,0,0,0,credit_card,web,east,retail,desktop,1,1,0,2380,92.15,1170,21,15,7,0,8,0.0189,0.86,0.14,0.3061,0.000628,1,188.58
2026-02-06,2,6,4,6,0,0,0,0,credit_card,web,north,premium,desktop,1,0,0,1382,84.33,540,18,14,11,0,7,0.0213,0.8638,0.1362,0.3232,0.00051,0,12.9
2026-02-06,2,6,4,6,0,0,0,0,credit_card,web,north,retail,android,1,1,0,3351,105.96,1467,33,23,6,2,13,0.0217,0.8967,0.1033,0.5484,0.000696,3,364.02
2026-02-06,2,6,4,6,0,0,0,0,credit_card,web,south,premium,desktop,1,0,0,1547,59.68,473,17,16,5,2,3,0.0234,0.865,0.135,0.3209,0.000532,0,42.11
2026-02-06,2,6,4,6,0,0,0,0,credit_card,web,south,retail,desktop,1,1,0,2389,86.72,1099,31,16,3,3,13,0.0167,0.8457,0.1543,0.2829,0.000765,3,447.17
2026-02-06,2,6,4,6,0,0,0,0,credit_card,web,west,premium,desktop,1,0,0,2006,80.14,1042,19,10,8,1,8,0.0219,0.8781,0.1219,0.3608,0.000554,1,60.65
2026-02-06,2,6,4,6,0,0,0,0,credit_card,web,west,retail,desktop,1,1,0,2563,86.68,1079,28,18,4,3,7,0.0153,0.8613,0.1387,0.2807,0.000761,1,95.23
2026-02-06,2,6,4,6,0,0,0,0,debit_card,branch,east,premium,desktop,0,0,0,551,38.75,221,8,10,5,1,4,0.0192,0.851,0.149,0.2375,0.000255,0,6.84
2026-02-06,2,6,4,6,0,0,0,0,debit_card,branch,east,retail,desktop,0,0,0,777,74.74,340,36,8,9,1,4,0.0126,0.8671,0.1329,0.2649,0.000374,0,0.0
2026-02-06,2,6,4,6,0,0,0,0,debit_card,branch,north,premium,desktop,0,0,0,488,88.34,152,8,10,2,0,6,0.0252,0.8562,0.1438,0.194,0.000267,0,0.0
2026-02-06,2,6,4,6,0,0,0,0,debit_card,branch,north,retail,desktop,0,0,0,828,45.28,296,22,10,3,4,5,0.0196,0.8668,0.1332,0.2033,0.000373,1,16.31
2026-02-06,2,6,4,6,0,0,0,0,debit_card,branch,south,premium,desktop,0,0,0,475,73.63,181,15,9,9,1,6,0.024,0.8664,0.1336,0.2488,0.00029,1,86.89
2026-02-06,2,6,4,6,0,0,0,0,debit_card,branch,south,retail,desktop,0,0,0,922,75.06,361,25,11,4,0,7,0.0166,0.8632,0.1368,0.2333,0.000406,0,36.74
2026-02-06,2,6,4,6,0,0,0,0,debit_card,branch,west,premium,desktop,0,0,0,697,65.3,301,13,10,5,1,5,0.019,0.8586,0.1414,0.2344,0.000281,1,52.87
2026-02-06,2,6,4,6,0,0,0,0,debit_card,branch,west,retail,desktop,0,0,0,973,82.51,279,26,12,6,3,9,0.0255,0.8743,0.1257,0.2517,0.000426,2,196.7
2026-02-06,2,6,4,6,0,0,0,0,debit_card,mobile_app,east,premium,ios,1,0,0,2082,101.03,810,25,22,11,1,8,0.022,0.858,0.142,0.4128,0.000447,0,0.0
2026-02-06,2,6,4,6,0,0,0,0,debit_card,mobile_app,east,retail,ios,1,1,0,3748,49.23,1450,44,15,13,5,16,0.0179,0.8559,0.1441,0.4114,0.00063,2,99.98
2026-02-06,2,6,4,6,0,0,0,0,debit_card,mobile_app,north,premium,android,1,0,0,2980,53.59,1197,18,22,9,2,4,0.0143,0.8688,0.1312,0.5873,0.000453,0,0.0
2026-02-06,2,6,4,6,0,0,0,0,debit_card,mobile_app,north,retail,android,1,1,0,3597,51.77,1058,34,24,8,1,25,0.0225,0.8548,0.1452,0.6365,0.000624,4,280.71
2026-02-06,2,6,4,6,0,0,0,0,debit_card,mobile_app,south,premium,android,1,0,0,2141,70.56,653,23,19,6,1,12,0.019,0.8663,0.1337,0.6054,0.000488,1,102.2
2026-02-06,2,6,4,6,0,0,0,0,debit_card,mobile_app,south,retail,android,1,1,0,3503,115.06,1192,41,26,13,1,26,0.0189,0.86,0.14,0.67,0.000683,3,414.35
2026-02-06,2,6,4,6,0,0,0,0,debit_card,mobile_app,west,premium,android,1,0,0,2508,22.43,1093,24,16,9,1,4,0.0192,0.8731,0.1269,0.5972,0.000496,0,58.34
2026-02-06,2,6,4,6,0,0,0,0,debit_card,mobile_app,west,retail,ios,1,1,0,3945,35.57,1833,32,28,8,7,27,0.0183,0.8622,0.1378,0.4848,0.0007,5,237.0
2026-02-06,2,6,4,6,0,0,0,0,debit_card,web,east,premium,desktop,1,0,0,1407,56.28,887,9,9,5,3,15,0.0162,0.8566,0.1434,0.354,0.000354,3,171.67
2026-02-06,2,6,4,6,0,0,0,0,debit_card,web,east,retail,desktop,1,1,0,1622,93.35,745,20,12,3,1,4,0.016,0.8649,0.1351,0.2914,0.000511,1,59.83
2026-02-06,2,6,4,6,0,0,0,0,debit_card,web,north,premium,desktop,1,0,0,1468,73.65,694,9,22,7,1,10,0.0245,0.8561,0.1439,0.3166,0.00038,0,0.0
2026-02-06,2,6,4,6,0,0,0,0,debit_card,web,north,retail,desktop,1,1,0,1941,60.39,990,22,11,9,1,15,0.0182,0.8434,0.1566,0.3546,0.00052,2,103.95
2026-02-06,2,6,4,6,0,0,0,0,debit_card,web,south,premium,desktop,1,0,0,1429,57.35,435,8,14,5,2,8,0.0124,0.8684,0.1316,0.3611,0.000408,0,0.0
2026-02-06,2,6,4,6,0,0,0,0,debit_card,web,south,retail,desktop,1,1,0,1964,109.91,689,12,13,6,1,8,0.0218,0.85,0.15,0.3345,0.000587,1,107.61
2026-02-06,2,6,4,6,0,0,0,0,debit_card,web,west,premium,desktop,1,0,0,1211,73.26,354,14,15,11,2,12,0.0202,0.8675,0.1325,0.3132,0.000437,2,198.47
2026-02-06,2,6,4,6,0,0,0,0,debit_card,web,west,retail,android,1,1,0,3501,39.81,1164,28,17,11,3,19,0.0182,0.8535,0.1465,0.5468,0.000636,3,153.33
2026-02-06,2,6,4,6,0,0,0,0,digital_wallet,branch,east,premium,desktop,0,0,0,452,60.34,184,10,10,4,2,2,0.0242,0.854,0.146,0.268,0.000354,0,0.0
2026-02-06,2,6,4,6,0,0,0,0,digital_wallet,branch,east,retail,desktop,0,0,0,629,67.66,255,27,13,4,2,5,0.0179,0.8578,0.1422,0.3102,0.000521,0,0.0
2026-02-06,2,6,4,6,0,0,0,0,digital_wallet,branch,north,premium,desktop,0,0,0,392,49.21,206,12,4,8,0,5,0.0241,0.8567,0.1433,0.2937,0.000378,1,79.98
2026-02-06,2,6,4,6,0,0,0,0,digital_wallet,branch,north,retail,desktop,0,0,0,675,50.25,232,23,7,10,2,3,0.0209,0.8747,0.1253,0.2619,0.000574,0,3.33
2026-02-06,2,6,4,6,0,0,0,0,digital_wallet,branch,south,premium,desktop,0,0,0,466,106.95,274,8,6,3,2,1,0.0214,0.8429,0.1571,0.2686,0.00042,0,0.0
2026-02-06,2,6,4,6,0,0,0,0,digital_wallet,branch,south,retail,desktop,0,0,0,695,59.42,247,20,9,6,1,1,0.0185,0.8504,0.1496,0.1956,0.000595,0,32.18
2026-02-06,2,6,4,6,0,0,0,0,digital_wallet,branch,west,premium,desktop,0,0,0,559,59.34,290,14,12,9,1,6,0.0155,0.8583,0.1417,0.2802,0.00045,1,50.07
2026-02-06,2,6,4,6,0,0,0,0,digital_wallet,branch,west,retail,desktop,0,0,0,711,69.81,237,16,9,5,0,2,0.0147,0.8546,0.1454,0.2568,0.000586,0,12.72
2026-02-06,2,6,4,6,0,0,0,0,digital_wallet,mobile_app,east,premium,android,1,0,0,2161,30.75,1075,12,27,10,2,18,0.0172,0.849,0.151,0.637,0.000639,1,25.67
2026-02-06,2,6,4,6,0,0,0,0,digital_wallet,mobile_app,east,retail,ios,1,1,0,2871,53.82,1069,23,30,21,2,21,0.0187,0.8652,0.1348,0.4411,0.000901,1,0.0
2026-02-06,2,6,4,6,0,0,0,0,digital_wallet,mobile_app,north,premium,ios,1,0,0,1821,54.01,918,14,27,11,1,19,0.0148,0.8656,0.1344,0.4411,0.000641,1,84.11
2026-02-06,2,6,4,6,0,0,0,0,digital_wallet,mobile_app,north,retail,ios,1,1,0,3191,92.57,1507,27,20,12,6,13,0.0142,0.8762,0.1238,0.4217,0.000908,2,253.76
2026-02-06,2,6,4,6,0,0,0,0,digital_wallet,mobile_app,south,premium,ios,1,0,0,1699,60.46,983,10,19,11,2,20,0.0197,0.8411,0.1589,0.4261,0.000722,3,157.75
2026-02-06,2,6,4,6,0,0,0,0,digital_wallet,mobile_app,south,retail,android,1,1,0,2502,43.53,1493,40,21,8,0,12,0.0212,0.8651,0.1349,0.6359,0.000985,2,141.2
2026-02-06,2,6,4,6,0,0,0,0,digital_wallet,mobile_app,west,premium,android,1,0,0,1980,50.16,1097,19,21,6,3,19,0.0205,0.8409,0.1591,0.6285,0.000735,2,111.63
2026-02-06,2,6,4,6,0,0,0,0,digital_wallet,mobile_app,west,retail,android,1,1,0,3366,69.35,1222,30,18,10,2,18,0.0182,0.8319,0.1681,0.618,0.001018,4,252.73
2026-02-06,2,6,4,6,0,0,0,0,digital_wallet,web,east,premium,ios,1,0,0,1758,56.58,1167,10,7,10,3,9,0.0161,0.8609,0.1391,0.322,0.000538,2,91.78
2026-02-06,2,6,4,6,0,0,0,0,digital_wallet,web,east,retail,desktop,1,1,0,1785,68.1,717,18,14,8,0,13,0.0217,0.868,0.132,0.3829,0.000711,3,218.04
2026-02-06,2,6,4,6,0,0,0,0,digital_wallet,web,north,premium,desktop,1,0,0,1309,84.31,471,6,9,6,0,4,0.0222,0.8562,0.1438,0.3262,0.000553,1,62.16
2026-02-06,2,6,4,6,0,0,0,0,digital_wallet,web,north,retail,desktop,1,1,0,1626,44.6,818,25,12,5,4,13,0.0164,0.8634,0.1366,0.2684,0.000785,2,95.11
2026-02-06,2,6,4,6,0,0,0,0,digital_wallet,web,south,premium,desktop,1,0,0,1275,66.54,472,13,9,7,1,7,0.0153,0.8539,0.1461,0.359,0.0006,1,25.68
2026-02-06,2,6,4,6,0,0,0,0,digital_wallet,web,south,retail,desktop,1,1,0,1397,52.74,545,25,15,4,3,10,0.0205,0.8854,0.1146,0.357,0.000831,1,94.32
2026-02-06,2,6,4,6,0,0,0,0,digital_wallet,web,west,premium,android,1,0,0,1707,69.45,507,11,13,8,1,6,0.0175,0.8539,0.1461,0.515,0.00063,0,0.0
2026-02-06,2,6,4,6,0,0,0,0,digital_wallet,web,west,retail,desktop,1,1,0,1874,51.16,693,20,20,5,2,14,0.0199,0.853,0.147,0.3266,0.000857,2,126.64
2026-02-07,2,7,5,6,1,0,0,0,credit_card,branch,east,premium,desktop,0,0,0,592,71.42,272,18,12,5,2,7,0.0184,0.8335,0.1665,0.2721,0.000337,0,0.0
2026-02-07,2,7,5,6,1,0,0,0,credit_card,branch,east,retail,desktop,0,0,0,811,69.02,254,37,15,5,0,8,0.0206,0.8491,0.1509,0.2318,0.000479,1,165.73
2026-02-07,2,7,5,6,1,0,0,0,credit_card,branch,north,premium,desktop,0,0,0,560,50.82,321,20,4,3,3,2,0.0174,0.852,0.148,0.2672,0.000332,0,51.78
2026-02-07,2,7,5,6,1,0,0,0,credit_card,branch,north,retail,desktop,0,0,0,829,69.78,356,27,10,5,2,5,0.0171,0.8252,0.1748,0.2164,0.0005,1,107.91
2026-02-07,2,7,5,6,1,0,0,0,credit_card,branch,south,premium,desktop,0,0,0,528,45.03,189,16,14,3,0,7,0.0231,0.8735,0.1265,0.2657,0.000373,0,19.27
2026-02-07,2,7,5,6,1,0,0,0,credit_card,branch,south,retail,desktop,0,0,0,916,94.06,483,24,12,2,1,9,0.0182,0.8483,0.1517,0.1898,0.000538,1,110.58
2026-02-07,2,7,5,6,1,0,0,0,credit_card,branch,west,premium,desktop,0,0,0,758,77.74,254,16,14,5,3,7,0.0254,0.847,0.153,0.2065,0.000404,0,24.16
2026-02-07,2,7,5,6,1,0,0,0,credit_card,branch,west,retail,desktop,0,0,0,877,151.96,270,30,8,4,0,5,0.012,0.8462,0.1538,0.2385,0.000544,0,19.52
2026-02-07,2,7,5,6,1,0,0,0,credit_card,mobile_app,east,premium,ios,1,0,0,2550,49.16,1205,23,26,14,0,14,0.0221,0.8413,0.1587,0.3792,0.000547,1,23.68
2026-02-07,2,7,5,6,1,0,0,0,credit_card,mobile_app,east,retail,ios,1,1,0,3468,119.62,2173,54,28,12,3,24,0.018,0.8476,0.1524,0.374,0.00081,3,483.79
2026-02-07,2,7,5,6,1,0,0,0,credit_card,mobile_app,north,premium,ios,1,0,0,2333,63.2,1188,27,24,9,0,18,0.0231,0.8493,0.1507,0.4145,0.000554,2,173.46
2026-02-07,2,7,5,6,1,0,0,0,credit_card,mobile_app,north,retail,android,1,1,0,3653,74.37,1402,50,24,4,7,15,0.0177,0.8479,0.1521,0.5595,0.00082,1,140.87
2026-02-07,2,7,5,6,1,0,0,0,credit_card,mobile_app,south,premium,android,1,0,0,2538,87.96,1247,32,18,11,0,13,0.0189,0.8553,0.1447,0.6205,0.000624,2,255.72
2026-02-07,2,7,5,6,1,0,0,0,credit_card,mobile_app,south,retail,android,1,1,0,3882,78.26,1847,33,24,11,1,17,0.0169,0.8377,0.1623,0.6078,0.000877,3,350.54
2026-02-07,2,7,5,6,1,0,0,0,credit_card,mobile_app,west,premium,android,1,0,0,2801,42.42,1531,23,24,5,0,19,0.0181,0.8503,0.1497,0.5956,0.000642,2,36.15
2026-02-07,2,7,5,6,1,0,0,0,credit_card,mobile_app,west,retail,ios,1,1,0,4047,55.21,1297,39,22,16,7,14,0.0228,0.8336,0.1664,0.4844,0.000915,3,229.91
2026-02-07,2,7,5,6,1,0,0,0,credit_card,web,east,premium,ios,1,0,0,2172,60.48,991,22,14,8,1,6,0.0138,0.837,0.163,0.3043,0.000459,2,229.6
2026-02-07,2,7,5,6,1,0,0,0,credit_card,web,east,retail,ios,1,1,0,3076,69.02,1993,29,17,10,2,26,0.0185,0.8456,0.1544,0.2839,0.000702,4,382.31
2026-02-07,2,7,5,6,1,0,0,0,credit_card,web,north,premium,desktop,1,0,0,1567,125.41,485,17,20,8,1,5,0.0214,0.8503,0.1497,0.3033,0.000522,1,79.88
2026-02-07,2,7,5,6,1,0,0,0,credit_card,web,north,retail,ios,1,1,0,2607,96.07,820,37,23,3,3,14,0.0184,0.8612,0.1388,0.3337,0.000679,2,304.47
2026-02-07,2,7,5,6,1,0,0,0,credit_card,web,south,premium,desktop,1,0,0,1238,138.94,582,19,22,7,5,10,0.0257,0.8548,0.1452,0.3462,0.000567,1,178.91
2026-02-07,2,7,5,6,1,0,0,0,credit_card,web,south,retail,desktop,1,1,0,2012,52.11,780,35,16,5,2,4,0.0218,0.852,0.148,0.3653,0.000744,0,0.0
2026-02-07,2,7,5,6,1,0,0,0,credit_card,web,west,premium,ios,1,0,0,2103,84.57,1105,10,8,6,3,2,0.0215,0.8465,0.1535,0.3406,0.00057,0,0.0
2026-02-07,2,7,5,6,1,0,0,0,credit_card,web,west,retail,desktop,1,1,0,2445,83.89,1082,33,17,3,2,12,0.023,0.8335,0.1665,0.3556,0.000757,1,68.46
2026-02-07,2,7,5,6,1,0,0,0,debit_card,branch,east,premium,desktop,0,0,0,503,69.81,149,12,16,3,1,6,0.0185,0.8673,0.1327,0.2309,0.000246,0,0.0
2026-02-07,2,7,5,6,1,0,0,0,debit_card,branch,east,retail,desktop,0,0,0,793,123.46,266,29,13,6,1,12,0.0126,0.875,0.125,0.2532,0.000362,1,163.34
2026-02-07,2,7,5,6,1,0,0,0,debit_card,branch,north,premium,desktop,0,0,0,460,48.6,266,9,12,3,2,5,0.0211,0.8577,0.1423,0.2136,0.000271,0,0.0
2026-02-07,2,7,5,6,1,0,0,0,debit_card,branch,north,retail,desktop,0,0,0,705,97.58,358,27,14,9,1,8,0.0311,0.8469,0.1531,0.2716,0.000375,0,0.0
2026-02-07,2,7,5,6,1,0,0,0,debit_card,branch,south,premium,desktop,0,0,0,427,49.61,159,14,7,4,2,2,0.0229,0.8654,0.1346,0.2748,0.000274,0,0.0
2026-02-07,2,7,5,6,1,0,0,0,debit_card,branch,south,retail,desktop,0,0,0,723,69.84,325,28,13,8,5,5,0.0157,0.8578,0.1422,0.2629,0.000414,1,52.44
2026-02-07,2,7,5,6,1,0,0,0,debit_card,branch,west,premium,desktop,0,0,0,515,61.62,178,19,17,2,0,9,0.0207,0.8502,0.1498,0.243,0.000314,0,0.0
2026-02-07,2,7,5,6,1,0,0,0,debit_card,branch,west,retail,desktop,0,0,0,698,79.64,230,24,9,3,0,3,0.0232,0.8468,0.1532,0.236,0.000412,0,0.0
2026-02-07,2,7,5,6,1,0,0,0,debit_card,mobile_app,east,premium,android,1,0,0,2134,70.04,744,24,31,7,3,14,0.0214,0.8323,0.1677,0.6328,0.00043,1,107.36
2026-02-07,2,7,5,6,1,0,0,0,debit_card,mobile_app,east,retail,android,1,1,0,2914,74.79,909,34,25,7,4,16,0.0144,0.8563,0.1437,0.639,0.000623,1,144.34
2026-02-07,2,7,5,6,1,0,0,0,debit_card,mobile_app,north,premium,android,1,0,0,2053,52.13,1277,22,20,16,1,9,0.0189,0.8503,0.1497,0.6261,0.000462,0,0.0
2026-02-07,2,7,5,6,1,0,0,0,debit_card,mobile_app,north,retail,ios,1,1,0,3624,59.18,1506,39,30,12,6,27,0.0222,0.864,0.136,0.4436,0.000645,3,136.08
2026-02-07,2,7,5,6,1,0,0,0,debit_card,mobile_app,south,premium,android,1,0,0,1825,58.27,931,23,21,8,4,4,0.0182,0.8539,0.1461,0.5683,0.000509,0,0.0
2026-02-07,2,7,5,6,1,0,0,0,debit_card,mobile_app,south,retail,android,1,1,0,3046,45.05,1729,33,24,8,6,12,0.0119,0.8289,0.1711,0.6208,0.000684,3,165.38
2026-02-07,2,7,5,6,1,0,0,0,debit_card,mobile_app,west,premium,ios,1,0,0,2277,38.88,709,16,17,14,0,30,0.0146,0.8625,0.1375,0.4479,0.000507,5,261.44
2026-02-07,2,7,5,6,1,0,0,0,debit_card,mobile_app,west,retail,android,1,1,0,3458,50.1,1539,41,31,9,1,16,0.0252,0.8577,0.1423,0.6187,0.000683,3,95.62
2026-02-07,2,7,5,6,1,0,0,0,debit_card,web,east,premium,desktop,1,0,0,956,87.26,411,16,12,6,1,6,0.0101,0.8471,0.1529,0.3464,0.000383,0,30.57
2026-02-07,2,7,5,6,1,0,0,0,debit_card,web,east,retail,desktop,1,1,0,1734,59.54,979,30,16,7,0,14,0.0212,0.8431,0.1569,0.2973,0.000534,3,265.67
2026-02-07,2,7,5,6,1,0,0,0,debit_card,web,north,premium,android,1,0,0,1599,69.99,468,11,12,8,3,9,0.0165,0.8443,0.1557,0.5131,0.000394,1,94.16
2026-02-07,2,7,5,6,1,0,0,0,debit_card,web,north,retail,android,1,1,0,2927,35.27,1896,24,20,7,0,11,0.0188,0.8521,0.1479,0.5202,0.000539,1,0.0
2026-02-07,2,7,5,6,1,0,0,0,debit_card,web,south,premium,desktop,1,0,0,1191,111.17,384,16,11,3,2,2,0.0185,0.8271,0.1729,0.3564,0.000418,0,0.0
2026-02-07,2,7,5,6,1,0,0,0,debit_card,web,south,retail,desktop,1,1,0,1778,92.64,533,22,22,6,2,12,0.0208,0.8522,0.1478,0.3382,0.000573,1,78.56
2026-02-07,2,7,5,6,1,0,0,0,debit_card,web,west,premium,android,1,0,0,1959,52.68,836,11,12,7,1,4,0.0169,0.844,0.156,0.5348,0.000424,0,0.0
2026-02-07,2,7,5,6,1,0,0,0,debit_card,web,west,retail,desktop,1,1,0,2104,36.15,1021,17,13,3,0,2,0.0156,0.858,0.142,0.3465,0.00062,0,55.8
2026-02-07,2,7,5,6,1,0,0,0,digital_wallet,branch,east,premium,desktop,0,0,0,505,56.0,162,14,12,5,1,3,0.024,0.8489,0.1511,0.3022,0.000388,0,0.0
2026-02-07,2,7,5,6,1,0,0,0,digital_wallet,branch,east,retail,desktop,0,0,0,548,113.86,165,23,14,8,0,12,0.0212,0.8336,0.1664,0.2377,0.000537,1,111.3
2026-02-07,2,7,5,6,1,0,0,0,digital_wallet,branch,north,premium,desktop,0,0,0,406,69.5,125,13,16,2,1,3,0.0245,0.8231,0.1769,0.2324,0.000381,0,26.65
2026-02-07,2,7,5,6,1,0,0,0,digital_wallet,branch,north,retail,desktop,0,0,0,610,107.3,351,24,14,1,1,3,0.0197,0.8583,0.1417,0.2433,0.000523,0,0.0
2026-02-07,2,7,5,6,1,0,0,0,digital_wallet,branch,south,premium,desktop,0,0,0,411,38.61,215,8,13,5,0,4,0.0265,0.8494,0.1506,0.3152,0.000423,0,0.0
2026-02-07,2,7,5,6,1,0,0,0,digital_wallet,branch,south,retail,desktop,0,0,0,594,83.31,206,21,9,4,2,2,0.0251,0.863,0.137,0.204,0.000613,0,0.0
2026-02-07,2,7,5,6,1,0,0,0,digital_wallet,branch,west,premium,desktop,0,0,0,430,58.07,158,9,10,7,2,2,0.0238,0.8588,0.1412,0.228,0.000455,0,0.0
2026-02-07,2,7,5,6,1,0,0,0,digital_wallet,branch,west,retail,desktop,0,0,0,600,42.73,209,23,17,5,3,3,0.0264,0.8444,0.1556,0.2658,0.00066,0,0.0
2026-02-07,2,7,5,6,1,0,0,0,digital_wallet,mobile_app,east,premium,android,1,0,0,1756,64.95,593,20,23,14,3,18,0.0204,0.8775,0.1225,0.5975,0.000639,3,176.03
2026-02-07,2,7,5,6,1,0,0,0,digital_wallet,mobile_app,east,retail,android,1,1,0,2949,99.81,927,27,27,6,3,24,0.0227,0.8718,0.1282,0.5984,0.000863,4,545.18
2026-02-07,2,7,5,6,1,0,0,0,digital_wallet,mobile_app,north,premium,android,1,0,0,1627,93.9,619,6,18,11,3,17,0.0223,0.8588,0.1412,0.5895,0.000655,2,197.28
2026-02-07,2,7,5,6,1,0,0,0,digital_wallet,mobile_app,north,retail,android,1,1,0,2882,33.37,1027,43,20,10,3,13,0.0177,0.853,0.147,0.6314,0.000899,3,130.6
2026-02-07,2,7,5,6,1,0,0,0,digital_wallet,mobile_app,south,premium,ios,1,0,0,1645,40.07,863,17,22,11,1,15,0.015,0.864,0.136,0.3797,0.000717,1,25.59
2026-02-07,2,7,5,6,1,0,0,0,digital_wallet,mobile_app,south,retail,android,1,1,0,2541,50.51,1536,33,22,8,6,16,0.0177,0.8494,0.1506,0.6057,0.000982,3,222.2
2026-02-07,2,7,5,6,1,0,0,0,digital_wallet,mobile_app,west,premium,ios,1,0,0,1560,47.8,463,19,26,10,6,13,0.015,0.8635,0.1365,0.4725,0.000745,0,72.26
2026-02-07,2,7,5,6,1,0,0,0,digital_wallet,mobile_app,west,retail,android,1,1,0,3329,48.72,1731,27,25,10,5,14,0.0135,0.8483,0.1517,0.6167,0.001004,1,41.52
2026-02-07,2,7,5,6,1,0,0,0,digital_wallet,web,east,premium,desktop,1,0,0,967,41.5,468,15,20,10,2,7,0.0192,0.837,0.163,0.3383,0.000543,1,68.47
2026-02-07,2,7,5,6,1,0,0,0,digital_wallet,web,east,retail,desktop,1,1,0,1529,66.4,891,16,14,4,1,12,0.0301,0.8662,0.1338,0.3974,0.000773,1,75.35
2026-02-07,2,7,5,6,1,0,0,0,digital_wallet,web,north,premium,ios,1,0,0,1409,78.45,465,12,14,8,1,5,0.0201,0.8396,0.1604,0.2978,0.000567,0,27.63
2026-02-07,2,7,5,6,1,0,0,0,digital_wallet,web,north,retail,desktop,1,1,0,1438,74.6,649,23,18,11,1,16,0.0209,0.853,0.147,0.3232,0.000792,2,139.93
2026-02-07,2,7,5,6,1,0,0,0,digital_wallet,web,south,premium,desktop,1,0,0,947,76.07,310,12,13,6,2,4,0.0221,0.8423,0.1577,0.3042,0.000618,0,29.91
2026-02-07,2,7,5,6,1,0,0,0,digital_wallet,web,south,retail,desktop,1,1,0,1316,41.37,458,25,23,9,1,16,0.0174,0.8567,0.1433,0.3222,0.000853,3,137.0
2026-02-07,2,7,5,6,1,0,0,0,digital_wallet,web,west,premium,desktop,1,0,0,994,52.09,380,23,8,9,2,4,0.0189,0.8491,0.1509,0.3557,0.000599,0,0.0
2026-02-07,2,7,5,6,1,0,0,0,digital_wallet,web,west,retail,ios,1,1,0,1631,60.57,693,25,20,8,3,13,0.0232,0.8457,0.1543,0.3058,0.000877,0,20.88
2026-02-08,2,8,6,6,1,0,0,0,credit_card,branch,east,premium,desktop,0,0,0,693,66.6,221,9,6,6,0,1,0.0167,0.8528,0.1472,0.2467,0.000332,0,0.0
2026-02-08,2,8,6,6,1,0,0,0,credit_card,branch,east,retail,desktop,0,0,0,778,99.61,406,41,13,4,3,3,0.0173,0.8381,0.1619,0.2997,0.000475,0,0.0
2026-02-08,2,8,6,6,1,0,0,0,credit_card,branch,north,premium,desktop,0,0,0,536,65.19,338,14,10,3,1,5,0.0187,0.8587,0.1413,0.2632,0.00035,0,0.0
2026-02-08,2,8,6,6,1,0,0,0,credit_card,branch,north,retail,desktop,0,0,0,939,96.96,447,36,13,4,3,13,0.02,0.8507,0.1493,0.2504,0.000472,2,247.11
2026-02-08,2,8,6,6,1,0,0,0,credit_card,branch,south,premium,desktop,0,0,0,691,105.03,252,14,15,4,1,9,0.0145,0.8458,0.1542,0.2724,0.00038,0,0.0
2026-02-08,2,8,6,6,1,0,0,0,credit_card,branch,south,retail,desktop,0,0,0,792,50.05,312,37,16,3,4,4,0.0139,0.8546,0.1454,0.3077,0.000522,0,0.0
2026-02-08,2,8,6,6,1,0,0,0,credit_card,branch,west,premium,desktop,0,0,0,604,76.05,306,13,18,8,1,8,0.0147,0.8571,0.1429,0.2132,0.000394,0,0.0
2026-02-08,2,8,6,6,1,0,0,0,credit_card,branch,west,retail,desktop,0,0,0,920,42.08,335,27,13,5,0,8,0.0161,0.8448,0.1552,0.2664,0.000538,1,95.37
2026-02-08,2,8,6,6,1,0,0,0,credit_card,mobile_app,east,premium,ios,1,0,0,2460,63.57,776,17,26,12,2,11,0.0181,0.8489,0.1511,0.4523,0.000558,1,53.26
2026-02-08,2,8,6,6,1,0,0,0,credit_card,mobile_app,east,retail,android,1,1,0,3706,64.1,1387,36,22,4,1,18,0.022,0.8412,0.1588,0.6331,0.000785,2,181.88
2026-02-08,2,8,6,6,1,0,0,0,credit_card,mobile_app,north,premium,android,1,0,0,2644,42.97,907,23,22,9,4,8,0.0126,0.845,0.155,0.5863,0.00059,1,11.51
2026-02-08,2,8,6,6,1,0,0,0,credit_card,mobile_app,north,retail,android,1,1,0,3709,44.61,1147,50,25,13,1,25,0.02,0.8406,0.1594,0.612,0.000864,4,253.0
2026-02-08,2,8,6,6,1,0,0,0,credit_card,mobile_app,south,premium,ios,1,0,0,2356,47.73,1354,21,31,10,4,7,0.0218,0.8407,0.1593,0.3961,0.00061,0,0.0
2026-02-08,2,8,6,6,1,0,0,0,credit_card,mobile_app,south,retail,android,1,1,0,3790,88.61,1701,51,23,8,6,14,0.0217,0.8611,0.1389,0.6231,0.000902,1,125.41
2026-02-08,2,8,6,6,1,0,0,0,credit_card,mobile_app,west,premium,android,1,0,0,3269,58.89,2078,21,13,7,2,21,0.0213,0.8431,0.1569,0.6285,0.000611,3,239.17
2026-02-08,2,8,6,6,1,0,0,0,credit_card,mobile_app,west,retail,ios,1,1,0,4185,56.35,2501,41,30,5,2,25,0.0246,0.8523,0.1477,0.4721,0.000889,4,342.19
2026-02-08,2,8,6,6,1,0,0,0,credit_card,web,east,premium,desktop,1,0,0,1529,56.53,647,21,16,7,1,3,0.0183,0.842,0.158,0.3243,0.000482,0,0.0
2026-02-08,2,8,6,6,1,0,0,0,credit_card,web,east,retail,desktop,1,1,0,2371,91.09,1111,32,17,5,3,11,0.022,0.8591,0.1409,0.3571,0.000694,0,0.0
2026-02-08,2,8,6,6,1,0,0,0,credit_card,web,north,premium,desktop,1,0,0,1551,63.65,479,18,15,9,1,12,0.0187,0.8535,0.1465,0.3521,0.000493,2,126.51
2026-02-08,2,8,6,6,1,0,0,0,credit_card,web,north,retail,desktop,1,1,0,2103,102.06,1203,36,18,8,2,6,0.0137,0.8452,0.1548,0.3426,0.000718,0,0.0
2026-02-08,2,8,6,6,1,0,0,0,credit_card,web,south,premium,desktop,1,0,0,1454,33.49,756,14,21,4,0,7,0.0216,0.8566,0.1434,0.3471,0.000554,0,22.04
2026-02-08,2,8,6,6,1,0,0,0,credit_card,web,south,retail,ios,1,1,0,3286,66.53,976,32,16,5,2,3,0.0229,0.8592,0.1408,0.3608,0.000733,0,45.81
2026-02-08,2,8,6,6,1,0,0,0,credit_card,web,west,premium,desktop,1,0,0,1493,87.53,858,12,20,5,2,8,0.0143,0.8537,0.1463,0.3373,0.000546,1,132.04
2026-02-08,2,8,6,6,1,0,0,0,credit_card,web,west,retail,android,1,1,0,3775,48.83,1528,32,21,12,1,16,0.0215,0.8498,0.1502,0.5047,0.000746,1,114.43
2026-02-08,2,8,6,6,1,0,0,0,debit_card,branch,east,premium,desktop,0,0,0,451,102.69,186,13,14,7,0,5,0.0214,0.8634,0.1366,0.2072,0.000249,0,0.0
2026-02-08,2,8,6,6,1,0,0,0,debit_card,branch,east,retail,desktop,0,0,0,808,24.32,447,20,15,2,2,9,0.0229,0.8364,0.1636,0.2462,0.000379,0,0.0
2026-02-08,2,8,6,6,1,0,0,0,debit_card,branch,north,premium,desktop,0,0,0,493,39.5,274,14,9,4,1,7,0.0226,0.856,0.144,0.2521,0.000272,1,24.13
2026-02-08,2,8,6,6,1,0,0,0,debit_card,branch,north,retail,desktop,0,0,0,752,80.78,279,23,13,4,0,3,0.0198,0.8464,0.1536,0.2551,0.000379,0,0.0
2026-02-08,2,8,6,6,1,0,0,0,debit_card,branch,south,premium,desktop,0,0,0,577,38.75,231,16,10,9,2,2,0.0202,0.8385,0.1615,0.307,0.000299,0,0.0
2026-02-08,2,8,6,6,1,0,0,0,debit_card,branch,south,retail,desktop,0,0,0,746,62.63,336,31,16,10,0,5,0.0256,0.8619,0.1381,0.2495,0.000412,0,0.0
2026-02-08,2,8,6,6,1,0,0,0,debit_card,branch,west,premium,desktop,0,0,0,518,120.46,248,6,11,3,2,10,0.0154,0.8502,0.1498,0.2191,0.00031,1,92.36
2026-02-08,2,8,6,6,1,0,0,0,debit_card,branch,west,retail,desktop,0,0,0,728,101.49,248,21,10,3,1,6,0.017,0.8457,0.1543,0.2943,0.000428,1,76.68
2026-02-08,2,8,6,6,1,0,0,0,debit_card,mobile_app,east,premium,android,1,0,0,1853,26.91,1216,19,24,16,1,14,0.0218,0.8435,0.1565,0.6433,0.000423,0,0.0
2026-02-08,2,8,6,6,1,0,0,0,debit_card,mobile_app,east,retail,ios,1,1,0,3089,65.82,1182,34,28,11,3,10,0.0191,0.8506,0.1494,0.4839,0.000613,0,0.0
2026-02-08,2,8,6,6,1,0,0,0,debit_card,mobile_app,north,premium,ios,1,0,0,1953,51.5,879,20,29,14,1,19,0.021,0.8585,0.1415,0.373,0.000436,1,5.37
2026-02-08,2,8,6,6,1,0,0,0,debit_card,mobile_app,north,retail,android,1,1,0,3069,33.96,1334,39,23,12,2,18,0.0185,0.8435,0.1565,0.6181,0.000659,1,19.22
2026-02-08,2,8,6,6,1,0,0,0,debit_card,mobile_app,south,premium,ios,1,0,0,2081,68.15,839,27,27,10,3,6,0.0156,0.8526,0.1474,0.4541,0.000495,0,32.66
2026-02-08,2,8,6,6,1,0,0,0,debit_card,mobile_app,south,retail,ios,1,1,0,3269,50.68,1315,36,30,10,2,23,0.0211,0.844,0.156,0.4475,0.000687,2,75.31
2026-02-08,2,8,6,6,1,0,0,0,debit_card,mobile_app,west,premium,android,1,0,0,2186,45.81,1229,20,24,7,3,11,0.0215,0.8349,0.1651,0.5855,0.000508,2,46.88
2026-02-08,2,8,6,6,1,0,0,0,debit_card,mobile_app,west,retail,android,1,1,0,3184,59.25,1574,31,28,5,5,21,0.0099,0.8553,0.1447,0.5811,0.000704,1,76.8
2026-02-08,2,8,6,6,1,0,0,0,debit_card,web,east,premium,desktop,1,0,0,1100,52.31,395,18,21,5,1,10,0.0305,0.8427,0.1573,0.3279,0.000396,0,8.79
2026-02-08,2,8,6,6,1,0,0,0,debit_card,web,east,retail,desktop,1,1,0,1815,74.65,870,22,15,8,3,14,0.0174,0.8374,0.1626,0.2966,0.000547,2,194.77
2026-02-08,2,8,6,6,1,0,0,0,debit_card,web,north,premium,desktop,1,0,0,1094,63.07,404,7,21,8,1,5,0.0189,0.8372,0.1628,0.3519,0.000381,0,48.46
2026-02-08,2,8,6,6,1,0,0,0,debit_card,web,north,retail,desktop,1,1,0,1900,41.87,989,25,19,4,1,21,0.0201,0.8687,0.1313,0.3138,0.000561,3,153.32
2026-02-08,2,8,6,6,1,0,0,0,debit_card,web,south,premium,desktop,1,0,0,1050,35.47,346,16,15,11,3,7,0.017,0.8589,0.1411,0.3494,0.000428,0,88.26
2026-02-08,2,8,6,6,1,0,0,0,debit_card,web,south,retail,android,1,1,0,2807,41.49,852,24,16,7,1,12,0.0204,0.8618,0.1382,0.4572,0.000591,3,101.5
2026-02-08,2,8,6,6,1,0,0,0,debit_card,web,west,premium,desktop,1,0,0,1138,51.92,390,7,11,7,1,8,0.0224,0.8555,0.1445,0.3568,0.00042,1,39.81
2026-02-08,2,8,6,6,1,0,0,0,debit_card,web,west,retail,android,1,1,0,2605,33.84,785,27,15,5,0,8,0.0207,0.854,0.146,0.5023,0.000642,0,0.0
2026-02-08,2,8,6,6,1,0,0,0,digital_wallet,branch,east,premium,desktop,0,0,0,408,57.42,139,6,14,3,1,7,0.0161,0.8489,0.1511,0.2078,0.000366,0,3.46
2026-02-08,2,8,6,6,1,0,0,0,digital_wallet,branch,east,retail,desktop,0,0,0,612,55.18,301,31,15,6,1,6,0.0238,0.8454,0.1546,0.2973,0.000508,0,10.67
2026-02-08,2,8,6,6,1,0,0,0,digital_wallet,branch,north,premium,desktop,0,0,0,487,52.39,239,10,11,7,0,5,0.0251,0.8552,0.1448,0.2651,0.000387,0,87.98
2026-02-08,2,8,6,6,1,0,0,0,digital_wallet,branch,north,retail,desktop,0,0,0,583,101.91,171,27,14,4,2,2,0.0184,0.8669,0.1331,0.1952,0.000546,0,33.83
2026-02-08,2,8,6,6,1,0,0,0,digital_wallet,branch,south,premium,desktop,0,0,0,381,51.78,194,12,9,5,0,3,0.0148,0.8522,0.1478,0.256,0.000435,0,0.0
2026-02-08,2,8,6,6,1,0,0,0,digital_wallet,branch,south,retail,desktop,0,0,0,556,75.88,227,22,12,1,3,7,0.0197,0.8714,0.1286,0.1878,0.000586,1,19.08
2026-02-08,2,8,6,6,1,0,0,0,digital_wallet,branch,west,premium,desktop,0,0,0,445,60.24,197,8,10,4,2,3,0.0159,0.8615,0.1385,0.2548,0.000418,0,0.0
2026-02-08,2,8,6,6,1,0,0,0,digital_wallet,branch,west,retail,desktop,0,0,0,562,45.39,277,17,8,3,0,10,0.0177,0.8471,0.1529,0.2289,0.000607,2,109.29
2026-02-08,2,8,6,6,1,0,0,0,digital_wallet,mobile_app,east,premium,android,1,0,0,1942,66.52,884,20,19,9,1,11,0.0157,0.8503,0.1497,0.6648,0.000637,0,0.0
2026-02-08,2,8,6,6,1,0,0,0,digital_wallet,mobile_app,east,retail,ios,1,1,0,2481,36.25,1456,38,24,14,2,12,0.0218,0.8464,0.1536,0.4217,0.0009,3,76.97
2026-02-08,2,8,6,6,1,0,0,0,digital_wallet,mobile_app,north,premium,android,1,0,0,1705,60.2,702,20,19,17,1,3,0.0301,0.8548,0.1452,0.6325,0.000698,0,0.0
2026-02-08,2,8,6,6,1,0,0,0,digital_wallet,mobile_app,north,retail,android,1,1,0,2373,58.87,971,41,30,13,2,22,0.0192,0.8586,0.1414,0.6276,0.000922,4,144.55
2026-02-08,2,8,6,6,1,0,0,0,digital_wallet,mobile_app,south,premium,android,1,0,0,1572,58.96,491,17,21,11,5,9,0.0178,0.852,0.148,0.5672,0.000717,0,0.0
2026-02-08,2,8,6,6,1,0,0,0,digital_wallet,mobile_app,south,retail,android,1,1,0,2638,59.41,1671,34,23,9,3,15,0.009,0.8765,0.1235,0.5629,0.00099,3,213.75
2026-02-08,2,8,6,6,1,0,0,0,digital_wallet,mobile_app,west,premium,android,1,0,0,1933,52.24,1221,21,31,10,2,14,0.0184,0.8518,0.1482,0.5746,0.000727,0,0.0
2026-02-08,2,8,6,6,1,0,0,0,digital_wallet,mobile_app,west,retail,android,1,1,0,2631,74.56,1618,29,27,11,2,16,0.0205,0.8445,0.1555,0.5634,0.001031,5,350.09
2026-02-08,2,8,6,6,1,0,0,0,digital_wallet,web,east,premium,desktop,1,0,0,1026,71.33,356,9,21,2,2,14,0.0147,0.8522,0.1478,0.3186,0.000519,1,55.1
2026-02-08,2,8,6,6,1,0,0,0,digital_wallet,web,east,retail,desktop,1,1,0,1531,86.52,475,17,15,8,6,12,0.0236,0.8403,0.1597,0.3054,0.000766,1,117.07
2026-02-08,2,8,6,6,1,0,0,0,digital_wallet,web,north,premium,ios,1,0,0,1528,121.22,531,10,9,4,0,2,0.0193,0.8589,0.1411,0.3608,0.000553,0,12.08
2026-02-08,2,8,6,6,1,0,0,0,digital_wallet,web,north,retail,desktop,1,1,0,1650,58.82,756,19,21,3,3,12,0.0204,0.8479,0.1521,0.3291,0.000792,2,75.88
2026-02-08,2,8,6,6,1,0,0,0,digital_wallet,web,south,premium,desktop,1,0,0,961,86.63,575,15,20,6,0,14,0.0236,0.871,0.129,0.3475,0.000608,1,116.3
2026-02-08,2,8,6,6,1,0,0,0,digital_wallet,web,south,retail,desktop,1,1,0,1497,48.09,823,30,17,7,2,4,0.0155,0.8629,0.1371,0.3614,0.000883,0,27.7
2026-02-08,2,8,6,6,1,0,0,0,digital_wallet,web,west,premium,desktop,1,0,0,1141,41.26,765,10,14,7,3,4,0.0218,0.8442,0.1558,0.3597,0.000606,0,11.11
2026-02-08,2,8,6,6,1,0,0,0,digital_wallet,web,west,retail,desktop,1,1,0,1580,59.29,722,16,17,6,0,9,0.0247,0.8453,0.1547,0.3512,0.000903,0,0.0
2026-02-09,2,9,0,7,0,0,0,0,credit_card,branch,east,premium,desktop,0,0,0,606,98.73,274,9,14,4,0,6,0.0186,0.8432,0.1568,0.2256,0.000315,0,18.86
2026-02-09,2,9,0,7,0,0,0,0,credit_card,branch,east,retail,desktop,0,0,0,1131,42.13,333,25,9,5,3,8,0.0244,0.8581,0.1419,0.2816,0.000481,1,10.72
2026-02-09,2,9,0,7,0,0,0,0,credit_card,branch,north,premium,desktop,0,0,0,697,40.83,436,23,11,4,1,6,0.0165,0.8556,0.1444,0.1983,0.000336,0,0.0
2026-02-09,2,9,0,7,0,0,0,0,credit_card,branch,north,retail,desktop,0,0,0,1262,76.0,460,24,12,5,1,9,0.021,0.8407,0.1593,0.2614,0.00049,1,129.87
2026-02-09,2,9,0,7,0,0,0,0,credit_card,branch,south,premium,desktop,0,0,0,748,57.6,298,12,9,6,3,3,0.0179,0.8611,0.1389,0.2362,0.000383,0,0.0
2026-02-09,2,9,0,7,0,0,0,0,credit_card,branch,south,retail,desktop,0,0,0,989,98.56,545,23,7,6,0,4,0.018,0.8686,0.1314,0.2456,0.000495,0,45.21
2026-02-09,2,9,0,7,0,0,0,0,credit_card,branch,west,premium,desktop,0,0,0,659,88.5,259,15,11,1,2,4,0.0186,0.8555,0.1445,0.2185,0.000378,0,18.41
2026-02-09,2,9,0,7,0,0,0,0,credit_card,branch,west,retail,desktop,0,0,0,1163,90.23,399,31,9,2,0,13,0.0172,0.8718,0.1282,0.294,0.000531,2,174.75
2026-02-09,2,9,0,7,0,0,0,0,credit_card,mobile_app,east,premium,android,1,0,0,3230,87.51,1302,31,19,11,3,16,0.0277,0.8434,0.1566,0.6204,0.000562,2,200.97
2026-02-09,2,9,0,7,0,0,0,0,credit_card,mobile_app,east,retail,android,1,1,0,4165,55.78,2769,40,27,8,4,20,0.0198,0.8877,0.1123,0.574,0.000759,3,147.39
2026-02-09,2,9,0,7,0,0,0,0,credit_card,mobile_app,north,premium,android,1,0,0,2905,83.53,901,25,20,9,3,6,0.0219,0.8553,0.1447,0.6308,0.000596,0,0.0
2026-02-09,2,9,0,7,0,0,0,0,credit_card,mobile_app,north,retail,ios,1,1,0,4176,23.78,1393,45,21,7,3,21,0.0179,0.8712,0.1288,0.3672,0.000796,6,233.27
2026-02-09,2,9,0,7,0,0,0,0,credit_card,mobile_app,south,premium,ios,1,0,0,2597,145.78,891,19,22,20,4,15,0.0232,0.8606,0.1394,0.4279,0.00063,1,121.02
2026-02-09,2,9,0,7,0,0,0,0,credit_card,mobile_app,south,retail,android,1,1,0,3434,84.55,1279,38,27,9,1,9,0.0197,0.8549,0.1451,0.5865,0.000882,2,171.57
2026-02-09,2,9,0,7,0,0,0,0,credit_card,mobile_app,west,premium,ios,1,0,0,2636,67.93,913,19,24,10,1,15,0.0271,0.8729,0.1271,0.4322,0.000638,2,189.83
2026-02-09,2,9,0,7,0,0,0,0,credit_card,mobile_app,west,retail,ios,1,1,0,4582,69.46,2086,41,23,15,6,14,0.0172,0.8566,0.1434,0.3963,0.000943,5,399.49
2026-02-09,2,9,0,7,0,0,0,0,credit_card,web,east,premium,desktop,1,0,0,1724,66.86,502,15,16,10,3,13,0.0208,0.8607,0.1393,0.3133,0.000474,2,233.88
2026-02-09,2,9,0,7,0,0,0,0,credit_card,web,east,retail,desktop,1,1,0,2616,41.45,918,37,20,6,2,14,0.0246,0.8657,0.1343,0.2435,0.000644,1,108.08
2026-02-09,2,9,0,7,0,0,0,0,credit_card,web,north,premium,desktop,1,0,0,1589,33.29,525,16,14,5,1,12,0.0214,0.8781,0.1219,0.3593,0.000512,1,52.51
2026-02-09,2,9,0,7,0,0,0,0,credit_card,web,north,retail,desktop,1,1,0,3003,39.75,1482,19,16,9,1,15,0.0176,0.8748,0.1252,0.3572,0.000688,4,184.31
2026-02-09,2,9,0,7,0,0,0,0,credit_card,web,south,premium,desktop,1,0,0,1731,94.52,531,23,16,6,5,6,0.0173,0.8528,0.1472,0.3201,0.000544,0,0.0
2026-02-09,2,9,0,7,0,0,0,0,credit_card,web,south,retail,desktop,1,1,0,2366,57.39,1223,28,16,2,1,14,0.0202,0.8688,0.1312,0.2961,0.000762,3,251.5
2026-02-09,2,9,0,7,0,0,0,0,credit_card,web,west,premium,desktop,1,0,0,1578,35.16,614,16,14,5,3,5,0.016,0.8616,0.1384,0.2843,0.000527,1,90.33
2026-02-09,2,9,0,7,0,0,0,0,credit_card,web,west,retail,desktop,1,1,0,3118,93.66,1634,36,25,7,1,13,0.0251,0.8596,0.1404,0.3775,0.000799,2,235.63
2026-02-09,2,9,0,7,0,0,0,0,debit_card,branch,east,premium,desktop,0,0,0,567,56.97,314,15,10,5,1,6,0.0196,0.854,0.146,0.3058,0.000274,0,19.83
2026-02-09,2,9,0,7,0,0,0,0,debit_card,branch,east,retail,desktop,0,0,0,823,65.49,273,25,7,3,1,7,0.0213,0.8538,0.1462,0.2764,0.00036,1,91.2
2026-02-09,2,9,0,7,0,0,0,0,debit_card,branch,north,premium,desktop,0,0,0,534,40.18,234,12,11,5,1,6,0.0179,0.8671,0.1329,0.3151,0.000274,1,0.0
2026-02-09,2,9,0,7,0,0,0,0,debit_card,branch,north,retail,desktop,0,0,0,852,33.66,381,28,8,2,0,2,0.0183,0.8582,0.1418,0.2436,0.00038,0,0.0
2026-02-09,2,9,0,7,0,0,0,0,debit_card,branch,south,premium,desktop,0,0,0,593,76.28,320,13,6,4,0,8,0.0188,0.8594,0.1406,0.2545,0.000278,1,39.1
2026-02-09,2,9,0,7,0,0,0,0,debit_card,branch,south,retail,desktop,0,0,0,732,85.87,361,26,15,6,2,3,0.0175,0.8467,0.1533,0.2701,0.000403,0,0.0
2026-02-09,2,9,0,7,0,0,0,0,debit_card,branch,west,premium,desktop,0,0,0,644,31.25,343,18,15,8,2,6,0.0212,0.8599,0.1401,0.314,0.000306,0,54.24
2026-02-09,2,9,0,7,0,0,0,0,debit_card,branch,west,retail,desktop,0,0,0,864,76.17,359,31,9,3,0,2,0.0261,0.8562,0.1438,0.219,0.000417,0,0.0
2026-02-09,2,9,0,7,0,0,0,0,debit_card,mobile_app,east,premium,ios,1,0,0,2411,42.74,726,7,17,9,3,11,0.0114,0.864,0.136,0.4426,0.000425,0,34.08
2026-02-09,2,9,0,7,0,0,0,0,debit_card,mobile_app,east,retail,ios,1,1,0,3391,66.34,1484,34,23,12,3,16,0.0181,0.8539,0.1461,0.4454,0.000604,1,12.33
2026-02-09,2,9,0,7,0,0,0,0,debit_card,mobile_app,north,premium,ios,1,0,0,2358,37.02,1281,22,30,11,0,16,0.0327,0.8742,0.1258,0.469,0.000435,2,22.85
2026-02-09,2,9,0,7,0,0,0,0,debit_card,mobile_app,north,retail,android,1,1,0,3691,87.98,1603,34,24,10,4,27,0.0211,0.8632,0.1368,0.5819,0.000628,4,328.12
2026-02-09,2,9,0,7,0,0,0,0,debit_card,mobile_app,south,premium,android,1,0,0,2233,91.63,660,12,14,14,2,7,0.0184,0.8646,0.1354,0.5879,0.000492,1,128.3
2026-02-09,2,9,0,7,0,0,0,0,debit_card,mobile_app,south,retail,ios,1,1,0,3294,41.79,1771,28,22,8,3,21,0.0172,0.8574,0.1426,0.4529,0.000691,2,60.84
2026-02-09,2,9,0,7,0,0,0,0,debit_card,mobile_app,west,premium,ios,1,0,0,2673,64.26,1322,22,22,10,3,12,0.0244,0.8479,0.1521,0.4293,0.000514,1,68.14
2026-02-09,2,9,0,7,0,0,0,0,debit_card,mobile_app,west,retail,android,1,1,0,3488,65.84,1124,38,26,18,1,11,0.0227,0.8573,0.1427,0.6204,0.000682,3,190.47
2026-02-09,2,9,0,7,0,0,0,0,debit_card,web,east,premium,desktop,1,0,0,1360,54.3,681,14,15,5,0,4,0.0209,0.8604,0.1396,0.3272,0.00037,0,0.0
2026-02-09,2,9,0,7,0,0,0,0,debit_card,web,east,retail,desktop,1,1,0,2294,72.34,1406,24,14,6,3,5,0.0207,0.8499,0.1501,0.3554,0.000515,0,0.0
2026-02-09,2,9,0,7,0,0,0,0,debit_card,web,north,premium,android,1,0,0,2537,37.19,879,24,11,2,2,14,0.0162,0.8542,0.1458,0.519,0.000372,2,132.02
2026-02-09,2,9,0,7,0,0,0,0,debit_card,web,north,retail,android,1,1,0,2930,94.91,902,26,22,9,3,10,0.0171,0.8589,0.1411,0.5068,0.00054,0,11.74
2026-02-09,2,9,0,7,0,0,0,0,debit_card,web,south,premium,ios,1,0,0,2080,38.57,804,19,19,6,2,8,0.0178,0.8544,0.1456,0.2777,0.000421,0,0.0
2026-02-09,2,9,0,7,0,0,0,0,debit_card,web,south,retail,ios,1,1,0,2583,72.66,1002,37,15,6,5,16,0.0208,0.8602,0.1398,0.3501,0.00061,3,170.82
2026-02-09,2,9,0,7,0,0,0,0,debit_card,web,west,premium,ios,1,0,0,2192,72.5,965,12,17,7,2,6,0.0191,0.8598,0.1402,0.3483,0.000431,0,0.0
2026-02-09,2,9,0,7,0,0,0,0,debit_card,web,west,retail,android,1,1,0,3020,42.86,1163,28,17,8,1,16,0.027,0.8516,0.1484,0.4725,0.00061,2,93.91
2026-02-09,2,9,0,7,0,0,0,0,digital_wallet,branch,east,premium,desktop,0,0,0,477,69.25,148,9,15,3,3,6,0.0145,0.8399,0.1601,0.2609,0.000364,0,0.0
2026-02-09,2,9,0,7,0,0,0,0,digital_wallet,branch,east,retail,desktop,0,0,0,723,48.39,306,18,13,6,1,11,0.0252,0.8552,0.1448,0.2635,0.000554,2,56.61
2026-02-09,2,9,0,7,0,0,0,0,digital_wallet,branch,north,premium,desktop,0,0,0,426,42.46,139,12,12,5,3,7,0.0163,0.869,0.131,0.2631,0.00039,0,0.0
2026-02-09,2,9,0,7,0,0,0,0,digital_wallet,branch,north,retail,desktop,0,0,0,580,149.49,353,27,10,4,6,4,0.0186,0.8568,0.1432,0.2766,0.000562,0,0.0
2026-02-09,2,9,0,7,0,0,0,0,digital_wallet,branch,south,premium,desktop,0,0,0,415,85.48,183,16,14,5,2,7,0.0249,0.8489,0.1511,0.2324,0.000435,0,108.67
2026-02-09,2,9,0,7,0,0,0,0,digital_wallet,branch,south,retail,desktop,0,0,0,679,41.75,287,17,10,3,1,6,0.0209,0.8614,0.1386,0.2152,0.000558,1,79.74
2026-02-09,2,9,0,7,0,0,0,0,digital_wallet,branch,west,premium,desktop,0,0,0,481,71.14,212,11,11,2,1,4,0.0236,0.8494,0.1506,0.2751,0.000423,0,0.0
2026-02-09,2,9,0,7,0,0,0,0,digital_wallet,branch,west,retail,desktop,0,0,0,721,47.0,405,18,7,2,2,7,0.0244,0.8694,0.1306,0.1991,0.000619,1,1.83
2026-02-09,2,9,0,7,0,0,0,0,digital_wallet,mobile_app,east,premium,android,1,0,0,1875,29.36,583,18,28,4,1,19,0.0205,0.8664,0.1336,0.5772,0.000601,2,77.71
2026-02-09,2,9,0,7,0,0,0,0,digital_wallet,mobile_app,east,retail,ios,1,1,0,2413,70.13,1281,25,28,9,1,24,0.0204,0.8539,0.1461,0.4255,0.000879,4,283.26
2026-02-09,2,9,0,7,0,0,0,0,digital_wallet,mobile_app,north,premium,android,1,0,0,1944,34.51,1167,20,19,11,1,16,0.0247,0.8455,0.1545,0.6264,0.000641,3,103.62
2026-02-09,2,9,0,7,0,0,0,0,digital_wallet,mobile_app,north,retail,ios,1,1,0,3222,145.56,1522,31,23,14,3,23,0.0221,0.8435,0.1565,0.416,0.000937,3,544.7
2026-02-09,2,9,0,7,0,0,0,0,digital_wallet,mobile_app,south,premium,android,1,0,0,2434,86.39,710,14,15,15,1,5,0.0248,0.8487,0.1513,0.575,0.000669,0,45.4
2026-02-09,2,9,0,7,0,0,0,0,digital_wallet,mobile_app,south,retail,android,1,1,0,2776,28.04,1146,26,26,11,5,17,0.0245,0.861,0.139,0.544,0.000979,2,45.24
2026-02-09,2,9,0,7,0,0,0,0,digital_wallet,mobile_app,west,premium,ios,1,0,0,2075,36.73,798,22,20,9,3,14,0.0094,0.8449,0.1551,0.4153,0.000725,2,72.64
2026-02-09,2,9,0,7,0,0,0,0,digital_wallet,mobile_app,west,retail,ios,1,1,0,3303,46.92,1400,30,21,14,1,14,0.0236,0.8503,0.1497,0.4958,0.000965,1,38.32
2026-02-09,2,9,0,7,0,0,0,0,digital_wallet,web,east,premium,desktop,1,0,0,1194,47.18,385,11,10,7,2,6,0.0172,0.8536,0.1464,0.3445,0.000523,0,5.03
2026-02-09,2,9,0,7,0,0,0,0,digital_wallet,web,east,retail,ios,1,1,0,2527,45.0,1007,28,18,6,3,11,0.0184,0.8676,0.1324,0.3587,0.000768,2,13.13
2026-02-09,2,9,0,7,0,0,0,0,digital_wallet,web,north,premium,android,1,0,0,1828,71.58,603,6,16,3,1,7,0.0153,0.8616,0.1384,0.5159,0.000564,0,12.03
2026-02-09,2,9,0,7,0,0,0,0,digital_wallet,web,north,retail,desktop,1,1,0,1512,69.23,990,19,15,5,5,3,0.0257,0.854,0.146,0.2999,0.000751,0,0.0
2026-02-09,2,9,0,7,0,0,0,0,digital_wallet,web,south,premium,desktop,1,0,0,1171,50.79,429,10,20,4,6,12,0.022,0.8411,0.1589,0.3073,0.000627,1,93.54
2026-02-09,2,9,0,7,0,0,0,0,digital_wallet,web,south,retail,android,1,1,0,2728,64.85,1046,24,11,7,1,14,0.0242,0.8437,0.1563,0.5571,0.000845,3,250.48
2026-02-09,2,9,0,7,0,0,0,0,digital_wallet,web,west,premium,desktop,1,0,0,1187,40.75,555,13,12,4,2,8,0.0184,0.8526,0.1474,0.3348,0.000614,1,83.48
2026-02-09,2,9,0,7,0,0,0,0,digital_wallet,web,west,retail,android,1,1,0,2319,62.0,899,24,14,7,0,12,0.0195,0.8865,0.1135,0.528,0.000904,3,173.6
2026-02-10,2,10,1,7,0,0,0,0,credit_card,branch,east,premium,desktop,0,0,0,681,62.78,222,15,10,5,2,4,0.0161,0.8424,0.1576,0.2915,0.000337,0,8.85
2026-02-10,2,10,1,7,0,0,0,0,credit_card,branch,east,retail,desktop,0,0,0,918,69.35,331,42,12,6,1,8,0.0155,0.8586,0.1414,0.1898,0.00049,1,99.34
2026-02-10,2,10,1,7,0,0,0,0,credit_card,branch,north,premium,desktop,0,0,0,691,47.19,236,21,6,5,2,3,0.0215,0.8697,0.1303,0.2751,0.00035,0,4.62
2026-02-10,2,10,1,7,0,0,0,0,credit_card,branch,north,retail,desktop,0,0,0,959,169.66,498,38,12,10,4,3,0.0251,0.8459,0.1541,0.2818,0.000504,0,25.5
2026-02-10,2,10,1,7,0,0,0,0,credit_card,branch,south,premium,desktop,0,0,0,647,61.87,207,22,7,7,0,2,0.0182,0.8561,0.1439,0.2739,0.000368,0,0.0
2026-02-10,2,10,1,7,0,0,0,0,credit_card,branch,south,retail,desktop,0,0,0,1033,79.73,452,38,18,4,3,16,0.0209,0.8526,0.1474,0.2753,0.000521,2,216.28
2026-02-10,2,10,1,7,0,0,0,0,credit_card,branch,west,premium,desktop,0,0,0,617,70.16,316,12,11,5,1,9,0.0178,0.8453,0.1547,0.2525,0.000373,1,58.56
2026-02-10,2,10,1,7,0,0,0,0,credit_card,branch,west,retail,desktop,0,0,0,970,60.17,515,30,11,2,0,7,0.0163,0.8592,0.1408,0.2812,0.000538,2,210.12
2026-02-10,2,10,1,7,0,0,0,0,credit_card,mobile_app,east,premium,ios,1,0,0,2714,79.2,1415,25,26,13,1,12,0.0191,0.8618,0.1382,0.4417,0.00053,1,129.95
2026-02-10,2,10,1,7,0,0,0,0,credit_card,mobile_app,east,retail,android,1,1,0,3908,48.99,1209,41,21,13,0,12,0.0193,0.8664,0.1336,0.5952,0.00073,1,91.53
2026-02-10,2,10,1,7,0,0,0,0,credit_card,mobile_app,north,premium,android,1,0,0,2760,49.52,1108,20,19,6,3,27,0.0129,0.86,0.14,0.6378,0.000587,6,420.42
2026-02-10,2,10,1,7,0,0,0,0,credit_card,mobile_app,north,retail,ios,1,1,0,4165,63.0,1324,47,19,11,3,24,0.0207,0.8442,0.1558,0.4337,0.000827,5,312.39
2026-02-10,2,10,1,7,0,0,0,0,credit_card,mobile_app,south,premium,android,1,0,0,2915,79.05,1215,27,13,7,1,10,0.027,0.863,0.137,0.5932,0.000635,1,81.96
2026-02-10,2,10,1,7,0,0,0,0,credit_card,mobile_app,south,retail,ios,1,1,0,3772,50.51,2446,35,26,15,2,13,0.0155,0.8628,0.1372,0.3898,0.000862,2,159.9
2026-02-10,2,10,1,7,0,0,0,0,credit_card,mobile_app,west,premium,ios,1,0,0,3099,88.1,1796,20,23,7,1,21,0.0198,0.8538,0.1462,0.4366,0.000637,5,718.92
2026-02-10,2,10,1,7,0,0,0,0,credit_card,mobile_app,west,retail,android,1,1,0,4250,47.01,1733,46,29,14,3,20,0.0178,0.8668,0.1332,0.5945,0.000926,3,189.53
2026-02-10,2,10,1,7,0,0,0,0,credit_card,web,east,premium,desktop,1,0,0,1671,61.27,831,21,18,8,2,6,0.0146,0.8498,0.1502,0.3019,0.000471,0,0.0
2026-02-10,2,10,1,7,0,0,0,0,credit_card,web,east,retail,desktop,1,1,0,2332,74.83,737,36,16,3,2,15,0.016,0.852,0.148,0.3411,0.000653,4,417.26
2026-02-10,2,10,1,7,0,0,0,0,credit_card,web,north,premium,android,1,0,0,2177,47.08,1223,15,10,7,1,7,0.0243,0.8615,0.1385,0.5276,0.000485,1,88.57
2026-02-10,2,10,1,7,0,0,0,0,credit_card,web,north,retail,desktop,1,1,0,2495,128.36,1251,33,19,7,3,14,0.0165,0.8595,0.1405,0.3598,0.00069,1,190.98
2026-02-10,2,10,1,7,0,0,0,0,credit_card,web,south,premium,desktop,1,0,0,1397,62.56,717,14,19,5,2,15,0.0179,0.8624,0.1376,0.2862,0.000482,1,106.61
2026-02-10,2,10,1,7,0,0,0,0,credit_card,web,south,retail,desktop,1,1,0,2308,74.46,952,42,18,3,3,9,0.0172,0.8536,0.1464,0.2883,0.000746,0,55.88
2026-02-10,2,10,1,7,0,0,0,0,credit_card,web,west,premium,desktop,1,0,0,1971,69.37,756,19,17,2,5,8,0.0191,0.8568,0.1432,0.3288,0.000533,0,29.28
2026-02-10,2,10,1,7,0,0,0,0,credit_card,web,west,retail,ios,1,1,0,4611,94.59,2406,33,25,2,2,15,0.0184,0.867,0.133,0.2685,0.000763,2,253.04
2026-02-10,2,10,1,7,0,0,0,0,debit_card,branch,east,premium,desktop,0,0,0,567,45.57,201,12,10,3,1,5,0.0167,0.8691,0.1309,0.1945,0.000251,0,0.0
2026-02-10,2,10,1,7,0,0,0,0,debit_card,branch,east,retail,desktop,0,0,0,761,65.69,257,33,7,8,6,2,0.0248,0.8597,0.1403,0.2549,0.00036,0,3.23
2026-02-10,2,10,1,7,0,0,0,0,debit_card,branch,north,premium,desktop,0,0,0,552,100.78,277,20,7,4,2,3,0.0153,0.8439,0.1561,0.236,0.000268,0,11.63
2026-02-10,2,10,1,7,0,0,0,0,debit_card,branch,north,retail,desktop,0,0,0,800,110.58,295,41,12,2,2,10,0.0251,0.868,0.132,0.2019,0.00038,2,220.31
2026-02-10,2,10,1,7,0,0,0,0,debit_card,branch,south,premium,desktop,0,0,0,518,81.43,226,14,9,8,0,5,0.0226,0.8657,0.1343,0.2978,0.0003,0,0.0
2026-02-10,2,10,1,7,0,0,0,0,debit_card,branch,south,retail,desktop,0,0,0,999,91.4,511,23,9,6,2,4,0.0274,0.861,0.139,0.2423,0.000416,0,18.56
2026-02-10,2,10,1,7,0,0,0,0,debit_card,branch,west,premium,desktop,0,0,0,555,52.12,173,12,10,6,1,5,0.025,0.8607,0.1393,0.2669,0.00029,0,27.78
2026-02-10,2,10,1,7,0,0,0,0,debit_card,branch,west,retail,desktop,0,0,0,868,58.55,330,35,8,4,3,7,0.028,0.8447,0.1553,0.189,0.000404,1,23.36
2026-02-10,2,10,1,7,0,0,0,0,debit_card,mobile_app,east,premium,android,1,0,0,2319,96.38,997,21,19,12,0,21,0.021,0.867,0.133,0.5938,0.000422,3,368.35
2026-02-10,2,10,1,7,0,0,0,0,debit_card,mobile_app,east,retail,android,1,1,0,3592,70.22,2041,37,24,10,5,30,0.0237,0.8626,0.1374,0.6546,0.000611,7,644.35
2026-02-10,2,10,1,7,0,0,0,0,debit_card,mobile_app,north,premium,ios,1,0,0,2160,67.01,1027,20,19,10,2,11,0.0158,0.8443,0.1557,0.4356,0.000436,1,41.79
2026-02-10,2,10,1,7,0,0,0,0,debit_card,mobile_app,north,retail,ios,1,1,0,3693,60.48,1340,36,32,8,3,19,0.0256,0.8656,0.1344,0.4411,0.000615,4,190.72
2026-02-10,2,10,1,7,0,0,0,0,debit_card,mobile_app,south,premium,android,1,0,0,2465,52.92,1091,19,23,9,2,21,0.0257,0.8501,0.1499,0.5875,0.000486,3,216.11
2026-02-10,2,10,1,7,0,0,0,0,debit_card,mobile_app,south,retail,android,1,1,0,3397,53.77,1450,34,27,14,4,15,0.0295,0.8672,0.1328,0.6102,0.00067,1,107.5
2026-02-10,2,10,1,7,0,0,0,0,debit_card,mobile_app,west,premium,android,1,0,0,2390,70.02,849,18,22,8,4,14,0.0215,0.8561,0.1439,0.6628,0.000505,1,37.45
2026-02-10,2,10,1,7,0,0,0,0,debit_card,mobile_app,west,retail,android,1,1,0,3363,85.0,1786,37,23,10,2,12,0.0299,0.8636,0.1364,0.6128,0.000721,2,200.3
2026-02-10,2,10,1,7,0,0,0,0,debit_card,web,east,premium,desktop,1,0,0,1576,79.67,851,20,11,8,1,13,0.0122,0.8744,0.1256,0.2805,0.000386,3,205.1
2026-02-10,2,10,1,7,0,0,0,0,debit_card,web,east,retail,desktop,1,1,0,2020,97.73,1020,28,16,9,3,17,0.0215,0.8578,0.1422,0.3496,0.000528,4,367.13
2026-02-10,2,10,1,7,0,0,0,0,debit_card,web,north,premium,desktop,1,0,0,1399,60.29,666,17,15,8,1,10,0.0193,0.8603,0.1397,0.2894,0.000381,1,118.87
2026-02-10,2,10,1,7,0,0,0,0,debit_card,web,north,retail,desktop,1,1,0,2039,54.52,676,27,18,3,2,26,0.0176,0.8519,0.1481,0.3317,0.000544,5,290.33
2026-02-10,2,10,1,7,0,0,0,0,debit_card,web,south,premium,desktop,1,0,0,1334,27.98,844,13,6,6,0,4,0.0146,0.8653,0.1347,0.3504,0.000398,0,49.85
2026-02-10,2,10,1,7,0,0,0,0,debit_card,web,south,retail,desktop,1,1,0,2022,29.15,648,17,16,11,5,13,0.0157,0.8631,0.1369,0.3614,0.000624,1,1.58
2026-02-10,2,10,1,7,0,0,0,0,debit_card,web,west,premium,desktop,1,0,0,1588,62.12,667,15,19,10,0,12,0.0169,0.8528,0.1472,0.4025,0.000408,2,128.72
2026-02-10,2,10,1,7,0,0,0,0,debit_card,web,west,retail,desktop,1,1,0,2134,62.07,803,18,13,13,5,11,0.0231,0.8559,0.1441,0.284,0.000641,2,177.89
2026-02-10,2,10,1,7,0,0,0,0,digital_wallet,branch,east,premium,desktop,0,0,0,515,37.73,223,12,14,6,0,4,0.0197,0.8458,0.1542,0.293,0.000359,0,0.0
2026-02-10,2,10,1,7,0,0,0,0,digital_wallet,branch,east,retail,desktop,0,0,0,618,71.09,255,20,6,5,2,1,0.02,0.8597,0.1403,0.2585,0.000545,0,0.0
2026-02-10,2,10,1,7,0,0,0,0,digital_wallet,branch,north,premium,desktop,0,0,0,399,64.76,161,11,11,3,0,4,0.0185,0.8616,0.1384,0.2852,0.000397,0,6.45
2026-02-10,2,10,1,7,0,0,0,0,digital_wallet,branch,north,retail,desktop,0,0,0,650,87.04,176,27,9,5,3,2,0.016,0.8695,0.1305,0.1834,0.000547,0,0.0
2026-02-10,2,10,1,7,0,0,0,0,digital_wallet,branch,south,premium,desktop,0,0,0,436,91.09,252,15,10,7,2,6,0.0174,0.8632,0.1368,0.3005,0.000426,0,15.44
2026-02-10,2,10,1,7,0,0,0,0,digital_wallet,branch,south,retail,desktop,0,0,0,609,61.17,247,23,9,4,1,6,0.0137,0.8621,0.1379,0.2576,0.000595,0,0.0
2026-02-10,2,10,1,7,0,0,0,0,digital_wallet,branch,west,premium,desktop,0,0,0,457,55.76,231,5,6,7,2,3,0.0225,0.8461,0.1539,0.2649,0.000416,0,8.73
2026-02-10,2,10,1,7,0,0,0,0,digital_wallet,branch,west,retail,desktop,0,0,0,741,62.9,213,21,9,4,2,6,0.0191,0.8679,0.1321,0.2872,0.000654,0,3.3
2026-02-10,2,10,1,7,0,0,0,0,digital_wallet,mobile_app,east,premium,ios,1,0,0,1664,62.31,609,14,19,7,1,11,0.0193,0.8753,0.1247,0.4363,0.000612,2,145.32
2026-02-10,2,10,1,7,0,0,0,0,digital_wallet,mobile_app,east,retail,ios,1,1,0,2982,47.38,1271,35,27,9,1,10,0.0221,0.8667,0.1333,0.4055,0.000856,3,136.62
2026-02-10,2,10,1,7,0,0,0,0,digital_wallet,mobile_app,north,premium,ios,1,0,0,1996,43.17,673,16,21,15,4,7,0.0167,0.8614,0.1386,0.4387,0.000632,1,92.64
2026-02-10,2,10,1,7,0,0,0,0,digital_wallet,mobile_app,north,retail,ios,1,1,0,3045,36.24,1574,27,22,8,1,26,0.0194,0.8635,0.1365,0.4456,0.00089,5,219.6
2026-02-10,2,10,1,7,0,0,0,0,digital_wallet,mobile_app,south,premium,android,1,0,0,2034,61.01,609,13,22,13,3,13,0.0184,0.8602,0.1398,0.5959,0.000691,2,173.52
2026-02-10,2,10,1,7,0,0,0,0,digital_wallet,mobile_app,south,retail,android,1,1,0,2665,69.75,1358,33,19,10,2,16,0.0233,0.861,0.139,0.5632,0.000972,3,245.27
2026-02-10,2,10,1,7,0,0,0,0,digital_wallet,mobile_app,west,premium,android,1,0,0,2106,67.11,972,19,19,10,6,12,0.0124,0.8653,0.1347,0.6105,0.000715,1,26.8
2026-02-10,2,10,1,7,0,0,0,0,digital_wallet,mobile_app,west,retail,android,1,1,0,3006,55.79,1729,40,30,13,1,37,0.021,0.8729,0.1271,0.6488,0.001006,6,387.0
2026-02-10,2,10,1,7,0,0,0,0,digital_wallet,web,east,premium,desktop,1,0,0,1142,37.45,713,11,12,7,1,5,0.0216,0.8769,0.1231,0.2848,0.000544,0,16.06
2026-02-10,2,10,1,7,0,0,0,0,digital_wallet,web,east,retail,ios,1,1,0,2488,35.05,1049,17,15,7,5,15,0.0177,0.8582,0.1418,0.2824,0.000765,2,119.25
2026-02-10,2,10,1,7,0,0,0,0,digital_wallet,web,north,premium,desktop,1,0,0,1213,77.57,460,10,16,6,4,15,0.0262,0.8728,0.1272,0.3587,0.000542,2,74.32
2026-02-10,2,10,1,7,0,0,0,0,digital_wallet,web,north,retail,ios,1,1,0,2179,27.08,655,19,12,4,4,17,0.012,0.8632,0.1368,0.3394,0.000775,3,25.06
2026-02-10,2,10,1,7,0,0,0,0,digital_wallet,web,south,premium,ios,1,0,0,1374,65.02,581,17,14,7,1,9,0.0213,0.8843,0.1157,0.3235,0.000647,0,0.0
2026-02-10,2,10,1,7,0,0,0,0,digital_wallet,web,south,retail,ios,1,1,0,2545,72.97,1246,26,19,5,4,10,0.0156,0.8662,0.1338,0.2961,0.00087,2,225.17
2026-02-10,2,10,1,7,0,0,0,0,digital_wallet,web,west,premium,android,1,0,0,1929,39.25,834,14,7,3,4,4,0.0165,0.8639,0.1361,0.5275,0.000627,1,51.52
2026-02-10,2,10,1,7,0,0,0,0,digital_wallet,web,west,retail,desktop,1,1,0,1710,96.91,514,17,17,4,2,20,0.0183,0.8617,0.1383,0.3489,0.000839,3,322.53
2026-02-11,2,11,2,7,0,0,0,0,credit_card,branch,east,premium,desktop,0,0,0,806,60.69,507,22,15,3,3,8,0.0149,0.8547,0.1453,0.2524,0.000333,0,0.0
2026-02-11,2,11,2,7,0,0,0,0,credit_card,branch,east,retail,desktop,0,0,0,848,115.68,404,26,5,2,2,6,0.0135,0.8539,0.1461,0.262,0.000467,1,103.29
2026-02-11,2,11,2,7,0,0,0,0,credit_card,branch,north,premium,desktop,0,0,0,608,59.36,231,16,16,7,1,7,0.025,0.8522,0.1478,0.2591,0.000356,1,63.29
2026-02-11,2,11,2,7,0,0,0,0,credit_card,branch,north,retail,desktop,0,0,0,1041,67.69,336,31,16,1,2,10,0.0224,0.8663,0.1337,0.2849,0.000463,2,182.11
2026-02-11,2,11,2,7,0,0,0,0,credit_card,branch,south,premium,desktop,0,0,0,653,74.07,292,20,9,9,2,5,0.0265,0.8493,0.1507,0.2428,0.000374,0,27.3
2026-02-11,2,11,2,7,0,0,0,0,credit_card,branch,south,retail,desktop,0,0,0,922,57.79,419,36,10,3,2,4,0.0238,0.8601,0.1399,0.2359,0.000494,0,9.0
2026-02-11,2,11,2,7,0,0,0,0,credit_card,branch,west,premium,desktop,0,0,0,643,81.22,250,16,5,5,0,3,0.0236,0.8592,0.1408,0.2467,0.000379,0,28.12
2026-02-11,2,11,2,7,0,0,0,0,credit_card,branch,west,retail,desktop,0,0,0,1107,71.15,416,45,2,8,6,4,0.0132,0.8585,0.1415,0.2158,0.000536,1,77.41
2026-02-11,2,11,2,7,0,0,0,0,credit_card,mobile_app,east,premium,ios,1,0,0,2547,74.75,1216,27,23,10,4,13,0.0074,0.8421,0.1579,0.4189,0.000559,2,264.1
2026-02-11,2,11,2,7,0,0,0,0,credit_card,mobile_app,east,retail,ios,1,1,0,4012,61.33,1270,37,25,6,2,17,0.025,0.8651,0.1349,0.4344,0.00077,1,36.87
2026-02-11,2,11,2,7,0,0,0,0,credit_card,mobile_app,north,premium,ios,1,0,0,2919,60.19,1510,23,19,14,0,18,0.0178,0.8597,0.1403,0.4147,0.000574,3,203.1
2026-02-11,2,11,2,7,0,0,0,0,credit_card,mobile_app,north,retail,android,1,1,0,4378,117.99,1564,50,17,5,0,17,0.0142,0.8601,0.1399,0.6087,0.000766,4,447.54
2026-02-11,2,11,2,7,0,0,0,0,credit_card,mobile_app,south,premium,ios,1,0,0,2686,54.72,787,21,19,7,0,16,0.0228,0.8627,0.1373,0.4162,0.000633,2,79.13
2026-02-11,2,11,2,7,0,0,0,0,credit_card,mobile_app,south,retail,android,1,1,0,3719,140.48,1547,44,19,8,1,22,0.0217,0.8593,0.1407,0.5632,0.000887,4,788.53
2026-02-11,2,11,2,7,0,0,0,0,credit_card,mobile_app,west,premium,ios,1,0,0,3151,67.38,1135,22,16,12,0,4,0.0186,0.8532,0.1468,0.4843,0.000636,0,0.0
2026-02-11,2,11,2,7,0,0,0,0,credit_card,mobile_app,west,retail,android,1,1,0,5037,68.08,1631,49,26,8,1,22,0.0239,0.8452,0.1548,0.5992,0.000921,4,367.86
2026-02-11,2,11,2,7,0,0,0,0,credit_card,web,east,premium,ios,1,0,0,2374,60.48,1181,11,12,9,0,10,0.026,0.8728,0.1272,0.3412,0.000474,2,216.01
2026-02-11,2,11,2,7,0,0,0,0,credit_card,web,east,retail,ios,1,1,0,3362,64.98,1613,28,20,8,5,11,0.0139,0.8709,0.1291,0.3736,0.000662,0,0.0
2026-02-11,2,11,2,7,0,0,0,0,credit_card,web,north,premium,android,1,0,0,2129,73.47,901,18,17,5,2,6,0.0152,0.875,0.125,0.4644,0.00049,0,8.41
2026-02-11,2,11,2,7,0,0,0,0,credit_card,web,north,retail,android,1,1,0,3800,63.79,1379,14,11,7,4,18,0.0247,0.85,0.15,0.546,0.000691,3,252.63
2026-02-11,2,11,2,7,0,0,0,0,credit_card,web,south,premium,android,1,0,0,2562,55.82,751,19,14,10,4,11,0.0148,0.8476,0.1524,0.5286,0.000543,2,276.23
2026-02-11,2,11,2,7,0,0,0,0,credit_card,web,south,retail,desktop,1,1,0,1879,78.26,557,34,14,6,0,5,0.0249,0.8442,0.1558,0.3484,0.000731,0,53.43
2026-02-11,2,11,2,7,0,0,0,0,credit_card,web,west,premium,desktop,1,0,0,1581,73.45,577,17,13,6,0,3,0.0216,0.8673,0.1327,0.3389,0.000554,0,15.38
2026-02-11,2,11,2,7,0,0,0,0,credit_card,web,west,retail,desktop,1,1,0,2438,107.84,1516,26,14,9,5,9,0.0143,0.8931,0.1069,0.3215,0.000786,2,348.82
2026-02-11,2,11,2,7,0,0,0,0,debit_card,branch,east,premium,desktop,0,0,0,634,42.19,278,11,5,5,2,2,0.0165,0.8604,0.1396,0.2134,0.000248,0,0.2
2026-02-11,2,11,2,7,0,0,0,0,debit_card,branch,east,retail,desktop,0,0,0,734,83.1,207,23,9,4,0,5,0.0191,0.862,0.138,0.294,0.000347,0,19.8
2026-02-11,2,11,2,7,0,0,0,0,debit_card,branch,north,premium,desktop,0,0,0,575,45.14,198,9,13,6,1,3,0.0233,0.8625,0.1375,0.2429,0.000269,0,8.35
2026-02-11,2,11,2,7,0,0,0,0,debit_card,branch,north,retail,desktop,0,0,0,872,80.07,395,40,10,10,2,5,0.0199,0.8568,0.1432,0.2128,0.000366,1,88.1
2026-02-11,2,11,2,7,0,0,0,0,debit_card,branch,south,premium,desktop,0,0,0,443,44.35,251,13,19,4,1,8,0.0216,0.8582,0.1418,0.2609,0.000276,1,82.92
2026-02-11,2,11,2,7,0,0,0,0,debit_card,branch,south,retail,desktop,0,0,0,796,101.78,268,25,10,4,0,7,0.0167,0.877,0.123,0.2303,0.000392,2,299.08
2026-02-11,2,11,2,7,0,0,0,0,debit_card,branch,west,premium,desktop,0,0,0,523,96.93,176,15,8,4,1,3,0.0182,0.8655,0.1345,0.218,0.000309,0,19.94
2026-02-11,2,11,2,7,0,0,0,0,debit_card,branch,west,retail,desktop,0,0,0,786,69.14,423,29,9,2,1,6,0.0199,0.8654,0.1346,0.1986,0.000433,1,0.0
2026-02-11,2,11,2,7,0,0,0,0,debit_card,mobile_app,east,premium,ios,1,0,0,2395,110.85,773,20,16,7,2,9,0.0212,0.8702,0.1298,0.477,0.000426,1,75.48
2026-02-11,2,11,2,7,0,0,0,0,debit_card,mobile_app,east,retail,ios,1,1,0,3265,65.31,1348,46,22,7,3,19,0.0252,0.8596,0.1404,0.4637,0.000603,2,98.07
2026-02-11,2,11,2,7,0,0,0,0,debit_card,mobile_app,north,premium,android,1,0,0,2619,96.96,1274,21,30,12,0,21,0.0181,0.8434,0.1566,0.6231,0.000443,1,57.33
2026-02-11,2,11,2,7,0,0,0,0,debit_card,mobile_app,north,retail,ios,1,1,0,3392,32.36,2153,50,25,7,1,11,0.02,0.8696,0.1304,0.4208,0.000655,1,62.73
2026-02-11,2,11,2,7,0,0,0,0,debit_card,mobile_app,south,premium,ios,1,0,0,2061,63.83,687,25,21,17,1,17,0.0233,0.84,0.16,0.4149,0.000491,2,115.61
2026-02-11,2,11,2,7,0,0,0,0,debit_card,mobile_app,south,retail,android,1,1,0,3429,52.2,1302,36,30,18,2,12,0.0164,0.8521,0.1479,0.6104,0.000662,2,53.25
2026-02-11,2,11,2,7,0,0,0,0,debit_card,mobile_app,west,premium,android,1,0,0,2649,39.71,1469,14,15,13,1,9,0.0289,0.8687,0.1313,0.5972,0.000497,1,0.0
2026-02-11,2,11,2,7,0,0,0,0,debit_card,mobile_app,west,retail,android,1,1,0,4772,119.06,1436,39,20,10,2,12,0.025,0.8725,0.1275,0.6671,0.000728,2,228.31
2026-02-11,2,11,2,7,0,0,0,0,debit_card,web,east,premium,ios,1,0,0,1962,27.76,1262,16,15,8,1,9,0.0275,0.8448,0.1552,0.308,0.000355,1,41.28
2026-02-11,2,11,2,7,0,0,0,0,debit_card,web,east,retail,ios,1,1,0,2265,60.01,677,24,20,4,2,5,0.0215,0.8721,0.1279,0.3458,0.000513,0,57.76
2026-02-11,2,11,2,7,0,0,0,0,debit_card,web,north,premium,ios,1,0,0,2186,78.95,1316,15,12,6,0,13,0.0175,0.853,0.147,0.2981,0.000394,3,301.91
2026-02-11,2,11,2,7,0,0,0,0,debit_card,web,north,retail,desktop,1,1,0,2039,46.75,713,35,21,9,3,17,0.0169,0.8812,0.1188,0.3236,0.000525,1,41.77
2026-02-11,2,11,2,7,0,0,0,0,debit_card,web,south,premium,desktop,1,0,0,1184,62.08,420,16,13,10,3,5,0.0114,0.8511,0.1489,0.3886,0.000418,0,0.0
2026-02-11,2,11,2,7,0,0,0,0,debit_card,web,south,retail,desktop,1,1,0,2065,86.82,1159,32,17,3,3,16,0.0205,0.8563,0.1437,0.3259,0.0006,4,518.98
2026-02-11,2,11,2,7,0,0,0,0,debit_card,web,west,premium,android,1,0,0,2010,64.1,727,18,18,10,4,12,0.0242,0.86,0.14,0.4912,0.000438,1,86.38
2026-02-11,2,11,2,7,0,0,0,0,debit_card,web,west,retail,ios,1,1,0,3065,130.15,1019,29,24,7,2,10,0.0187,0.8604,0.1396,0.2533,0.00064,2,403.18
2026-02-11,2,11,2,7,0,0,0,0,digital_wallet,branch,east,premium,desktop,0,0,0,413,52.18,137,12,6,4,2,4,0.0137,0.857,0.143,0.2393,0.000348,1,41.54
2026-02-11,2,11,2,7,0,0,0,0,digital_wallet,branch,east,retail,desktop,0,0,0,627,64.15,179,21,14,4,4,8,0.0196,0.8482,0.1518,0.2538,0.000504,0,0.0
2026-02-11,2,11,2,7,0,0,0,0,digital_wallet,branch,north,premium,desktop,0,0,0,450,54.11,150,10,10,2,0,4,0.0185,0.8633,0.1367,0.2318,0.000375,0,0.0
2026-02-11,2,11,2,7,0,0,0,0,digital_wallet,branch,north,retail,desktop,0,0,0,580,41.67,228,21,5,2,1,2,0.0175,0.8462,0.1538,0.2743,0.000555,0,0.0
2026-02-11,2,11,2,7,0,0,0,0,digital_wallet,branch,south,premium,desktop,0,0,0,412,43.77,212,11,6,3,1,8,0.0203,0.8615,0.1385,0.2255,0.000399,2,51.2
2026-02-11,2,11,2,7,0,0,0,0,digital_wallet,branch,south,retail,desktop,0,0,0,687,93.07,288,23,8,7,1,2,0.0151,0.8602,0.1398,0.2594,0.00059,0,0.0
2026-02-11,2,11,2,7,0,0,0,0,digital_wallet,branch,west,premium,desktop,0,0,0,370,75.18,161,8,8,6,0,4,0.0198,0.8732,0.1268,0.2492,0.000432,0,39.96
2026-02-11,2,11,2,7,0,0,0,0,digital_wallet,branch,west,retail,desktop,0,0,0,669,54.94,358,22,12,4,1,12,0.014,0.8664,0.1336,0.2457,0.000634,2,98.86
2026-02-11,2,11,2,7,0,0,0,0,digital_wallet,mobile_app,east,premium,android,1,0,0,2070,60.77,687,11,20,11,4,7,0.0197,0.8624,0.1376,0.6184,0.000609,0,33.4
2026-02-11,2,11,2,7,0,0,0,0,digital_wallet,mobile_app,east,retail,ios,1,1,0,2609,45.25,921,35,16,17,5,26,0.0248,0.8536,0.1464,0.4339,0.000907,5,243.32
2026-02-11,2,11,2,7,0,0,0,0,digital_wallet,mobile_app,north,premium,ios,1,0,0,1816,28.98,1137,18,21,6,1,5,0.0181,0.8536,0.1464,0.4476,0.000587,0,27.58
2026-02-11,2,11,2,7,0,0,0,0,digital_wallet,mobile_app,north,retail,ios,1,1,0,3133,133.54,1126,30,21,8,3,26,0.0227,0.8637,0.1363,0.4999,0.000887,4,418.23
2026-02-11,2,11,2,7,0,0,0,0,digital_wallet,mobile_app,south,premium,ios,1,0,0,2002,128.16,1032,16,28,7,2,14,0.0204,0.8445,0.1555,0.429,0.000717,2,220.21
2026-02-11,2,11,2,7,0,0,0,0,digital_wallet,mobile_app,south,retail,android,1,1,0,2588,51.65,1149,28,37,8,3,16,0.0253,0.864,0.136,0.6348,0.000999,2,65.79
2026-02-11,2,11,2,7,0,0,0,0,digital_wallet,mobile_app,west,premium,ios,1,0,0,2056,50.93,1014,16,21,8,3,19,0.0197,0.8675,0.1325,0.4057,0.000714,2,126.66
2026-02-11,2,11,2,7,0,0,0,0,digital_wallet,mobile_app,west,retail,android,1,1,0,2790,49.66,1039,41,28,7,1,21,0.0191,0.8447,0.1553,0.564,0.001022,2,75.5
2026-02-11,2,11,2,7,0,0,0,0,digital_wallet,web,east,premium,desktop,1,0,0,1173,61.88,586,10,16,6,0,5,0.0192,0.8643,0.1357,0.349,0.000528,0,0.0
2026-02-11,2,11,2,7,0,0,0,0,digital_wallet,web,east,retail,ios,1,1,0,2389,47.28,1102,25,19,13,1,14,0.0144,0.8639,0.1361,0.3165,0.000765,1,0.0
2026-02-11,2,11,2,7,0,0,0,0,digital_wallet,web,north,premium,desktop,1,0,0,1194,33.11,596,11,12,6,0,10,0.0178,0.8647,0.1353,0.3394,0.000512,1,133.17
2026-02-11,2,11,2,7,0,0,0,0,digital_wallet,web,north,retail,desktop,1,1,0,1671,34.02,564,24,30,4,4,20,0.0163,0.8506,0.1494,0.3489,0.0008,1,19.82
2026-02-11,2,11,2,7,0,0,0,0,digital_wallet,web,south,premium,desktop,1,0,0,993,61.06,512,16,9,4,4,5,0.0174,0.8605,0.1395,0.3401,0.00059,0,51.79
2026-02-11,2,11,2,7,0,0,0,0,digital_wallet,web,south,retail,desktop,1,1,0,1700,48.03,631,18,14,8,5,12,0.0208,0.8692,0.1308,0.2875,0.000841,3,167.19
2026-02-11,2,11,2,7,0,0,0,0,digital_wallet,web,west,premium,desktop,1,0,0,1034,98.85,631,8,10,5,0,2,0.0171,0.8676,0.1324,0.2954,0.000568,0,0.0
2026-02-11,2,11,2,7,0,0,0,0,digital_wallet,web,west,retail,desktop,1,1,0,1590,54.39,1033,25,17,9,5,14,0.0208,0.8705,0.1295,0.3633,0.000909,4,317.29
2026-02-12,2,12,3,7,0,0,0,0,credit_card,branch,east,premium,desktop,0,0,0,653,80.2,191,23,12,7,0,6,0.025,0.8472,0.1528,0.2243,0.000343,0,0.0
2026-02-12,2,12,3,7,0,0,0,0,credit_card,branch,east,retail,desktop,0,0,0,1113,43.1,562,32,10,7,2,5,0.027,0.8633,0.1367,0.2492,0.00049,1,63.78
2026-02-12,2,12,3,7,0,0,0,0,credit_card,branch,north,premium,desktop,0,0,0,693,67.78,324,20,15,4,2,9,0.0133,0.8561,0.1439,0.1807,0.000343,0,48.25
2026-02-12,2,12,3,7,0,0,0,0,credit_card,branch,north,retail,desktop,0,0,0,855,76.82,332,26,11,8,2,2,0.0167,0.8602,0.1398,0.2402,0.000477,0,0.0
2026-02-12,2,12,3,7,0,0,0,0,credit_card,branch,south,premium,desktop,0,0,0,621,54.49,233,20,14,4,1,6,0.0252,0.8623,0.1377,0.2762,0.000353,0,0.0
2026-02-12,2,12,3,7,0,0,0,0,credit_card,branch,south,retail,desktop,0,0,0,818,58.98,288,34,7,2,1,2,0.0189,0.85,0.15,0.2962,0.000524,0,0.0
2026-02-12,2,12,3,7,0,0,0,0,credit_card,branch,west,premium,desktop,0,0,0,700,104.84,261,15,13,7,0,3,0.0257,0.8538,0.1462,0.3471,0.000398,0,9.68
2026-02-12,2,12,3,7,0,0,0,0,credit_card,branch,west,retail,desktop,0,0,0,1057,66.71,383,32,7,7,3,5,0.0219,0.8649,0.1351,0.2608,0.000552,1,11.34
2026-02-12,2,12,3,7,0,0,0,0,credit_card,mobile_app,east,premium,ios,1,0,0,2553,76.94,1465,18,22,7,1,15,0.0198,0.862,0.138,0.4512,0.000536,1,72.87
2026-02-12,2,12,3,7,0,0,0,0,credit_card,mobile_app,east,retail,android,1,1,0,4214,48.66,1460,47,31,12,3,30,0.0225,0.8591,0.1409,0.5708,0.000794,4,231.74
2026-02-12,2,12,3,7,0,0,0,0,credit_card,mobile_app,north,premium,ios,1,0,0,3034,64.75,1049,24,27,9,1,16,0.0193,0.8603,0.1397,0.3883,0.000567,2,81.88
2026-02-12,2,12,3,7,0,0,0,0,credit_card,mobile_app,north,retail,android,1,1,0,3823,45.26,2288,43,22,10,3,30,0.0183,0.8599,0.1401,0.5986,0.000825,5,251.55
2026-02-12,2,12,3,7,0,0,0,0,credit_card,mobile_app,south,premium,ios,1,0,0,2515,59.42,827,32,17,7,0,3,0.0199,0.8744,0.1256,0.4189,0.000589,0,33.37
2026-02-12,2,12,3,7,0,0,0,0,credit_card,mobile_app,south,retail,android,1,1,0,3808,71.15,1663,40,32,4,1,19,0.0214,0.8695,0.1305,0.603,0.000831,3,283.15
2026-02-12,2,12,3,7,0,0,0,0,credit_card,mobile_app,west,premium,android,1,0,0,2669,86.35,862,26,17,6,1,18,0.0186,0.863,0.137,0.5794,0.000595,3,360.77
2026-02-12,2,12,3,7,0,0,0,0,credit_card,mobile_app,west,retail,ios,1,1,0,4237,56.32,1426,52,23,11,5,25,0.021,0.8486,0.1514,0.4444,0.000917,4,323.88
2026-02-12,2,12,3,7,0,0,0,0,credit_card,web,east,premium,desktop,1,0,0,1493,158.29,475,22,9,6,3,4,0.0171,0.8489,0.1511,0.3764,0.000493,0,0.0
2026-02-12,2,12,3,7,0,0,0,0,credit_card,web,east,retail,desktop,1,1,0,2360,72.28,1036,38,19,8,1,17,0.0197,0.857,0.143,0.2871,0.000658,2,146.77
2026-02-12,2,12,3,7,0,0,0,0,credit_card,web,north,premium,android,1,0,0,2503,60.92,740,15,11,8,5,10,0.0287,0.8633,0.1367,0.4497,0.000503,1,109.36
2026-02-12,2,12,3,7,0,0,0,0,credit_card,web,north,retail,ios,1,1,0,3620,88.5,1589,35,21,4,2,20,0.0224,0.8449,0.1551,0.3672,0.000703,2,302.67
2026-02-12,2,12,3,7,0,0,0,0,credit_card,web,south,premium,desktop,1,0,0,1440,65.51,608,22,13,5,6,5,0.0145,0.8629,0.1371,0.3113,0.000538,1,143.17
2026-02-12,2,12,3,7,0,0,0,0,credit_card,web,south,retail,android,1,1,0,2997,45.34,1056,40,16,3,2,11,0.0177,0.8704,0.1296,0.5553,0.000728,1,108.59
2026-02-12,2,12,3,7,0,0,0,0,credit_card,web,west,premium,ios,1,0,0,2069,56.43,1087,16,15,6,2,12,0.0183,0.8629,0.1371,0.303,0.000558,2,206.7
2026-02-12,2,12,3,7,0,0,0,0,credit_card,web,west,retail,desktop,1,1,0,2481,70.86,738,30,23,7,3,20,0.0221,0.8515,0.1485,0.3398,0.000787,2,185.23
2026-02-12,2,12,3,7,0,0,0,0,debit_card,branch,east,premium,desktop,0,0,0,529,77.27,231,16,9,3,2,3,0.0156,0.8434,0.1566,0.25,0.000253,0,39.3
2026-02-12,2,12,3,7,0,0,0,0,debit_card,branch,east,retail,desktop,0,0,0,952,57.11,317,25,11,3,1,5,0.0174,0.8635,0.1365,0.2535,0.000372,0,0.0
2026-02-12,2,12,3,7,0,0,0,0,debit_card,branch,north,premium,desktop,0,0,0,513,28.87,284,21,15,3,1,7,0.0171,0.8578,0.1422,0.2603,0.000262,0,0.0
2026-02-12,2,12,3,7,0,0,0,0,debit_card,branch,north,retail,desktop,0,0,0,788,48.63,435,28,15,4,2,5,0.0233,0.8643,0.1357,0.2486,0.000372,0,0.0
2026-02-12,2,12,3,7,0,0,0,0,debit_card,branch,south,premium,desktop,0,0,0,576,78.91,223,14,12,5,1,4,0.0219,0.8439,0.1561,0.2741,0.000283,0,0.0
2026-02-12,2,12,3,7,0,0,0,0,debit_card,branch,south,retail,desktop,0,0,0,790,86.66,256,34,16,7,0,6,0.0217,0.8609,0.1391,0.2913,0.000407,0,0.0
2026-02-12,2,12,3,7,0,0,0,0,debit_card,branch,west,premium,desktop,0,0,0,620,127.96,237,14,7,6,0,3,0.0202,0.8589,0.1411,0.2642,0.000293,0,0.0
2026-02-12,2,12,3,7,0,0,0,0,debit_card,branch,west,retail,desktop,0,0,0,757,70.53,294,25,13,5,2,3,0.0125,0.8521,0.1479,0.286,0.000431,0,35.54
2026-02-12,2,12,3,7,0,0,0,0,debit_card,mobile_app,east,premium,ios,1,0,0,2296,87.87,887,11,18,6,2,11,0.0196,0.8598,0.1402,0.437,0.000417,1,48.67
2026-02-12,2,12,3,7,0,0,0,0,debit_card,mobile_app,east,retail,android,1,1,0,3552,51.94,1430,32,16,5,4,4,0.0201,0.8707,0.1293,0.6216,0.000573,0,8.24
2026-02-12,2,12,3,7,0,0,0,0,debit_card,mobile_app,north,premium,android,1,0,0,2194,81.04,690,17,20,18,3,10,0.0183,0.8642,0.1358,0.6031,0.000464,2,128.09
2026-02-12,2,12,3,7,0,0,0,0,debit_card,mobile_app,north,retail,ios,1,1,0,3643,120.43,1580,36,24,9,2,21,0.0234,0.8636,0.1364,0.4654,0.000635,2,176.45
2026-02-12,2,12,3,7,0,0,0,0,debit_card,mobile_app,south,premium,android,1,0,0,2114,51.47,980,27,20,12,0,14,0.0279,0.8643,0.1357,0.6207,0.000483,2,121.87
2026-02-12,2,12,3,7,0,0,0,0,debit_card,mobile_app,south,retail,android,1,1,0,3555,52.06,2178,37,24,11,1,13,0.0146,0.8662,0.1338,0.6749,0.000705,3,76.24
2026-02-12,2,12,3,7,0,0,0,0,debit_card,mobile_app,west,premium,ios,1,0,0,2826,51.06,1520,23,18,8,0,16,0.0187,0.8664,0.1336,0.4021,0.000496,2,71.85
2026-02-12,2,12,3,7,0,0,0,0,debit_card,mobile_app,west,retail,android,1,1,0,3770,55.46,1462,38,27,12,3,19,0.0187,0.8604,0.1396,0.6137,0.000715,2,154.57
2026-02-12,2,12,3,7,0,0,0,0,debit_card,web,east,premium,desktop,1,0,0,1297,51.24,410,8,16,2,1,9,0.0164,0.8615,0.1385,0.3429,0.000358,0,58.35
2026-02-12,2,12,3,7,0,0,0,0,debit_card,web,east,retail,desktop,1,1,0,1798,46.47,590,24,20,8,3,12,0.0181,0.8537,0.1463,0.3443,0.000529,0,0.0
2026-02-12,2,12,3,7,0,0,0,0,debit_card,web,north,premium,ios,1,0,0,1650,86.78,899,16,15,4,2,7,0.0144,0.8527,0.1473,0.3146,0.00037,1,76.33
2026-02-12,2,12,3,7,0,0,0,0,debit_card,web,north,retail,desktop,1,1,0,1836,67.68,724,44,13,7,4,14,0.0177,0.8646,0.1354,0.3545,0.00053,3,163.72
2026-02-12,2,12,3,7,0,0,0,0,debit_card,web,south,premium,desktop,1,0,0,1311,66.49,381,11,13,6,2,4,0.0147,0.8536,0.1464,0.3078,0.000422,1,130.27
2026-02-12,2,12,3,7,0,0,0,0,debit_card,web,south,retail,desktop,1,1,0,1852,55.26,644,22,12,7,0,7,0.0189,0.8664,0.1336,0.3194,0.000578,1,75.45
2026-02-12,2,12,3,7,0,0,0,0,debit_card,web,west,premium,ios,1,0,0,2038,39.36,727,18,12,4,3,6,0.019,0.8775,0.1225,0.3436,0.000418,0,31.11
2026-02-12,2,12,3,7,0,0,0,0,debit_card,web,west,retail,desktop,1,1,0,2079,92.42,872,35,21,4,3,15,0.0119,0.8585,0.1415,0.2843,0.000623,1,153.86
2026-02-12,2,12,3,7,0,0,0,0,digital_wallet,branch,east,premium,desktop,0,0,0,421,160.63,133,10,8,6,1,5,0.0111,0.86,0.14,0.1986,0.000385,1,126.55
2026-02-12,2,12,3,7,0,0,0,0,digital_wallet,branch,east,retail,desktop,0,0,0,551,98.17,258,22,11,1,6,4,0.0169,0.8561,0.1439,0.2734,0.000536,0,0.0
2026-02-12,2,12,3,7,0,0,0,0,digital_wallet,branch,north,premium,desktop,0,0,0,541,54.31,166,12,10,6,2,5,0.0189,0.863,0.137,0.231,0.000387,0,0.0
2026-02-12,2,12,3,7,0,0,0,0,digital_wallet,branch,north,retail,desktop,0,0,0,544,39.49,215,18,13,5,4,6,0.0146,0.8532,0.1468,0.2382,0.000545,1,79.1
2026-02-12,2,12,3,7,0,0,0,0,digital_wallet,branch,south,premium,desktop,0,0,0,478,42.96,177,17,6,6,3,2,0.015,0.853,0.147,0.2599,0.000443,0,14.64
2026-02-12,2,12,3,7,0,0,0,0,digital_wallet,branch,south,retail,desktop,0,0,0,645,61.25,292,24,8,6,0,4,0.0133,0.8544,0.1456,0.2956,0.00056,0,0.0
2026-02-12,2,12,3,7,0,0,0,0,digital_wallet,branch,west,premium,desktop,0,0,0,488,42.68,159,14,8,1,2,2,0.0232,0.8749,0.1251,0.2522,0.000422,0,0.0
2026-02-12,2,12,3,7,0,0,0,0,digital_wallet,branch,west,retail,desktop,0,0,0,693,131.85,280,22,8,4,0,2,0.0302,0.8615,0.1385,0.2796,0.000604,0,33.03
2026-02-12,2,12,3,7,0,0,0,0,digital_wallet,mobile_app,east,premium,android,1,0,0,1817,70.21,726,16,19,8,0,12,0.0131,0.8563,0.1437,0.5861,0.00062,1,6.69
2026-02-12,2,12,3,7,0,0,0,0,digital_wallet,mobile_app,east,retail,ios,1,1,0,2754,101.01,1272,30,33,11,3,24,0.0136,0.8625,0.1375,0.3946,0.00087,2,209.75
2026-02-12,2,12,3,7,0,0,0,0,digital_wallet,mobile_app,north,premium,ios,1,0,0,1595,67.72,480,14,16,14,3,8,0.0207,0.8943,0.1057,0.4642,0.000635,2,82.32
2026-02-12,2,12,3,7,0,0,0,0,digital_wallet,mobile_app,north,retail,android,1,1,0,2925,47.95,1212,27,31,18,2,25,0.0218,0.8644,0.1356,0.5581,0.000957,5,284.48
2026-02-12,2,12,3,7,0,0,0,0,digital_wallet,mobile_app,south,premium,ios,1,0,0,1767,82.22,660,17,28,9,2,14,0.0192,0.8852,0.1148,0.4367,0.000749,2,161.06
2026-02-12,2,12,3,7,0,0,0,0,digital_wallet,mobile_app,south,retail,ios,1,1,0,2589,85.62,772,18,20,4,2,7,0.0148,0.8545,0.1455,0.4252,0.000956,1,102.85
2026-02-12,2,12,3,7,0,0,0,0,digital_wallet,mobile_app,west,premium,ios,1,0,0,2102,51.03,646,17,22,8,2,10,0.0173,0.8551,0.1449,0.4073,0.000722,0,39.06
2026-02-12,2,12,3,7,0,0,0,0,digital_wallet,mobile_app,west,retail,android,1,1,0,2535,51.25,1159,32,24,8,3,19,0.0188,0.8661,0.1339,0.5927,0.000972,3,225.87
2026-02-12,2,12,3,7,0,0,0,0,digital_wallet,web,east,premium,desktop,1,0,0,1181,53.27,771,9,15,4,2,7,0.0194,0.8682,0.1318,0.347,0.000515,1,42.39
2026-02-12,2,12,3,7,0,0,0,0,digital_wallet,web,east,retail,desktop,1,1,0,1246,38.89,439,19,19,6,2,14,0.0235,0.8673,0.1327,0.3532,0.000796,1,24.76
2026-02-12,2,12,3,7,0,0,0,0,digital_wallet,web,north,premium,desktop,1,0,0,1158,76.48,486,15,12,9,1,8,0.0212,0.8641,0.1359,0.3261,0.000566,1,96.53
2026-02-12,2,12,3,7,0,0,0,0,digital_wallet,web,north,retail,desktop,1,1,0,1699,62.85,680,20,11,5,2,6,0.0139,0.862,0.138,0.3778,0.000746,0,12.84
2026-02-12,2,12,3,7,0,0,0,0,digital_wallet,web,south,premium,desktop,1,0,0,1103,31.74,694,9,16,2,1,6,0.0219,0.8594,0.1406,0.2993,0.000627,1,39.89
2026-02-12,2,12,3,7,0,0,0,0,digital_wallet,web,south,retail,desktop,1,1,0,1530,78.93,527,29,27,10,4,14,0.0157,0.8517,0.1483,0.373,0.00084,3,276.47
2026-02-12,2,12,3,7,0,0,0,0,digital_wallet,web,west,premium,ios,1,0,0,1809,57.62,1109,11,12,6,4,11,0.0206,0.8649,0.1351,0.3379,0.000618,1,39.83
2026-02-12,2,12,3,7,0,0,0,0,digital_wallet,web,west,retail,desktop,1,1,0,1578,63.47,1010,29,14,9,3,3,0.0201,0.8531,0.1469,0.3106,0.00088,0,23.75
2026-02-13,2,13,4,7,0,0,0,0,credit_card,branch,east,premium,desktop,0,0,0,665,40.83,225,20,14,2,0,6,0.0209,0.8432,0.1568,0.2398,0.000318,0,0.0
2026-02-13,2,13,4,7,0,0,0,0,credit_card,branch,east,retail,desktop,0,0,0,797,53.98,454,48,9,4,2,2,0.0247,0.8459,0.1541,0.2469,0.00047,0,0.0
2026-02-13,2,13,4,7,0,0,0,0,credit_card,branch,north,premium,desktop,0,0,0,623,42.37,206,12,9,5,1,4,0.0196,0.8514,0.1486,0.2592,0.000333,0,0.0
2026-02-13,2,13,4,7,0,0,0,0,credit_card,branch,north,retail,desktop,0,0,0,1048,109.88,400,32,11,4,2,9,0.0197,0.8699,0.1301,0.2924,0.000515,1,117.59
2026-02-13,2,13,4,7,0,0,0,0,credit_card,branch,south,premium,desktop,0,0,0,623,56.38,294,15,12,4,3,3,0.0248,0.8839,0.1161,0.2796,0.000381,0,0.0
2026-02-13,2,13,4,7,0,0,0,0,credit_card,branch,south,retail,desktop,0,0,0,828,89.34,278,30,13,6,1,7,0.0187,0.8613,0.1387,0.2806,0.000524,0,0.0
2026-02-13,2,13,4,7,0,0,0,0,credit_card,branch,west,premium,desktop,0,0,0,602,103.43,248,12,14,3,2,8,0.0256,0.869,0.131,0.2206,0.000393,0,0.0
2026-02-13,2,13,4,7,0,0,0,0,credit_card,branch,west,retail,desktop,0,0,0,969,71.22,343,24,10,3,2,6,0.0219,0.8594,0.1406,0.2702,0.000553,0,18.38
2026-02-13,2,13,4,7,0,0,0,0,credit_card,mobile_app,east,premium,android,1,0,0,2761,32.34,973,19,16,9,1,13,0.0233,0.8773,0.1227,0.6564,0.00055,1,85.06
2026-02-13,2,13,4,7,0,0,0,0,credit_card,mobile_app,east,retail,android,1,1,0,4204,83.39,1300,47,19,9,3,18,0.0174,0.8681,0.1319,0.6105,0.00077,2,263.42
2026-02-13,2,13,4,7,0,0,0,0,credit_card,mobile_app,north,premium,android,1,0,0,2922,75.14,922,17,20,14,0,10,0.0161,0.8513,0.1487,0.6481,0.000582,1,77.18
2026-02-13,2,13,4,7,0,0,0,0,credit_card,mobile_app,north,retail,android,1,1,0,3852,87.16,1656,38,32,12,2,17,0.0233,0.8619,0.1381,0.648,0.000797,1,117.19
2026-02-13,2,13,4,7,0,0,0,0,credit_card,mobile_app,south,premium,android,1,0,0,2854,60.33,1346,23,22,9,2,16,0.027,0.8561,0.1439,0.5724,0.000612,1,64.37
2026-02-13,2,13,4,7,0,0,0,0,credit_card,mobile_app,south,retail,android,1,1,0,4042,52.96,1878,48,25,11,1,11,0.0224,0.8623,0.1377,0.5883,0.00086,2,139.47
2026-02-13,2,13,4,7,0,0,0,0,credit_card,mobile_app,west,premium,android,1,0,0,2669,56.01,1038,19,30,8,4,23,0.0202,0.8719,0.1281,0.6369,0.000657,4,260.62
2026-02-13,2,13,4,7,0,0,0,0,credit_card,mobile_app,west,retail,ios,1,1,0,4372,99.89,2189,48,25,6,6,15,0.0164,0.8608,0.1392,0.45,0.000881,4,391.59
2026-02-13,2,13,4,7,0,0,0,0,credit_card,web,east,premium,desktop,1,0,0,1414,67.69,829,15,16,8,1,3,0.0213,0.8507,0.1493,0.3293,0.000455,0,0.0
2026-02-13,2,13,4,7,0,0,0,0,credit_card,web,east,retail,android,1,1,0,3501,65.19,1318,37,19,4,1,5,0.0224,0.8826,0.1174,0.516,0.000662,0,0.0
2026-02-13,2,13,4,7,0,0,0,0,credit_card,web,north,premium,android,1,0,0,2597,60.05,1089,12,14,3,0,7,0.0225,0.8607,0.1393,0.5261,0.000503,0,1.74
2026-02-13,2,13,4,7,0,0,0,0,credit_card,web,north,retail,desktop,1,1,0,2347,56.57,1008,35,17,9,4,15,0.0297,0.858,0.142,0.3516,0.000714,3,269.43
2026-02-13,2,13,4,7,0,0,0,0,credit_card,web,south,premium,android,1,0,0,2748,81.93,1157,20,22,7,1,8,0.0234,0.8539,0.1461,0.5289,0.000532,0,0.0
2026-02-13,2,13,4,7,0,0,0,0,credit_card,web,south,retail,desktop,1,1,0,2023,91.83,815,33,6,10,4,7,0.0143,0.8815,0.1185,0.3743,0.000756,1,158.02
2026-02-13,2,13,4,7,0,0,0,0,credit_card,web,west,premium,desktop,1,0,0,1815,72.17,704,17,22,6,0,15,0.0204,0.8574,0.1426,0.3436,0.000551,1,45.86
2026-02-13,2,13,4,7,0,0,0,0,credit_card,web,west,retail,android,1,1,0,4012,84.01,2137,29,15,8,1,10,0.017,0.8611,0.1389,0.4784,0.000763,3,441.15
2026-02-13,2,13,4,7,0,0,0,0,debit_card,branch,east,premium,desktop,0,0,0,504,49.76,200,20,11,6,3,2,0.0175,0.8517,0.1483,0.2507,0.000264,0,0.0
2026-02-13,2,13,4,7,0,0,0,0,debit_card,branch,east,retail,desktop,0,0,0,810,91.73,394,27,6,2,1,3,0.0238,0.8605,0.1395,0.2586,0.000347,1,161.98
2026-02-13,2,13,4,7,0,0,0,0,debit_card,branch,north,premium,desktop,0,0,0,589,38.46,329,15,15,3,1,8,0.0301,0.8632,0.1368,0.2512,0.00026,0,0.0
2026-02-13,2,13,4,7,0,0,0,0,debit_card,branch,north,retail,desktop,0,0,0,817,72.45,297,29,11,4,0,2,0.0259,0.8742,0.1258,0.2769,0.000359,0,0.0
2026-02-13,2,13,4,7,0,0,0,0,debit_card,branch,south,premium,desktop,0,0,0,507,70.55,263,16,9,3,0,3,0.0253,0.8668,0.1332,0.2264,0.00028,0,0.0
2026-02-13,2,13,4,7,0,0,0,0,debit_card,branch,south,retail,desktop,0,0,0,721,46.04,433,25,9,7,4,3,0.016,0.8659,0.1341,0.1951,0.000407,0,28.51
2026-02-13,2,13,4,7,0,0,0,0,debit_card,branch,west,premium,desktop,0,0,0,592,90.44,225,15,11,5,2,7,0.0132,0.8502,0.1498,0.2586,0.000304,0,0.4
2026-02-13,2,13,4,7,0,0,0,0,debit_card,branch,west,retail,desktop,0,0,0,903,54.14,528,20,12,3,2,7,0.0196,0.8434,0.1566,0.2725,0.000418,0,9.69
2026-02-13,2,13,4,7,0,0,0,0,debit_card,mobile_app,east,premium,android,1,0,0,2553,47.85,810,23,11,8,0,11,0.015,0.8502,0.1498,0.6171,0.000415,2,132.13
2026-02-13,2,13,4,7,0,0,0,0,debit_card,mobile_app,east,retail,android,1,1,0,2862,83.43,1261,24,26,11,1,9,0.0231,0.8501,0.1499,0.6503,0.000577,2,222.86
2026-02-13,2,13,4,7,0,0,0,0,debit_card,mobile_app,north,premium,ios,1,0,0,1941,57.64,832,28,28,14,0,13,0.0284,0.8789,0.1211,0.3526,0.000437,0,22.9
2026-02-13,2,13,4,7,0,0,0,0,debit_card,mobile_app,north,retail,ios,1,1,0,3626,48.06,1374,39,33,8,2,35,0.0195,0.8375,0.1625,0.475,0.000625,4,137.68
2026-02-13,2,13,4,7,0,0,0,0,debit_card,mobile_app,south,premium,android,1,0,0,2362,138.24,1095,14,21,4,1,6,0.0262,0.8733,0.1267,0.6459,0.00044,0,0.0
2026-02-13,2,13,4,7,0,0,0,0,debit_card,mobile_app,south,retail,android,1,1,0,3362,82.51,1455,36,25,6,0,19,0.0293,0.8709,0.1291,0.6401,0.000658,1,70.21
2026-02-13,2,13,4,7,0,0,0,0,debit_card,mobile_app,west,premium,ios,1,0,0,2277,65.14,776,15,23,12,1,14,0.0262,0.8639,0.1361,0.4308,0.000504,3,226.64
2026-02-13,2,13,4,7,0,0,0,0,debit_card,mobile_app,west,retail,ios,1,1,0,3491,53.13,1159,36,22,9,1,15,0.0175,0.8455,0.1545,0.3913,0.000718,3,229.96
2026-02-13,2,13,4,7,0,0,0,0,debit_card,web,east,premium,desktop,1,0,0,1349,51.45,625,19,14,10,2,5,0.0184,0.8612,0.1388,0.3076,0.000375,0,27.73
2026-02-13,2,13,4,7,0,0,0,0,debit_card,web,east,retail,desktop,1,1,0,2200,33.19,677,24,7,5,4,4,0.0224,0.8551,0.1449,0.3281,0.000527,0,0.0
2026-02-13,2,13,4,7,0,0,0,0,debit_card,web,north,premium,ios,1,0,0,1761,106.33,951,16,13,5,2,3,0.019,0.8812,0.1188,0.2976,0.0004,0,51.46
2026-02-13,2,13,4,7,0,0,0,0,debit_card,web,north,retail,android,1,1,0,3006,74.14,1308,26,21,6,2,7,0.0201,0.8475,0.1525,0.5563,0.000538,1,57.95
2026-02-13,2,13,4,7,0,0,0,0,debit_card,web,south,premium,android,1,0,0,1994,61.31,800,22,11,4,1,4,0.0284,0.8543,0.1457,0.5082,0.000403,1,55.92
2026-02-13,2,13,4,7,0,0,0,0,debit_card,web,south,retail,desktop,1,1,0,1821,59.01,798,26,21,6,3,7,0.0195,0.8785,0.1215,0.356,0.00058,1,62.26
2026-02-13,2,13,4,7,0,0,0,0,debit_card,web,west,premium,desktop,1,0,0,1450,94.55,680,18,14,6,2,6,0.0239,0.8535,0.1465,0.3459,0.000448,0,0.0
2026-02-13,2,13,4,7,0,0,0,0,debit_card,web,west,retail,ios,1,1,0,3033,71.85,1213,22,21,3,2,15,0.0265,0.856,0.144,0.2912,0.000607,2,146.59
2026-02-13,2,13,4,7,0,0,0,0,digital_wallet,branch,east,premium,desktop,0,0,0,505,62.4,171,7,9,8,0,6,0.0159,0.8635,0.1365,0.2476,0.000352,0,0.0
2026-02-13,2,13,4,7,0,0,0,0,digital_wallet,branch,east,retail,desktop,0,0,0,705,72.98,413,24,9,2,0,16,0.0164,0.8708,0.1292,0.3196,0.000475,3,243.92
2026-02-13,2,13,4,7,0,0,0,0,digital_wallet,branch,north,premium,desktop,0,0,0,472,85.67,150,12,10,4,0,3,0.0208,0.8612,0.1388,0.215,0.000395,0,11.83
2026-02-13,2,13,4,7,0,0,0,0,digital_wallet,branch,north,retail,desktop,0,0,0,619,119.85,325,28,14,6,3,6,0.0208,0.8642,0.1358,0.2332,0.000543,0,75.95
2026-02-13,2,13,4,7,0,0,0,0,digital_wallet,branch,south,premium,desktop,0,0,0,361,100.66,128,12,7,5,2,3,0.012,0.856,0.144,0.2294,0.000428,0,0.0
2026-02-13,2,13,4,7,0,0,0,0,digital_wallet,branch,south,retail,desktop,0,0,0,724,68.86,368,22,13,5,3,8,0.0276,0.8583,0.1417,0.269,0.000606,1,67.45
2026-02-13,2,13,4,7,0,0,0,0,digital_wallet,branch,west,premium,desktop,0,0,0,514,113.38,209,9,7,2,0,1,0.0217,0.8534,0.1466,0.2545,0.00043,0,102.13
2026-02-13,2,13,4,7,0,0,0,0,digital_wallet,branch,west,retail,desktop,0,0,0,610,45.51,193,17,13,8,2,14,0.0209,0.857,0.143,0.2646,0.000622,2,0.0
2026-02-13,2,13,4,7,0,0,0,0,digital_wallet,mobile_app,east,premium,ios,1,0,0,1702,48.91,638,16,29,7,1,8,0.0212,0.8582,0.1418,0.4563,0.000632,0,3.43
2026-02-13,2,13,4,7,0,0,0,0,digital_wallet,mobile_app,east,retail,ios,1,1,0,2566,36.06,1363,33,34,9,7,19,0.0258,0.861,0.139,0.3955,0.000879,5,218.77
2026-02-13,2,13,4,7,0,0,0,0,digital_wallet,mobile_app,north,premium,android,1,0,0,2322,42.79,845,12,22,12,1,12,0.0174,0.8541,0.1459,0.6305,0.000628,1,46.42
2026-02-13,2,13,4,7,0,0,0,0,digital_wallet,mobile_app,north,retail,ios,1,1,0,2724,114.91,840,34,18,9,1,16,0.0168,0.8467,0.1533,0.4474,0.000912,3,329.94
2026-02-13,2,13,4,7,0,0,0,0,digital_wallet,mobile_app,south,premium,android,1,0,0,2198,41.72,786,21,22,13,2,15,0.0165,0.8553,0.1447,0.5938,0.000682,2,36.0
2026-02-13,2,13,4,7,0,0,0,0,digital_wallet,mobile_app,south,retail,ios,1,1,0,2587,57.51,884,45,32,11,3,16,0.0134,0.8618,0.1382,0.4634,0.001017,1,10.56
2026-02-13,2,13,4,7,0,0,0,0,digital_wallet,mobile_app,west,premium,ios,1,0,0,2245,70.02,1408,14,21,10,2,11,0.0243,0.8617,0.1383,0.4343,0.000732,1,70.17
2026-02-13,2,13,4,7,0,0,0,0,digital_wallet,mobile_app,west,retail,ios,1,1,0,2720,80.18,1113,23,23,10,1,21,0.0167,0.8773,0.1227,0.4074,0.001012,4,269.8
2026-02-13,2,13,4,7,0,0,0,0,digital_wallet,web,east,premium,desktop,1,0,0,1108,64.91,321,10,24,5,1,14,0.0235,0.8631,0.1369,0.325,0.000554,2,135.99
2026-02-13,2,13,4,7,0,0,0,0,digital_wallet,web,east,retail,desktop,1,1,0,1478,74.18,514,19,23,6,2,9,0.0241,0.847,0.153,0.396,0.000766,1,87.13
2026-02-13,2,13,4,7,0,0,0,0,digital_wallet,web,north,premium,desktop,1,0,0,1167,79.11,473,15,11,6,3,4,0.0157,0.866,0.134,0.3355,0.000528,0,0.0
2026-02-13,2,13,4,7,0,0,0,0,digital_wallet,web,north,retail,ios,1,1,0,2292,44.89,921,19,17,9,2,9,0.0205,0.8583,0.1417,0.3288,0.00079,1,54.61
2026-02-13,2,13,4,7,0,0,0,0,digital_wallet,web,south,premium,desktop,1,0,0,1053,46.15,508,11,14,7,0,5,0.0202,0.8611,0.1389,0.3089,0.000612,1,63.6
2026-02-13,2,13,4,7,0,0,0,0,digital_wallet,web,south,retail,android,1,1,0,1968,38.43,1067,18,15,6,2,17,0.0139,0.8585,0.1415,0.4843,0.000853,5,280.4
2026-02-13,2,13,4,7,0,0,0,0,digital_wallet,web,west,premium,android,1,0,0,1663,50.14,728,11,19,8,4,16,0.0202,0.8622,0.1378,0.4914,0.000659,1,29.56
2026-02-13,2,13,4,7,0,0,0,0,digital_wallet,web,west,retail,desktop,1,1,0,1667,38.92,828,27,16,7,4,8,0.0154,0.8501,0.1499,0.3511,0.000837,2,63.81
2026-02-14,2,14,5,7,1,0,0,0,credit_card,branch,east,premium,desktop,0,0,0,549,72.57,218,20,16,3,1,7,0.0262,0.8572,0.1428,0.2455,0.000333,0,0.0
2026-02-14,2,14,5,7,1,0,0,0,credit_card,branch,east,retail,desktop,0,0,0,862,74.72,327,26,12,4,8,3,0.0236,0.8667,0.1333,0.2597,0.000426,0,30.13
2026-02-14,2,14,5,7,1,0,0,0,credit_card,branch,north,premium,desktop,0,0,0,587,70.19,171,16,9,5,3,4,0.0095,0.8652,0.1348,0.2998,0.000343,0,41.12
2026-02-14,2,14,5,7,1,0,0,0,credit_card,branch,north,retail,desktop,0,0,0,824,52.78,442,44,19,0,3,5,0.0188,0.8439,0.1561,0.231,0.000461,0,0.0
2026-02-14,2,14,5,7,1,0,0,0,credit_card,branch,south,premium,desktop,0,0,0,483,47.75,134,15,11,4,0,3,0.0166,0.8402,0.1598,0.2916,0.000371,0,0.0
2026-02-14,2,14,5,7,1,0,0,0,credit_card,branch,south,retail,desktop,0,0,0,753,55.6,391,36,16,12,0,4,0.0225,0.8477,0.1523,0.274,0.000547,0,5.06
2026-02-14,2,14,5,7,1,0,0,0,credit_card,branch,west,premium,desktop,0,0,0,616,69.17,282,19,13,9,1,6,0.0143,0.8456,0.1544,0.2832,0.000395,0,0.0
2026-02-14,2,14,5,7,1,0,0,0,credit_card,branch,west,retail,desktop,0,0,0,729,80.67,360,28,9,3,2,11,0.0146,0.855,0.145,0.2349,0.000532,2,136.33
2026-02-14,2,14,5,7,1,0,0,0,credit_card,mobile_app,east,premium,ios,1,0,0,2450,71.58,1253,22,24,8,3,12,0.0213,0.8643,0.1357,0.3902,0.000542,0,2.83
2026-02-14,2,14,5,7,1,0,0,0,credit_card,mobile_app,east,retail,ios,1,1,0,3137,127.83,1029,36,19,12,4,18,0.0167,0.8665,0.1335,0.4189,0.00079,3,333.87
2026-02-14,2,14,5,7,1,0,0,0,credit_card,mobile_app,north,premium,ios,1,0,0,2305,143.01,983,17,24,19,3,16,0.0168,0.8474,0.1526,0.4581,0.000582,3,572.56
2026-02-14,2,14,5,7,1,0,0,0,credit_card,mobile_app,north,retail,android,1,1,0,3977,80.09,1422,34,22,8,3,14,0.0209,0.8587,0.1413,0.6492,0.000784,3,294.24
2026-02-14,2,14,5,7,1,0,0,0,credit_card,mobile_app,south,premium,ios,1,0,0,1994,79.19,1191,27,30,15,5,16,0.0222,0.8278,0.1722,0.4639,0.000632,3,314.64
2026-02-14,2,14,5,7,1,0,0,0,credit_card,mobile_app,south,retail,android,1,1,0,3383,97.96,1537,46,29,13,3,18,0.0229,0.8382,0.1618,0.6341,0.000861,3,320.51
2026-02-14,2,14,5,7,1,0,0,0,credit_card,mobile_app,west,premium,ios,1,0,0,2300,69.42,835,17,20,14,3,7,0.0193,0.8524,0.1476,0.4092,0.00064,1,61.08
2026-02-14,2,14,5,7,1,0,0,0,credit_card,mobile_app,west,retail,ios,1,1,0,3824,70.14,1939,45,28,9,1,20,0.0156,0.8308,0.1692,0.4213,0.00091,1,112.92
2026-02-14,2,14,5,7,1,0,0,0,credit_card,web,east,premium,desktop,1,0,0,1350,85.93,550,19,19,6,1,9,0.0266,0.8474,0.1526,0.2702,0.000453,1,67.21
2026-02-14,2,14,5,7,1,0,0,0,credit_card,web,east,retail,desktop,1,1,0,2123,58.33,671,35,16,7,3,6,0.0151,0.849,0.151,0.3386,0.000684,1,30.55
2026-02-14,2,14,5,7,1,0,0,0,credit_card,web,north,premium,ios,1,0,0,1966,35.85,582,13,12,10,2,5,0.0197,0.8653,0.1347,0.3428,0.000516,0,0.0
2026-02-14,2,14,5,7,1,0,0,0,credit_card,web,north,retail,ios,1,1,0,3074,80.15,919,36,20,3,0,24,0.0185,0.8542,0.1458,0.3883,0.000661,3,471.23
2026-02-14,2,14,5,7,1,0,0,0,credit_card,web,south,premium,desktop,1,0,0,1477,87.95,578,12,21,5,3,11,0.0209,0.8554,0.1446,0.2609,0.000539,1,108.98
2026-02-14,2,14,5,7,1,0,0,0,credit_card,web,south,retail,desktop,1,1,0,2168,61.22,1261,35,13,5,4,4,0.0158,0.8382,0.1618,0.3871,0.000739,1,76.31
2026-02-14,2,14,5,7,1,0,0,0,credit_card,web,west,premium,desktop,1,0,0,1305,53.29,551,18,18,9,5,4,0.0133,0.8458,0.1542,0.3534,0.000567,0,6.3
2026-02-14,2,14,5,7,1,0,0,0,credit_card,web,west,retail,desktop,1,1,0,1985,108.42,971,33,24,5,2,20,0.0107,0.8546,0.1454,0.3198,0.000773,3,357.72
2026-02-14,2,14,5,7,1,0,0,0,debit_card,branch,east,premium,desktop,0,0,0,434,42.7,113,14,11,8,0,8,0.0236,0.836,0.164,0.2511,0.000266,1,7.65
2026-02-14,2,14,5,7,1,0,0,0,debit_card,branch,east,retail,desktop,0,0,0,746,45.52,375,23,8,4,2,7,0.0182,0.842,0.158,0.3042,0.000357,1,30.06
2026-02-14,2,14,5,7,1,0,0,0,debit_card,branch,north,premium,desktop,0,0,0,512,103.28,311,13,11,5,5,4,0.0182,0.8513,0.1487,0.25,0.000273,0,83.72
2026-02-14,2,14,5,7,1,0,0,0,debit_card,branch,north,retail,desktop,0,0,0,613,58.06,169,27,7,6,0,1,0.0142,0.8424,0.1576,0.2311,0.000386,0,0.0
2026-02-14,2,14,5,7,1,0,0,0,debit_card,branch,south,premium,desktop,0,0,0,355,66.62,207,11,8,9,2,3,0.0197,0.8676,0.1324,0.2462,0.0003,0,37.76
2026-02-14,2,14,5,7,1,0,0,0,debit_card,branch,south,retail,desktop,0,0,0,587,59.14,225,30,10,2,3,3,0.0175,0.8569,0.1431,0.2262,0.000392,0,30.77
2026-02-14,2,14,5,7,1,0,0,0,debit_card,branch,west,premium,desktop,0,0,0,513,42.0,269,9,11,1,0,6,0.0224,0.8409,0.1591,0.2485,0.000282,0,0.0
2026-02-14,2,14,5,7,1,0,0,0,debit_card,branch,west,retail,desktop,0,0,0,647,29.27,192,21,15,4,4,8,0.0218,0.8335,0.1665,0.2006,0.000415,0,0.0
2026-02-14,2,14,5,7,1,0,0,0,debit_card,mobile_app,east,premium,ios,1,0,0,1792,54.69,559,29,29,6,1,27,0.0182,0.86,0.14,0.4696,0.000426,4,267.12
2026-02-14,2,14,5,7,1,0,0,0,debit_card,mobile_app,east,retail,android,1,1,0,3408,48.86,1181,36,27,11,1,13,0.0218,0.8361,0.1639,0.5766,0.000611,3,146.95
2026-02-14,2,14,5,7,1,0,0,0,debit_card,mobile_app,north,premium,ios,1,0,0,2095,49.26,955,16,23,8,1,11,0.0193,0.8439,0.1561,0.3944,0.000436,0,0.0
2026-02-14,2,14,5,7,1,0,0,0,debit_card,mobile_app,north,retail,android,1,1,0,2786,43.5,1678,31,20,11,1,16,0.0214,0.8546,0.1454,0.5967,0.000643,2,52.05
2026-02-14,2,14,5,7,1,0,0,0,debit_card,mobile_app,south,premium,ios,1,0,0,2008,54.81,973,14,20,6,1,18,0.019,0.8677,0.1323,0.4661,0.00046,2,96.77
2026-02-14,2,14,5,7,1,0,0,0,debit_card,mobile_app,south,retail,android,1,1,0,3268,29.15,962,34,37,7,2,26,0.0156,0.8398,0.1602,0.6394,0.000705,4,148.94
2026-02-14,2,14,5,7,1,0,0,0,debit_card,mobile_app,west,premium,android,1,0,0,2105,54.29,675,15,21,9,2,13,0.018,0.853,0.147,0.6337,0.000498,0,7.78
2026-02-14,2,14,5,7,1,0,0,0,debit_card,mobile_app,west,retail,android,1,1,0,3133,82.15,1844,38,28,5,1,17,0.0237,0.8607,0.1393,0.5679,0.000711,0,8.14
2026-02-14,2,14,5,7,1,0,0,0,debit_card,web,east,premium,desktop,1,0,0,1335,60.83,792,16,17,5,0,10,0.0184,0.8479,0.1521,0.3361,0.000358,1,83.48
2026-02-14,2,14,5,7,1,0,0,0,debit_card,web,east,retail,ios,1,1,0,2480,42.16,936,21,18,1,1,10,0.0179,0.8499,0.1501,0.3383,0.000528,1,35.24
2026-02-14,2,14,5,7,1,0,0,0,debit_card,web,north,premium,desktop,1,0,0,1084,57.27,482,19,16,6,2,7,0.0212,0.8437,0.1563,0.2937,0.000379,0,0.0
2026-02-14,2,14,5,7,1,0,0,0,debit_card,web,north,retail,desktop,1,1,0,1591,54.08,972,22,31,6,2,26,0.0197,0.8428,0.1572,0.3036,0.000524,2,80.46
2026-02-14,2,14,5,7,1,0,0,0,debit_card,web,south,premium,desktop,1,0,0,849,44.32,311,14,19,11,1,5,0.0153,0.8604,0.1396,0.3263,0.000402,0,0.0
2026-02-14,2,14,5,7,1,0,0,0,debit_card,web,south,retail,ios,1,1,0,2667,168.78,1233,27,18,8,1,16,0.0226,0.8509,0.1491,0.3377,0.000599,3,650.38
2026-02-14,2,14,5,7,1,0,0,0,debit_card,web,west,premium,desktop,1,0,0,1188,95.62,373,13,22,8,4,19,0.0154,0.8526,0.1474,0.2842,0.000451,3,364.39
2026-02-14,2,14,5,7,1,0,0,0,debit_card,web,west,retail,ios,1,1,0,2550,116.69,952,31,29,7,2,28,0.0202,0.8567,0.1433,0.3484,0.000583,3,437.83
2026-02-14,2,14,5,7,1,0,0,0,digital_wallet,branch,east,premium,desktop,0,0,0,376,72.78,155,7,7,3,2,1,0.0236,0.8507,0.1493,0.3262,0.000366,0,11.67
2026-02-14,2,14,5,7,1,0,0,0,digital_wallet,branch,east,retail,desktop,0,0,0,555,64.43,333,26,7,3,2,2,0.0168,0.8539,0.1461,0.2489,0.000529,0,19.65
2026-02-14,2,14,5,7,1,0,0,0,digital_wallet,branch,north,premium,desktop,0,0,0,389,58.22,215,13,9,8,0,4,0.0233,0.8698,0.1302,0.3342,0.000391,0,41.47
2026-02-14,2,14,5,7,1,0,0,0,digital_wallet,branch,north,retail,desktop,0,0,0,629,86.3,297,20,16,8,1,9,0.0222,0.8531,0.1469,0.2072,0.000551,0,13.89
2026-02-14,2,14,5,7,1,0,0,0,digital_wallet,branch,south,premium,desktop,0,0,0,286,112.27,121,9,5,7,2,3,0.0241,0.8488,0.1512,0.2244,0.000424,0,0.0
2026-02-14,2,14,5,7,1,0,0,0,digital_wallet,branch,south,retail,desktop,0,0,0,452,118.53,270,19,10,4,1,3,0.0232,0.8414,0.1586,0.2295,0.000572,0,0.0
2026-02-14,2,14,5,7,1,0,0,0,digital_wallet,branch,west,premium,desktop,0,0,0,438,76.33,167,11,16,0,1,11,0.0156,0.8461,0.1539,0.2218,0.000426,1,11.07
2026-02-14,2,14,5,7,1,0,0,0,digital_wallet,branch,west,retail,desktop,0,0,0,516,38.74,196,30,13,5,2,11,0.0185,0.844,0.156,0.2845,0.00059,1,14.88
2026-02-14,2,14,5,7,1,0,0,0,digital_wallet,mobile_app,east,premium,android,1,0,0,1754,86.49,528,18,17,11,2,12,0.0224,0.8576,0.1424,0.6165,0.000614,2,136.23
2026-02-14,2,14,5,7,1,0,0,0,digital_wallet,mobile_app,east,retail,ios,1,1,0,2391,62.16,712,18,27,11,2,20,0.0209,0.8518,0.1482,0.4238,0.000971,2,116.06
2026-02-14,2,14,5,7,1,0,0,0,digital_wallet,mobile_app,north,premium,ios,1,0,0,1447,42.01,453,18,16,7,1,3,0.0222,0.8376,0.1624,0.456,0.000691,0,0.0
2026-02-14,2,14,5,7,1,0,0,0,digital_wallet,mobile_app,north,retail,android,1,1,0,2561,73.84,918,27,26,4,2,15,0.0122,0.8547,0.1453,0.603,0.000939,2,181.01
2026-02-14,2,14,5,7,1,0,0,0,digital_wallet,mobile_app,south,premium,ios,1,0,0,1505,70.93,778,17,23,8,1,11,0.0227,0.8628,0.1372,0.4208,0.000686,2,102.21
2026-02-14,2,14,5,7,1,0,0,0,digital_wallet,mobile_app,south,retail,ios,1,1,0,2529,58.7,892,29,30,14,3,18,0.0219,0.8491,0.1509,0.4699,0.001014,3,191.38
2026-02-14,2,14,5,7,1,0,0,0,digital_wallet,mobile_app,west,premium,ios,1,0,0,1589,55.3,1060,15,22,8,1,13,0.0243,0.8456,0.1544,0.4301,0.000728,0,0.0
2026-02-14,2,14,5,7,1,0,0,0,digital_wallet,mobile_app,west,retail,android,1,1,0,2725,48.36,1037,33,28,8,3,28,0.0273,0.853,0.147,0.6115,0.001042,6,340.95
2026-02-14,2,14,5,7,1,0,0,0,digital_wallet,web,east,premium,android,1,0,0,1297,80.9,412,17,9,4,2,6,0.0208,0.8542,0.1458,0.5072,0.000539,1,41.16
2026-02-14,2,14,5,7,1,0,0,0,digital_wallet,web,east,retail,ios,1,1,0,1945,114.65,587,27,12,5,1,6,0.0149,0.8566,0.1434,0.36,0.000718,1,134.64
2026-02-14,2,14,5,7,1,0,0,0,digital_wallet,web,north,premium,android,1,0,0,1211,93.52,471,10,17,10,2,8,0.0142,0.8528,0.1472,0.5284,0.000566,0,37.64
2026-02-14,2,14,5,7,1,0,0,0,digital_wallet,web,north,retail,desktop,1,1,0,1214,65.77,422,21,16,3,2,6,0.0207,0.8515,0.1485,0.3495,0.00076,0,0.0
2026-02-14,2,14,5,7,1,0,0,0,digital_wallet,web,south,premium,android,1,0,0,1182,103.86,394,9,21,7,5,17,0.0277,0.8211,0.1789,0.5355,0.000615,2,205.14
2026-02-14,2,14,5,7,1,0,0,0,digital_wallet,web,south,retail,desktop,1,1,0,1147,80.6,488,32,22,6,3,18,0.0181,0.8468,0.1532,0.3331,0.000838,3,207.9
2026-02-14,2,14,5,7,1,0,0,0,digital_wallet,web,west,premium,ios,1,0,0,1518,49.59,441,11,20,5,3,17,0.0202,0.8672,0.1328,0.3226,0.000658,1,77.65
2026-02-14,2,14,5,7,1,0,0,0,digital_wallet,web,west,retail,desktop,1,1,0,1671,87.16,839,20,21,6,4,17,0.0199,0.86,0.14,0.3219,0.0009,3,303.34
2026-02-15,2,15,6,7,1,0,1,0,credit_card,branch,east,premium,desktop,0,0,0,577,63.76,174,17,13,4,2,9,0.0208,0.8567,0.1433,0.2849,0.000332,1,97.38
2026-02-15,2,15,6,7,1,0,1,0,credit_card,branch,east,retail,desktop,0,0,0,877,68.74,282,30,9,6,2,12,0.0158,0.8392,0.1608,0.2462,0.000477,3,168.94
2026-02-15,2,15,6,7,1,0,1,0,credit_card,branch,north,premium,desktop,0,0,0,659,63.04,381,14,13,1,0,9,0.0218,0.8532,0.1468,0.2661,0.000345,1,85.03
2026-02-15,2,15,6,7,1,0,1,0,credit_card,branch,north,retail,desktop,0,0,0,852,98.76,424,44,13,4,0,5,0.0136,0.8463,0.1537,0.2351,0.00048,0,21.3
2026-02-15,2,15,6,7,1,0,1,0,credit_card,branch,south,premium,desktop,0,0,0,576,63.79,327,11,7,6,3,4,0.0286,0.8632,0.1368,0.2628,0.00037,0,42.11
2026-02-15,2,15,6,7,1,0,1,0,credit_card,branch,south,retail,desktop,0,0,0,861,55.5,282,38,12,2,0,7,0.0246,0.8616,0.1384,0.1997,0.000537,0,39.43
2026-02-15,2,15,6,7,1,0,1,0,credit_card,branch,west,premium,desktop,0,0,0,572,97.09,166,16,15,5,3,6,0.0237,0.8521,0.1479,0.2581,0.00038,0,0.0
2026-02-15,2,15,6,7,1,0,1,0,credit_card,branch,west,retail,desktop,0,0,0,997,83.9,473,29,13,4,2,4,0.0216,0.854,0.146,0.2215,0.000572,0,0.0
2026-02-15,2,15,6,7,1,0,1,0,credit_card,mobile_app,east,premium,ios,1,0,0,2667,40.16,1176,23,23,10,3,8,0.0217,0.8418,0.1582,0.4047,0.000567,1,55.87
2026-02-15,2,15,6,7,1,0,1,0,credit_card,mobile_app,east,retail,android,1,1,0,4094,48.87,1284,46,27,12,4,28,0.0159,0.8546,0.1454,0.6404,0.000803,5,391.06
2026-02-15,2,15,6,7,1,0,1,0,credit_card,mobile_app,north,premium,ios,1,0,0,2249,53.09,1041,32,23,2,2,11,0.0142,0.8569,0.1431,0.462,0.000582,1,53.74
2026-02-15,2,15,6,7,1,0,1,0,credit_card,mobile_app,north,retail,android,1,1,0,4219,63.59,1253,45,28,9,0,22,0.0212,0.8778,0.1222,0.6303,0.000828,5,453.68
2026-02-15,2,15,6,7,1,0,1,0,credit_card,mobile_app,south,premium,android,1,0,0,2848,62.39,1273,21,24,8,3,18,0.0135,0.8471,0.1529,0.5977,0.000621,2,138.3
2026-02-15,2,15,6,7,1,0,1,0,credit_card,mobile_app,south,retail,android,1,1,0,3858,65.9,1850,51,20,10,3,11,0.0215,0.8567,0.1433,0.6286,0.00085,3,239.46
2026-02-15,2,15,6,7,1,0,1,0,credit_card,mobile_app,west,premium,ios,1,0,0,2449,81.29,1347,24,28,10,3,13,0.0156,0.8608,0.1392,0.4372,0.000667,0,9.36
2026-02-15,2,15,6,7,1,0,1,0,credit_card,mobile_app,west,retail,android,1,1,0,4429,60.48,2547,37,20,11,3,12,0.0222,0.8347,0.1653,0.6148,0.000914,2,134.11
2026-02-15,2,15,6,7,1,0,1,0,credit_card,web,east,premium,desktop,1,0,0,1339,124.12,768,20,20,5,3,9,0.0178,0.8763,0.1237,0.3376,0.000464,0,0.0
2026-02-15,2,15,6,7,1,0,1,0,credit_card,web,east,retail,desktop,1,1,0,1824,90.28,619,34,14,6,0,12,0.0203,0.8659,0.1341,0.3274,0.000717,3,277.97
2026-02-15,2,15,6,7,1,0,1,0,credit_card,web,north,premium,desktop,1,0,0,1617,89.95,626,11,15,6,4,7,0.0142,0.8515,0.1485,0.3371,0.000496,2,238.7
2026-02-15,2,15,6,7,1,0,1,0,credit_card,web,north,retail,desktop,1,1,0,2445,55.88,1186,28,17,4,0,7,0.0259,0.8496,0.1504,0.3319,0.000685,0,49.58
2026-02-15,2,15,6,7,1,0,1,0,credit_card,web,south,premium,android,1,0,0,2311,90.36,795,14,17,3,3,15,0.0276,0.8401,0.1599,0.508,0.000511,2,214.91
2026-02-15,2,15,6,7,1,0,1,0,credit_card,web,south,retail,ios,1,1,0,2951,92.28,876,41,17,9,2,14,0.0199,0.8484,0.1516,0.3205,0.000788,4,364.84
2026-02-15,2,15,6,7,1,0,1,0,credit_card,web,west,premium,ios,1,0,0,2146,77.51,1078,17,8,3,0,15,0.0212,0.8307,0.1693,0.3084,0.000532,3,251.65
2026-02-15,2,15,6,7,1,0,1,0,credit_card,web,west,retail,desktop,1,1,0,2442,51.92,824,39,14,8,3,11,0.0178,0.86,0.14,0.2947,0.000779,1,43.54
2026-02-15,2,15,6,7,1,0,1,0,debit_card,branch,east,premium,desktop,0,0,0,558,65.78,188,15,11,2,0,3,0.0178,0.8388,0.1612,0.2701,0.000271,0,0.0
2026-02-15,2,15,6,7,1,0,1,0,debit_card,branch,east,retail,desktop,0,0,0,746,83.43,358,33,11,3,2,7,0.0273,0.8519,0.1481,0.2514,0.000373,0,0.0
2026-02-15,2,15,6,7,1,0,1,0,debit_card,branch,north,premium,desktop,0,0,0,533,65.03,291,19,8,4,1,4,0.0158,0.8441,0.1559,0.2591,0.000267,0,73.42
2026-02-15,2,15,6,7,1,0,1,0,debit_card,branch,north,retail,desktop,0,0,0,743,72.23,272,20,11,5,2,7,0.0163,0.8615,0.1385,0.2062,0.000376,0,0.0
2026-02-15,2,15,6,7,1,0,1,0,debit_card,branch,south,premium,desktop,0,0,0,543,47.55,247,18,14,6,2,3,0.0163,0.8475,0.1525,0.2813,0.000288,0,0.0
2026-02-15,2,15,6,7,1,0,1,0,debit_card,branch,south,retail,desktop,0,0,0,708,61.37,335,26,7,3,1,3,0.0189,0.8562,0.1438,0.3003,0.000408,0,0.0
2026-02-15,2,15,6,7,1,0,1,0,debit_card,branch,west,premium,desktop,0,0,0,460,46.47,202,17,10,1,2,3,0.0175,0.8582,0.1418,0.2178,0.000312,0,0.0
2026-02-15,2,15,6,7,1,0,1,0,debit_card,branch,west,retail,desktop,0,0,0,726,53.16,311,16,10,7,4,12,0.0196,0.8466,0.1534,0.2481,0.000447,2,126.97
2026-02-15,2,15,6,7,1,0,1,0,debit_card,mobile_app,east,premium,ios,1,0,0,1943,109.19,771,16,15,9,2,5,0.0204,0.8461,0.1539,0.3732,0.000432,0,0.0
2026-02-15,2,15,6,7,1,0,1,0,debit_card,mobile_app,east,retail,android,1,1,0,3525,42.33,1689,30,28,7,4,19,0.0133,0.8595,0.1405,0.5526,0.000583,2,107.35
2026-02-15,2,15,6,7,1,0,1,0,debit_card,mobile_app,north,premium,ios,1,0,0,2241,49.13,1011,10,24,11,2,15,0.0252,0.866,0.134,0.3947,0.000436,1,37.11
2026-02-15,2,15,6,7,1,0,1,0,debit_card,mobile_app,north,retail,android,1,1,0,3727,82.58,1856,39,40,16,1,22,0.0204,0.8457,0.1543,0.5831,0.000619,3,209.84
2026-02-15,2,15,6,7,1,0,1,0,debit_card,mobile_app,south,premium,ios,1,0,0,2057,63.49,908,16,23,8,2,18,0.0233,0.837,0.163,0.3949,0.000504,2,174.39
2026-02-15,2,15,6,7,1,0,1,0,debit_card,mobile_app,south,retail,ios,1,1,0,3222,64.45,2042,44,26,8,1,5,0.0281,0.8314,0.1686,0.4126,0.000653,0,0.0
2026-02-15,2,15,6,7,1,0,1,0,debit_card,mobile_app,west,premium,android,1,0,0,2536,58.8,914,18,22,12,2,8,0.0185,0.8469,0.1531,0.5993,0.000504,1,48.5
2026-02-15,2,15,6,7,1,0,1,0,debit_card,mobile_app,west,retail,ios,1,1,0,3501,58.27,1086,38,30,9,3,6,0.0215,0.8429,0.1571,0.4621,0.000722,0,0.0
2026-02-15,2,15,6,7,1,0,1,0,debit_card,web,east,premium,desktop,1,0,0,1240,72.19,606,11,10,7,0,9,0.0191,0.849,0.151,0.3344,0.00036,1,68.76
2026-02-15,2,15,6,7,1,0,1,0,debit_card,web,east,retail,android,1,1,0,3030,84.72,940,23,19,8,6,17,0.0252,0.8843,0.1157,0.5368,0.000515,3,332.18
2026-02-15,2,15,6,7,1,0,1,0,debit_card,web,north,premium,android,1,0,0,2026,74.78,743,9,16,12,2,4,0.017,0.8588,0.1412,0.5269,0.000394,0,89.9
2026-02-15,2,15,6,7,1,0,1,0,debit_card,web,north,retail,ios,1,1,0,2548,93.95,770,22,23,3,1,16,0.0182,0.8444,0.1556,0.3322,0.00056,1,63.27
2026-02-15,2,15,6,7,1,0,1,0,debit_card,web,south,premium,ios,1,0,0,2136,66.84,632,14,17,6,3,8,0.0204,0.8579,0.1421,0.367,0.000429,0,7.49
2026-02-15,2,15,6,7,1,0,1,0,debit_card,web,south,retail,desktop,1,1,0,1772,88.93,831,23,20,11,4,20,0.0169,0.8429,0.1571,0.3378,0.000588,3,336.52
2026-02-15,2,15,6,7,1,0,1,0,debit_card,web,west,premium,desktop,1,0,0,1226,78.29,384,17,14,4,5,5,0.0093,0.8665,0.1335,0.2888,0.000411,0,10.99
2026-02-15,2,15,6,7,1,0,1,0,debit_card,web,west,retail,desktop,1,1,0,2320,78.05,1061,32,18,9,3,8,0.0175,0.8407,0.1593,0.3122,0.000597,1,120.89
2026-02-15,2,15,6,7,1,0,1,0,digital_wallet,branch,east,premium,desktop,0,0,0,366,61.32,186,9,6,5,3,3,0.0228,0.8631,0.1369,0.2638,0.000386,0,10.52
2026-02-15,2,15,6,7,1,0,1,0,digital_wallet,branch,east,retail,desktop,0,0,0,536,70.31,174,17,18,4,3,7,0.0243,0.8606,0.1394,0.2403,0.000534,1,0.0
2026-02-15,2,15,6,7,1,0,1,0,digital_wallet,branch,north,premium,desktop,0,0,0,415,34.97,142,7,11,2,0,13,0.0136,0.8531,0.1469,0.2678,0.000383,2,84.68
2026-02-15,2,15,6,7,1,0,1,0,digital_wallet,branch,north,retail,desktop,0,0,0,578,56.54,214,15,10,4,3,5,0.0213,0.861,0.139,0.2528,0.000565,0,14.11
2026-02-15,2,15,6,7,1,0,1,0,digital_wallet,branch,south,premium,desktop,0,0,0,465,46.74,259,12,14,6,1,2,0.0202,0.8611,0.1389,0.153,0.00044,0,13.27
2026-02-15,2,15,6,7,1,0,1,0,digital_wallet,branch,south,retail,desktop,0,0,0,581,102.74,210,18,14,9,1,5,0.0247,0.8536,0.1464,0.2532,0.000588,0,0.0
2026-02-15,2,15,6,7,1,0,1,0,digital_wallet,branch,west,premium,desktop,0,0,0,476,44.83,138,9,20,4,1,12,0.0183,0.8399,0.1601,0.2864,0.000433,0,23.91
2026-02-15,2,15,6,7,1,0,1,0,digital_wallet,branch,west,retail,desktop,0,0,0,640,44.54,328,20,12,6,7,5,0.0179,0.8657,0.1343,0.2133,0.000651,0,16.06
2026-02-15,2,15,6,7,1,0,1,0,digital_wallet,mobile_app,east,premium,ios,1,0,0,1781,41.91,560,19,21,7,3,16,0.0209,0.8599,0.1401,0.468,0.00062,1,35.97
2026-02-15,2,15,6,7,1,0,1,0,digital_wallet,mobile_app,east,retail,ios,1,1,0,2402,65.83,893,37,40,18,2,32,0.022,0.8617,0.1383,0.4248,0.000869,3,198.62
2026-02-15,2,15,6,7,1,0,1,0,digital_wallet,mobile_app,north,premium,ios,1,0,0,1881,78.75,1180,22,20,8,2,14,0.0209,0.8339,0.1661,0.4192,0.000638,1,141.24
2026-02-15,2,15,6,7,1,0,1,0,digital_wallet,mobile_app,north,retail,android,1,1,0,2865,34.56,1623,36,28,14,2,14,0.0188,0.8546,0.1454,0.6129,0.000927,3,186.96
2026-02-15,2,15,6,7,1,0,1,0,digital_wallet,mobile_app,south,premium,android,1,0,0,1755,69.32,1007,17,20,7,2,15,0.0208,0.8448,0.1552,0.6295,0.000701,1,86.12
2026-02-15,2,15,6,7,1,0,1,0,digital_wallet,mobile_app,south,retail,ios,1,1,0,2034,48.47,615,31,21,9,4,18,0.0145,0.8505,0.1495,0.4013,0.000996,3,91.02
2026-02-15,2,15,6,7,1,0,1,0,digital_wallet,mobile_app,west,premium,android,1,0,0,2240,47.14,665,18,15,12,4,12,0.0275,0.8574,0.1426,0.6131,0.000721,3,95.26
2026-02-15,2,15,6,7,1,0,1,0,digital_wallet,mobile_app,west,retail,android,1,1,0,3034,33.14,1237,38,25,7,3,26,0.025,0.8465,0.1535,0.593,0.000991,6,187.64
2026-02-15,2,15,6,7,1,0,1,0,digital_wallet,web,east,premium,desktop,1,0,0,1005,37.01,340,13,18,4,0,14,0.0184,0.8667,0.1333,0.3123,0.000563,1,0.0
2026-02-15,2,15,6,7,1,0,1,0,digital_wallet,web,east,retail,ios,1,1,0,2150,40.4,1251,17,23,7,2,12,0.0253,0.857,0.143,0.2822,0.000761,0,19.02
2026-02-15,2,15,6,7,1,0,1,0,digital_wallet,web,north,premium,desktop,1,0,0,1110,50.08,403,11,10,4,3,7,0.0234,0.8413,0.1587,0.2812,0.000567,1,24.28
2026-02-15,2,15,6,7,1,0,1,0,digital_wallet,web,north,retail,ios,1,1,0,2070,54.78,870,18,19,5,4,11,0.0164,0.8407,0.1593,0.3067,0.000805,1,119.09
2026-02-15,2,15,6,7,1,0,1,0,digital_wallet,web,south,premium,desktop,1,0,0,821,63.6,267,15,14,3,3,10,0.022,0.8414,0.1586,0.3536,0.000633,1,95.56
2026-02-15,2,15,6,7,1,0,1,0,digital_wallet,web,south,retail,android,1,1,0,2270,55.19,1093,22,23,7,2,15,0.0228,0.8464,0.1536,0.4573,0.000863,2,151.21
2026-02-15,2,15,6,7,1,0,1,0,digital_wallet,web,west,premium,desktop,1,0,0,1195,52.58,753,12,12,9,2,6,0.021,0.8639,0.1361,0.3667,0.000625,1,35.49
2026-02-15,2,15,6,7,1,0,1,0,digital_wallet,web,west,retail,desktop,1,1,0,1487,77.45,831,16,22,3,4,18,0.0229,0.8639,0.1361,0.3334,0.000871,3,220.88
2026-02-16,2,16,0,8,0,0,0,0,credit_card,branch,east,premium,desktop,0,0,0,715,61.08,261,24,7,4,1,2,0.0162,0.868,0.132,0.251,0.000305,0,0.0
2026-02-16,2,16,0,8,0,0,0,0,credit_card,branch,east,retail,desktop,0,0,0,1055,89.47,579,33,6,5,2,6,0.0185,0.8667,0.1333,0.2725,0.000439,1,99.97
2026-02-16,2,16,0,8,0,0,0,0,credit_card,branch,north,premium,desktop,0,0,0,607,101.21,197,12,14,6,0,3,0.0242,0.8607,0.1393,0.3211,0.000346,0,0.0
2026-02-16,2,16,0,8,0,0,0,0,credit_card,branch,north,retail,desktop,0,0,0,838,137.1,431,27,5,4,4,3,0.0183,0.8682,0.1318,0.239,0.000478,0,21.28
2026-02-16,2,16,0,8,0,0,0,0,credit_card,branch,south,premium,desktop,0,0,0,587,56.51,269,18,13,6,0,3,0.0172,0.8467,0.1533,0.2472,0.000368,0,42.3
2026-02-16,2,16,0,8,0,0,0,0,credit_card,branch,south,retail,desktop,0,0,0,935,102.6,304,23,4,2,1,1,0.0168,0.8604,0.1396,0.2738,0.000494,0,0.0
2026-02-16,2,16,0,8,0,0,0,0,credit_card,branch,west,premium,desktop,0,0,0,659,86.87,294,18,15,6,2,3,0.027,0.8723,0.1277,0.3435,0.00039,0,0.0
2026-02-16,2,16,0,8,0,0,0,0,credit_card,branch,west,retail,desktop,0,0,0,1030,61.75,431,34,9,2,0,5,0.0259,0.8666,0.1334,0.2639,0.000545,0,36.29
2026-02-16,2,16,0,8,0,0,0,0,credit_card,mobile_app,east,premium,ios,1,0,0,2497,67.1,910,20,18,4,1,9,0.024,0.8806,0.1194,0.4707,0.000555,1,113.32
2026-02-16,2,16,0,8,0,0,0,0,credit_card,mobile_app,east,retail,android,1,1,0,4334,87.63,1382,37,24,10,4,19,0.0148,0.8729,0.1271,0.6094,0.000789,2,207.7
2026-02-16,2,16,0,8,0,0,0,0,credit_card,mobile_app,north,premium,android,1,0,0,2437,78.45,920,23,21,14,1,10,0.0167,0.8678,0.1322,0.6121,0.000614,0,15.83
2026-02-16,2,16,0,8,0,0,0,0,credit_card,mobile_app,north,retail,ios,1,1,0,2922,58.31,1444,42,17,13,2,13,0.0225,0.8548,0.1452,0.47,0.000802,4,339.92
2026-02-16,2,16,0,8,0,0,0,0,credit_card,mobile_app,south,premium,android,1,0,0,2668,95.42,1598,21,22,8,4,14,0.0171,0.8375,0.1625,0.5937,0.000596,0,34.5
2026-02-16,2,16,0,8,0,0,0,0,credit_card,mobile_app,south,retail,android,1,1,0,3871,53.63,1291,46,29,9,3,18,0.0166,0.866,0.134,0.6275,0.000859,4,311.16
2026-02-16,2,16,0,8,0,0,0,0,credit_card,mobile_app,west,premium,ios,1,0,0,2534,95.16,996,27,23,11,4,17,0.0228,0.8411,0.1589,0.4696,0.000655,1,64.22
2026-02-16,2,16,0,8,0,0,0,0,credit_card,mobile_app,west,retail,android,1,1,0,3849,100.63,1294,49,25,12,2,21,0.0145,0.8759,0.1241,0.5996,0.000925,3,266.71
2026-02-16,2,16,0,8,0,0,0,0,credit_card,web,east,premium,desktop,1,0,0,1565,40.29,899,25,13,6,1,7,0.0169,0.8587,0.1413,0.3371,0.000478,0,9.88
2026-02-16,2,16,0,8,0,0,0,0,credit_card,web,east,retail,desktop,1,1,0,2121,53.08,690,36,14,10,3,9,0.0222,0.8696,0.1304,0.4029,0.000653,0,66.65
2026-02-16,2,16,0,8,0,0,0,0,credit_card,web,north,premium,ios,1,0,0,2093,112.67,751,13,15,11,1,11,0.0191,0.8598,0.1402,0.3123,0.000495,1,177.15
2026-02-16,2,16,0,8,0,0,0,0,credit_card,web,north,retail,desktop,1,1,0,2318,41.99,760,39,15,1,3,9,0.0177,0.8799,0.1201,0.3316,0.000688,2,109.41
2026-02-16,2,16,0,8,0,0,0,0,credit_card,web,south,premium,desktop,1,0,0,1545,99.98,511,22,5,9,2,6,0.0184,0.8622,0.1378,0.2958,0.000523,1,175.64
2026-02-16,2,16,0,8,0,0,0,0,credit_card,web,south,retail,desktop,1,1,0,2247,41.76,1104,31,13,11,1,12,0.0179,0.8579,0.1421,0.2999,0.000766,2,122.21
2026-02-16,2,16,0,8,0,0,0,0,credit_card,web,west,premium,desktop,1,0,0,1682,70.54,581,15,10,8,4,2,0.0223,0.8401,0.1599,0.3382,0.000547,0,0.0
2026-02-16,2,16,0,8,0,0,0,0,credit_card,web,west,retail,desktop,1,1,0,2198,79.32,878,45,23,6,8,19,0.0129,0.8589,0.1411,0.3727,0.00079,2,146.29
2026-02-16,2,16,0,8,0,0,0,0,debit_card,branch,east,premium,desktop,0,0,0,469,60.48,149,15,17,5,1,4,0.0262,0.8801,0.1199,0.2175,0.000269,0,0.0
2026-02-16,2,16,0,8,0,0,0,0,debit_card,branch,east,retail,desktop,0,0,0,814,49.52,388,32,17,1,1,11,0.0193,0.8518,0.1482,0.2179,0.000372,0,0.0
2026-02-16,2,16,0,8,0,0,0,0,debit_card,branch,north,premium,desktop,0,0,0,507,76.92,217,8,7,7,1,4,0.023,0.8665,0.1335,0.281,0.000255,0,90.38
2026-02-16,2,16,0,8,0,0,0,0,debit_card,branch,north,retail,desktop,0,0,0,795,73.24,229,23,7,5,1,6,0.018,0.8548,0.1452,0.2853,0.00039,1,6.61
2026-02-16,2,16,0,8,0,0,0,0,debit_card,branch,south,premium,desktop,0,0,0,443,49.85,152,21,4,3,1,2,0.0177,0.8541,0.1459,0.1986,0.000288,0,22.88
2026-02-16,2,16,0,8,0,0,0,0,debit_card,branch,south,retail,desktop,0,0,0,777,88.26,239,32,7,6,1,4,0.024,0.8445,0.1555,0.2931,0.000381,0,0.0
2026-02-16,2,16,0,8,0,0,0,0,debit_card,branch,west,premium,desktop,0,0,0,562,48.51,255,22,8,4,2,1,0.0181,0.8729,0.1271,0.3037,0.000304,0,12.64
2026-02-16,2,16,0,8,0,0,0,0,debit_card,branch,west,retail,desktop,0,0,0,890,38.43,591,24,4,5,0,2,0.0222,0.8599,0.1401,0.2194,0.000416,0,0.0
2026-02-16,2,16,0,8,0,0,0,0,debit_card,mobile_app,east,premium,ios,1,0,0,2164,38.11,770,21,21,6,0,8,0.014,0.8639,0.1361,0.3881,0.000425,1,99.45
2026-02-16,2,16,0,8,0,0,0,0,debit_card,mobile_app,east,retail,android,1,1,0,3696,47.89,1794,43,19,12,1,28,0.0215,0.8353,0.1647,0.6679,0.000598,5,238.2
2026-02-16,2,16,0,8,0,0,0,0,debit_card,mobile_app,north,premium,ios,1,0,0,1984,122.14,650,18,25,11,2,19,0.0191,0.8577,0.1423,0.4326,0.000461,2,334.81
2026-02-16,2,16,0,8,0,0,0,0,debit_card,mobile_app,north,retail,android,1,1,0,3815,56.82,1591,32,29,9,1,24,0.019,0.8749,0.1251,0.5947,0.000638,4,205.63
2026-02-16,2,16,0,8,0,0,0,0,debit_card,mobile_app,south,premium,ios,1,0,0,1981,37.84,1016,18,22,8,4,6,0.0207,0.8446,0.1554,0.4082,0.000488,1,116.02
2026-02-16,2,16,0,8,0,0,0,0,debit_card,mobile_app,south,retail,android,1,1,0,3552,40.91,1240,45,24,11,1,22,0.0179,0.8651,0.1349,0.6098,0.000656,6,225.21
2026-02-16,2,16,0,8,0,0,0,0,debit_card,mobile_app,west,premium,android,1,0,0,2152,97.73,1002,16,19,12,1,11,0.0175,0.8617,0.1383,0.6056,0.000496,0,13.12
2026-02-16,2,16,0,8,0,0,0,0,debit_card,mobile_app,west,retail,ios,1,1,0,3278,34.49,2075,35,32,12,4,21,0.0137,0.8498,0.1502,0.4917,0.000734,3,191.39
2026-02-16,2,16,0,8,0,0,0,0,debit_card,web,east,premium,desktop,1,0,0,1441,47.11,417,7,10,3,1,7,0.0212,0.8562,0.1438,0.2844,0.000348,2,105.04
2026-02-16,2,16,0,8,0,0,0,0,debit_card,web,east,retail,android,1,1,0,2716,50.1,921,28,18,4,1,9,0.0117,0.8622,0.1378,0.4986,0.000511,2,166.41
2026-02-16,2,16,0,8,0,0,0,0,debit_card,web,north,premium,android,1,0,0,1946,48.62,800,14,21,5,0,8,0.0261,0.8735,0.1265,0.5137,0.000391,1,50.4
2026-02-16,2,16,0,8,0,0,0,0,debit_card,web,north,retail,desktop,1,1,0,1886,83.22,1146,18,17,8,2,12,0.0138,0.8695,0.1305,0.3278,0.000536,2,193.78
2026-02-16,2,16,0,8,0,0,0,0,debit_card,web,south,premium,desktop,1,0,0,1060,61.29,567,19,10,8,2,5,0.0195,0.8595,0.1405,0.3167,0.000427,0,19.82
2026-02-16,2,16,0,8,0,0,0,0,debit_card,web,south,retail,desktop,1,1,0,2065,46.44,966,33,20,3,5,16,0.0235,0.8664,0.1336,0.2721,0.000602,2,134.33
2026-02-16,2,16,0,8,0,0,0,0,debit_card,web,west,premium,desktop,1,0,0,1371,45.13,686,15,12,8,2,3,0.0183,0.8698,0.1302,0.3782,0.000422,0,48.24
2026-02-16,2,16,0,8,0,0,0,0,debit_card,web,west,retail,desktop,1,1,0,1915,85.24,575,12,20,9,6,16,0.0187,0.8499,0.1501,0.3212,0.000576,2,256.17
2026-02-16,2,16,0,8,0,0,0,0,digital_wallet,branch,east,premium,desktop,0,0,0,420,66.4,187,8,4,9,2,1,0.0246,0.8554,0.1446,0.2451,0.000382,0,0.0
2026-02-16,2,16,0,8,0,0,0,0,digital_wallet,branch,east,retail,desktop,0,0,0,530,42.0,195,25,11,8,2,2,0.0223,0.8505,0.1495,0.2417,0.000521,0,10.67
2026-02-16,2,16,0,8,0,0,0,0,digital_wallet,branch,north,premium,desktop,0,0,0,370,68.15,174,11,10,7,0,5,0.0235,0.85,0.15,0.2735,0.000391,0,0.0
2026-02-16,2,16,0,8,0,0,0,0,digital_wallet,branch,north,retail,desktop,0,0,0,568,71.06,355,20,10,4,3,3,0.0106,0.8722,0.1278,0.2545,0.000551,0,0.0
2026-02-16,2,16,0,8,0,0,0,0,digital_wallet,branch,south,premium,desktop,0,0,0,379,43.93,131,13,11,2,1,10,0.017,0.8676,0.1324,0.2555,0.000432,1,10.24
2026-02-16,2,16,0,8,0,0,0,0,digital_wallet,branch,south,retail,desktop,0,0,0,591,83.88,233,20,13,3,2,3,0.0156,0.8617,0.1383,0.2166,0.000582,0,0.0
2026-02-16,2,16,0,8,0,0,0,0,digital_wallet,branch,west,premium,desktop,0,0,0,524,42.98,347,14,11,2,1,6,0.0204,0.8881,0.1119,0.2344,0.000437,1,12.9
2026-02-16,2,16,0,8,0,0,0,0,digital_wallet,branch,west,retail,desktop,0,0,0,647,48.18,242,24,13,4,6,6,0.0133,0.8563,0.1437,0.2257,0.0006,0,0.0
2026-02-16,2,16,0,8,0,0,0,0,digital_wallet,mobile_app,east,premium,ios,1,0,0,1524,93.68,630,10,23,8,2,20,0.0186,0.8566,0.1434,0.4275,0.000601,2,175.73
2026-02-16,2,16,0,8,0,0,0,0,digital_wallet,mobile_app,east,retail,ios,1,1,0,2503,32.52,758,30,24,6,4,6,0.0221,0.8788,0.1212,0.4174,0.000896,1,56.32
2026-02-16,2,16,0,8,0,0,0,0,digital_wallet,mobile_app,north,premium,ios,1,0,0,1747,49.67,831,15,20,10,2,15,0.0238,0.8692,0.1308,0.4187,0.000612,1,58.02
2026-02-16,2,16,0,8,0,0,0,0,digital_wallet,mobile_app,north,retail,android,1,1,0,2922,69.14,882,37,21,13,3,17,0.0143,0.8617,0.1383,0.5998,0.000923,3,259.42
2026-02-16,2,16,0,8,0,0,0,0,digital_wallet,mobile_app,south,premium,android,1,0,0,1821,64.83,905,15,18,9,3,7,0.0211,0.8679,0.1321,0.6164,0.000669,0,0.0
2026-02-16,2,16,0,8,0,0,0,0,digital_wallet,mobile_app,south,retail,ios,1,1,0,2709,140.69,899,33,19,6,4,20,0.0194,0.858,0.142,0.4257,0.00098,3,469.06
2026-02-16,2,16,0,8,0,0,0,0,digital_wallet,mobile_app,west,premium,android,1,0,0,2045,57.41,1041,15,15,2,2,16,0.016,0.85,0.15,0.6361,0.000716,2,72.81
2026-02-16,2,16,0,8,0,0,0,0,digital_wallet,mobile_app,west,retail,android,1,1,0,2739,67.66,935,31,27,7,5,25,0.0237,0.8498,0.1502,0.5785,0.001034,4,317.13
2026-02-16,2,16,0,8,0,0,0,0,digital_wallet,web,east,premium,ios,1,0,0,1478,41.08,627,9,17,6,1,4,0.0207,0.8774,0.1226,0.2802,0.000544,0,3.65
2026-02-16,2,16,0,8,0,0,0,0,digital_wallet,web,east,retail,desktop,1,1,0,1645,72.53,663,22,19,5,0,12,0.0153,0.8528,0.1472,0.3269,0.000732,0,0.0
2026-02-16,2,16,0,8,0,0,0,0,digital_wallet,web,north,premium,desktop,1,0,0,1105,80.81,601,13,21,5,1,12,0.0213,0.8694,0.1306,0.3382,0.000547,0,0.0
2026-02-16,2,16,0,8,0,0,0,0,digital_wallet,web,north,retail,desktop,1,1,0,1446,126.53,946,21,14,7,0,5,0.018,0.874,0.126,0.351,0.000767,0,42.22
2026-02-16,2,16,0,8,0,0,0,0,digital_wallet,web,south,premium,desktop,1,0,0,909,39.29,329,15,20,9,6,9,0.0159,0.8626,0.1374,0.3148,0.000571,1,31.14
2026-02-16,2,16,0,8,0,0,0,0,digital_wallet,web,south,retail,desktop,1,1,0,1414,53.8,842,19,12,8,2,12,0.0231,0.8829,0.1171,0.3537,0.000855,2,172.73
2026-02-16,2,16,0,8,0,0,0,0,digital_wallet,web,west,premium,ios,1,0,0,1570,62.16,581,14,8,7,0,3,0.0195,0.8672,0.1328,0.2903,0.000593,0,40.12
2026-02-16,2,16,0,8,0,0,0,0,digital_wallet,web,west,retail,ios,1,1,0,2301,61.86,1026,31,20,8,2,18,0.0103,0.8615,0.1385,0.2835,0.000942,2,105.65
2026-02-17,2,17,1,8,0,0,0,0,credit_card,branch,east,premium,desktop,0,0,0,596,84.36,282,17,16,9,1,8,0.0273,0.8622,0.1378,0.2629,0.00034,0,0.0
2026-02-17,2,17,1,8,0,0,0,0,credit_card,branch,east,retail,desktop,0,0,0,865,51.98,400,26,10,2,0,4,0.0227,0.8536,0.1464,0.2395,0.000472,0,0.0
2026-02-17,2,17,1,8,0,0,0,0,credit_card,branch,north,premium,desktop,0,0,0,577,72.0,211,15,12,0,1,6,0.0208,0.8424,0.1576,0.2506,0.000314,0,0.0
2026-02-17,2,17,1,8,0,0,0,0,credit_card,branch,north,retail,desktop,0,0,0,929,48.26,469,33,11,5,2,6,0.017,0.8512,0.1488,0.2661,0.000481,0,0.0
2026-02-17,2,17,1,8,0,0,0,0,credit_card,branch,south,premium,desktop,0,0,0,533,91.36,207,16,9,5,4,6,0.0272,0.8381,0.1619,0.2493,0.000364,1,187.96
2026-02-17,2,17,1,8,0,0,0,0,credit_card,branch,south,retail,desktop,0,0,0,892,37.1,508,38,8,5,5,3,0.0251,0.8645,0.1355,0.2441,0.000515,0,17.24
2026-02-17,2,17,1,8,0,0,0,0,credit_card,branch,west,premium,desktop,0,0,0,618,132.27,274,18,13,3,2,8,0.0166,0.8597,0.1403,0.2334,0.000386,0,0.0
2026-02-17,2,17,1,8,0,0,0,0,credit_card,branch,west,retail,desktop,0,0,0,1071,65.93,333,33,11,3,1,2,0.0161,0.8609,0.1391,0.2193,0.000537,0,20.07
2026-02-17,2,17,1,8,0,0,0,0,credit_card,mobile_app,east,premium,android,1,0,0,2562,77.43,823,24,23,9,2,16,0.0108,0.8462,0.1538,0.6298,0.000541,2,273.74
2026-02-17,2,17,1,8,0,0,0,0,credit_card,mobile_app,east,retail,ios,1,1,0,3551,68.1,1838,45,25,11,3,14,0.0211,0.8773,0.1227,0.4506,0.000769,2,228.28
2026-02-17,2,17,1,8,0,0,0,0,credit_card,mobile_app,north,premium,ios,1,0,0,2434,65.81,1097,15,29,7,1,13,0.0158,0.8649,0.1351,0.4607,0.000591,0,19.34
2026-02-17,2,17,1,8,0,0,0,0,credit_card,mobile_app,north,retail,ios,1,1,0,3154,95.98,1559,50,25,10,3,12,0.016,0.8576,0.1424,0.4678,0.000795,1,132.64
2026-02-17,2,17,1,8,0,0,0,0,credit_card,mobile_app,south,premium,android,1,0,0,2673,48.12,1107,21,16,9,4,9,0.0234,0.8476,0.1524,0.5397,0.000635,1,35.9
2026-02-17,2,17,1,8,0,0,0,0,credit_card,mobile_app,south,retail,ios,1,1,0,3134,156.65,1459,40,32,9,3,31,0.0205,0.8693,0.1307,0.3615,0.000891,3,514.3
2026-02-17,2,17,1,8,0,0,0,0,credit_card,mobile_app,west,premium,android,1,0,0,2777,73.37,1156,19,25,11,1,12,0.0186,0.8621,0.1379,0.617,0.000615,0,14.48
2026-02-17,2,17,1,8,0,0,0,0,credit_card,mobile_app,west,retail,ios,1,1,0,4040,49.96,2695,49,32,10,3,36,0.025,0.8288,0.1712,0.4689,0.000922,7,295.47
2026-02-17,2,17,1,8,0,0,0,0,credit_card,web,east,premium,desktop,1,0,0,1609,66.77,574,15,15,5,2,4,0.021,0.8583,0.1417,0.3447,0.000473,0,0.0
2026-02-17,2,17,1,8,0,0,0,0,credit_card,web,east,retail,ios,1,1,0,3382,138.89,1547,34,13,5,1,17,0.0113,0.8789,0.1211,0.3474,0.000684,4,969.86
2026-02-17,2,17,1,8,0,0,0,0,credit_card,web,north,premium,desktop,1,0,0,1374,51.05,892,18,14,9,2,6,0.027,0.8601,0.1399,0.3035,0.000476,0,74.0
2026-02-17,2,17,1,8,0,0,0,0,credit_card,web,north,retail,android,1,1,0,2867,46.65,1022,34,14,8,1,12,0.0228,0.8635,0.1365,0.5429,0.000685,5,152.81
2026-02-17,2,17,1,8,0,0,0,0,credit_card,web,south,premium,desktop,1,0,0,1322,77.5,700,15,19,4,3,9,0.0231,0.8651,0.1349,0.3488,0.000545,1,100.72
2026-02-17,2,17,1,8,0,0,0,0,credit_card,web,south,retail,desktop,1,1,0,1889,99.58,749,29,10,6,1,2,0.021,0.8645,0.1355,0.3149,0.000722,0,3.19
2026-02-17,2,17,1,8,0,0,0,0,credit_card,web,west,premium,desktop,1,0,0,1620,122.58,582,19,12,11,1,7,0.0222,0.8765,0.1235,0.3927,0.000562,1,171.82
2026-02-17,2,17,1,8,0,0,0,0,credit_card,web,west,retail,android,1,1,0,3479,71.22,1403,41,16,8,2,13,0.0148,0.8604,0.1396,0.5445,0.000822,5,327.63
2026-02-17,2,17,1,8,0,0,0,0,debit_card,branch,east,premium,desktop,0,0,0,427,48.44,179,11,11,7,3,3,0.0192,0.8465,0.1535,0.2828,0.00027,0,16.83
2026-02-17,2,17,1,8,0,0,0,0,debit_card,branch,east,retail,desktop,0,0,0,773,55.22,482,35,6,5,1,2,0.017,0.8719,0.1281,0.2451,0.000344,0,0.0
2026-02-17,2,17,1,8,0,0,0,0,debit_card,branch,north,premium,desktop,0,0,0,560,80.73,289,18,7,4,3,1,0.0124,0.8643,0.1357,0.243,0.00027,0,0.0
2026-02-17,2,17,1,8,0,0,0,0,debit_card,branch,north,retail,desktop,0,0,0,737,148.21,331,30,4,7,0,4,0.0182,0.8724,0.1276,0.2729,0.000363,1,155.46
2026-02-17,2,17,1,8,0,0,0,0,debit_card,branch,south,premium,desktop,0,0,0,479,65.28,305,16,6,5,1,3,0.015,0.8482,0.1518,0.2451,0.000285,0,55.36
2026-02-17,2,17,1,8,0,0,0,0,debit_card,branch,south,retail,desktop,0,0,0,861,84.38,330,27,9,4,2,4,0.0109,0.8643,0.1357,0.2109,0.000399,0,0.0
2026-02-17,2,17,1,8,0,0,0,0,debit_card,branch,west,premium,desktop,0,0,0,455,74.11,225,18,9,7,1,2,0.0235,0.8627,0.1373,0.2199,0.000304,0,84.27
2026-02-17,2,17,1,8,0,0,0,0,debit_card,branch,west,retail,desktop,0,0,0,865,72.62,427,31,10,10,3,6,0.0163,0.8523,0.1477,0.2233,0.000418,1,148.17
2026-02-17,2,17,1,8,0,0,0,0,debit_card,mobile_app,east,premium,android,1,0,0,2473,85.32,833,10,22,12,1,6,0.0212,0.8633,0.1367,0.6161,0.000431,0,0.0
2026-02-17,2,17,1,8,0,0,0,0,debit_card,mobile_app,east,retail,android,1,1,0,3542,48.75,1710,31,26,8,4,21,0.0166,0.8516,0.1484,0.6434,0.000611,2,72.12
2026-02-17,2,17,1,8,0,0,0,0,debit_card,mobile_app,north,premium,ios,1,0,0,1931,89.44,671,24,18,10,1,5,0.0187,0.8631,0.1369,0.4192,0.000448,1,132.77
2026-02-17,2,17,1,8,0,0,0,0,debit_card,mobile_app,north,retail,ios,1,1,0,3283,66.79,1548,40,17,10,4,18,0.0197,0.8602,0.1398,0.4093,0.000633,3,233.24
2026-02-17,2,17,1,8,0,0,0,0,debit_card,mobile_app,south,premium,ios,1,0,0,2195,48.68,724,15,22,8,0,21,0.0226,0.8344,0.1656,0.4599,0.000498,3,159.44
2026-02-17,2,17,1,8,0,0,0,0,debit_card,mobile_app,south,retail,ios,1,1,0,2919,62.63,1657,41,34,11,1,25,0.0264,0.8645,0.1355,0.4754,0.000692,2,145.71
2026-02-17,2,17,1,8,0,0,0,0,debit_card,mobile_app,west,premium,ios,1,0,0,2283,62.66,1213,27,18,11,3,9,0.0152,0.8494,0.1506,0.39,0.00052,1,99.9
2026-02-17,2,17,1,8,0,0,0,0,debit_card,mobile_app,west,retail,ios,1,1,0,3151,79.11,1040,37,21,13,5,3,0.0189,0.8491,0.1509,0.3703,0.000737,0,29.08
2026-02-17,2,17,1,8,0,0,0,0,debit_card,web,east,premium,ios,1,0,0,1910,39.77,881,9,18,9,0,8,0.0195,0.848,0.152,0.3654,0.000391,0,0.0
2026-02-17,2,17,1,8,0,0,0,0,debit_card,web,east,retail,desktop,1,1,0,1665,53.68,596,38,12,7,2,11,0.0231,0.8551,0.1449,0.3213,0.000498,1,28.75
2026-02-17,2,17,1,8,0,0,0,0,debit_card,web,north,premium,desktop,1,0,0,1375,121.97,661,10,15,5,1,4,0.0266,0.863,0.137,0.3013,0.000386,0,0.0
2026-02-17,2,17,1,8,0,0,0,0,debit_card,web,north,retail,desktop,1,1,0,1897,41.52,1073,20,21,3,0,7,0.0173,0.8676,0.1324,0.3208,0.000515,1,100.31
2026-02-17,2,17,1,8,0,0,0,0,debit_card,web,south,premium,ios,1,0,0,1635,85.63,498,9,9,11,1,6,0.0215,0.8681,0.1319,0.2843,0.000403,0,35.67
2026-02-17,2,17,1,8,0,0,0,0,debit_card,web,south,retail,desktop,1,1,0,1654,22.77,684,30,18,5,2,14,0.0129,0.8545,0.1455,0.3188,0.000584,4,72.47
2026-02-17,2,17,1,8,0,0,0,0,debit_card,web,west,premium,ios,1,0,0,2026,95.84,966,16,18,7,3,14,0.0231,0.8605,0.1395,0.3072,0.000443,1,44.27
2026-02-17,2,17,1,8,0,0,0,0,debit_card,web,west,retail,desktop,1,1,0,2028,62.4,1305,29,21,7,4,16,0.0159,0.8587,0.1413,0.3713,0.000609,1,90.63
2026-02-17,2,17,1,8,0,0,0,0,digital_wallet,branch,east,premium,desktop,0,0,0,348,49.89,141,10,10,7,0,2,0.0274,0.8573,0.1427,0.2743,0.000369,0,0.0
2026-02-17,2,17,1,8,0,0,0,0,digital_wallet,branch,east,retail,desktop,0,0,0,590,70.08,400,21,10,6,1,8,0.0216,0.853,0.147,0.2276,0.000523,1,43.18
2026-02-17,2,17,1,8,0,0,0,0,digital_wallet,branch,north,premium,desktop,0,0,0,391,50.15,161,11,7,3,2,7,0.0237,0.8652,0.1348,0.27,0.000395,1,90.7
2026-02-17,2,17,1,8,0,0,0,0,digital_wallet,branch,north,retail,desktop,0,0,0,659,97.01,236,28,8,6,2,3,0.0145,0.876,0.124,0.2271,0.000566,0,0.0
2026-02-17,2,17,1,8,0,0,0,0,digital_wallet,branch,south,premium,desktop,0,0,0,402,36.7,115,11,9,4,2,5,0.0214,0.8484,0.1516,0.247,0.000413,0,0.0
2026-02-17,2,17,1,8,0,0,0,0,digital_wallet,branch,south,retail,desktop,0,0,0,533,45.6,234,26,7,3,1,7,0.0221,0.8634,0.1366,0.2372,0.000568,1,55.8
2026-02-17,2,17,1,8,0,0,0,0,digital_wallet,branch,west,premium,desktop,0,0,0,511,57.09,159,12,9,2,2,3,0.0123,0.8738,0.1262,0.2653,0.000428,0,20.93
2026-02-17,2,17,1,8,0,0,0,0,digital_wallet,branch,west,retail,desktop,0,0,0,657,120.17,189,21,9,4,1,3,0.0162,0.8513,0.1487,0.2396,0.000606,0,0.0
2026-02-17,2,17,1,8,0,0,0,0,digital_wallet,mobile_app,east,premium,android,1,0,0,1759,64.88,614,14,26,12,2,13,0.0122,0.8728,0.1272,0.6323,0.00064,0,5.16
2026-02-17,2,17,1,8,0,0,0,0,digital_wallet,mobile_app,east,retail,android,1,1,0,2363,74.47,1022,34,27,14,2,10,0.0272,0.8601,0.1399,0.5994,0.000856,1,78.29
2026-02-17,2,17,1,8,0,0,0,0,digital_wallet,mobile_app,north,premium,ios,1,0,0,1873,83.23,1040,16,22,7,4,11,0.0189,0.8642,0.1358,0.401,0.00067,2,127.23
2026-02-17,2,17,1,8,0,0,0,0,digital_wallet,mobile_app,north,retail,android,1,1,0,2587,34.45,1619,35,19,11,4,12,0.0177,0.8466,0.1534,0.6407,0.000885,1,39.03
2026-02-17,2,17,1,8,0,0,0,0,digital_wallet,mobile_app,south,premium,android,1,0,0,1546,80.85,844,21,25,11,4,17,0.0184,0.8738,0.1262,0.5752,0.000691,1,65.25
2026-02-17,2,17,1,8,0,0,0,0,digital_wallet,mobile_app,south,retail,ios,1,1,0,2202,69.36,1443,28,25,12,0,7,0.0203,0.8764,0.1236,0.4517,0.001009,0,0.0
2026-02-17,2,17,1,8,0,0,0,0,digital_wallet,mobile_app,west,premium,ios,1,0,0,1815,44.25,1093,15,29,15,1,9,0.0206,0.8419,0.1581,0.4541,0.000709,2,129.42
2026-02-17,2,17,1,8,0,0,0,0,digital_wallet,mobile_app,west,retail,android,1,1,0,2731,73.6,1113,36,22,13,1,20,0.0187,0.8556,0.1444,0.623,0.001068,3,203.18
2026-02-17,2,17,1,8,0,0,0,0,digital_wallet,web,east,premium,ios,1,0,0,1443,76.94,952,17,11,4,1,9,0.0223,0.8616,0.1384,0.3422,0.000539,2,181.91
2026-02-17,2,17,1,8,0,0,0,0,digital_wallet,web,east,retail,android,1,1,0,2375,66.78,841,13,13,10,2,14,0.0198,0.8655,0.1345,0.5554,0.000778,2,87.76
2026-02-17,2,17,1,8,0,0,0,0,digital_wallet,web,north,premium,ios,1,0,0,1349,81.5,535,9,12,9,0,7,0.0182,0.8639,0.1361,0.3245,0.000555,1,81.07
2026-02-17,2,17,1,8,0,0,0,0,digital_wallet,web,north,retail,ios,1,1,0,2219,77.06,756,21,8,5,4,11,0.0179,0.8488,0.1512,0.3243,0.000758,2,150.33
2026-02-17,2,17,1,8,0,0,0,0,digital_wallet,web,south,premium,desktop,1,0,0,874,50.69,434,15,21,6,4,12,0.0119,0.8475,0.1525,0.3607,0.000601,0,0.0
2026-02-17,2,17,1,8,0,0,0,0,digital_wallet,web,south,retail,desktop,1,1,0,1598,52.17,648,27,15,8,1,9,0.0227,0.8689,0.1311,0.3548,0.000877,2,144.03
2026-02-17,2,17,1,8,0,0,0,0,digital_wallet,web,west,premium,desktop,1,0,0,1116,45.26,356,6,17,5,3,5,0.0244,0.8523,0.1477,0.3172,0.000611,1,83.97
2026-02-17,2,17,1,8,0,0,0,0,digital_wallet,web,west,retail,desktop,1,1,0,1671,76.61,512,20,17,5,0,18,0.024,0.8766,0.1234,0.2859,0.000939,4,409.57
2026-02-18,2,18,2,8,0,0,0,0,credit_card,branch,east,premium,desktop,0,0,0,498,72.85,204,13,15,6,1,2,0.0172,0.8632,0.1368,0.2926,0.000334,0,19.27
2026-02-18,2,18,2,8,0,0,0,0,credit_card,branch,east,retail,desktop,0,0,0,865,96.7,259,28,9,3,0,7,0.0184,0.8625,0.1375,0.2503,0.000447,1,138.25
2026-02-18,2,18,2,8,0,0,0,0,credit_card,branch,north,premium,desktop,0,0,0,600,108.33,244,16,11,5,1,2,0.017,0.8413,0.1587,0.2467,0.000338,0,0.0
2026-02-18,2,18,2,8,0,0,0,0,credit_card,branch,north,retail,desktop,0,0,0,863,88.74,267,40,14,4,2,9,0.0255,0.8482,0.1518,0.2128,0.000483,2,294.2
2026-02-18,2,18,2,8,0,0,0,0,credit_card,branch,south,premium,desktop,0,0,0,537,118.07,134,18,10,2,2,2,0.0227,0.8533,0.1467,0.2959,0.000362,0,23.69
2026-02-18,2,18,2,8,0,0,0,0,credit_card,branch,south,retail,desktop,0,0,0,840,96.39,382,28,9,1,2,7,0.0199,0.8488,0.1512,0.2335,0.000509,1,103.23
2026-02-18,2,18,2,8,0,0,0,0,credit_card,branch,west,premium,desktop,0,0,0,577,89.02,346,21,9,3,2,7,0.0243,0.8503,0.1497,0.2223,0.000384,1,85.21
2026-02-18,2,18,2,8,0,0,0,0,credit_card,branch,west,retail,desktop,0,0,0,1001,66.66,629,29,13,7,1,5,0.0201,0.8697,0.1303,0.2434,0.000539,1,86.3
2026-02-18,2,18,2,8,0,0,0,0,credit_card,mobile_app,east,premium,android,1,0,0,2558,51.11,1357,27,21,7,1,19,0.0222,0.8508,0.1492,0.5883,0.000564,2,125.33
2026-02-18,2,18,2,8,0,0,0,0,credit_card,mobile_app,east,retail,android,1,1,0,4139,41.46,2453,41,27,4,2,16,0.0149,0.8572,0.1428,0.6221,0.00077,3,106.82
2026-02-18,2,18,2,8,0,0,0,0,credit_card,mobile_app,north,premium,android,1,0,0,2991,82.81,1477,23,18,11,2,15,0.0171,0.8526,0.1474,0.6479,0.000557,4,469.66
2026-02-18,2,18,2,8,0,0,0,0,credit_card,mobile_app,north,retail,android,1,1,0,3547,164.89,1603,44,25,13,3,24,0.0231,0.8707,0.1293,0.5972,0.000808,5,1077.18
2026-02-18,2,18,2,8,0,0,0,0,credit_card,mobile_app,south,premium,ios,1,0,0,2451,102.7,1096,12,16,11,0,6,0.0215,0.8651,0.1349,0.4558,0.000588,2,273.61
2026-02-18,2,18,2,8,0,0,0,0,credit_card,mobile_app,south,retail,ios,1,1,0,3953,72.87,1434,41,17,16,3,24,0.0183,0.8464,0.1536,0.4359,0.000918,5,425.27
2026-02-18,2,18,2,8,0,0,0,0,credit_card,mobile_app,west,premium,android,1,0,0,2755,66.0,1199,20,17,11,2,15,0.0238,0.8576,0.1424,0.6322,0.000657,4,349.7
2026-02-18,2,18,2,8,0,0,0,0,credit_card,mobile_app,west,retail,android,1,1,0,4455,123.9,2285,35,28,17,4,20,0.0244,0.8775,0.1225,0.5652,0.000944,4,612.48
2026-02-18,2,18,2,8,0,0,0,0,credit_card,web,east,premium,desktop,1,0,0,1295,77.57,542,14,15,7,3,15,0.0252,0.8751,0.1249,0.3008,0.00047,2,283.83
2026-02-18,2,18,2,8,0,0,0,0,credit_card,web,east,retail,desktop,1,1,0,2163,65.89,1100,32,13,8,1,9,0.026,0.8581,0.1419,0.2798,0.000666,1,73.93
2026-02-18,2,18,2,8,0,0,0,0,credit_card,web,north,premium,desktop,1,0,0,1507,120.31,871,9,12,5,1,9,0.0293,0.853,0.147,0.3618,0.000476,1,204.96
2026-02-18,2,18,2,8,0,0,0,0,credit_card,web,north,retail,desktop,1,1,0,2269,47.11,775,27,15,9,3,5,0.0145,0.8435,0.1565,0.367,0.000706,1,49.86
2026-02-18,2,18,2,8,0,0,0,0,credit_card,web,south,premium,desktop,1,0,0,1516,72.04,500,21,16,10,1,7,0.0168,0.8422,0.1578,0.3735,0.000528,1,81.31
2026-02-18,2,18,2,8,0,0,0,0,credit_card,web,south,retail,ios,1,1,0,3218,87.87,2075,26,17,12,2,17,0.0187,0.8631,0.1369,0.3166,0.000774,4,448.66
2026-02-18,2,18,2,8,0,0,0,0,credit_card,web,west,premium,desktop,1,0,0,1825,40.11,612,21,13,10,5,3,0.0135,0.8494,0.1506,0.3576,0.000555,0,0.0
2026-02-18,2,18,2,8,0,0,0,0,credit_card,web,west,retail,android,1,1,0,3224,84.53,1401,27,9,10,1,17,0.0243,0.8735,0.1265,0.5044,0.000784,5,469.08
2026-02-18,2,18,2,8,0,0,0,0,debit_card,branch,east,premium,desktop,0,0,0,434,63.5,183,9,8,5,1,5,0.0207,0.8467,0.1533,0.2859,0.000264,0,0.0
2026-02-18,2,18,2,8,0,0,0,0,debit_card,branch,east,retail,desktop,0,0,0,713,68.27,230,35,10,1,3,6,0.0189,0.8361,0.1639,0.2643,0.00036,1,84.82
2026-02-18,2,18,2,8,0,0,0,0,debit_card,branch,north,premium,desktop,0,0,0,439,48.53,200,16,6,5,1,1,0.0275,0.8594,0.1406,0.2484,0.000264,0,6.87
2026-02-18,2,18,2,8,0,0,0,0,debit_card,branch,north,retail,desktop,0,0,0,801,55.84,277,30,5,4,1,1,0.0136,0.8571,0.1429,0.2758,0.000355,0,0.47
2026-02-18,2,18,2,8,0,0,0,0,debit_card,branch,south,premium,desktop,0,0,0,453,84.05,288,18,11,6,1,7,0.0174,0.8719,0.1281,0.2436,0.000298,0,0.0
2026-02-18,2,18,2,8,0,0,0,0,debit_card,branch,south,retail,desktop,0,0,0,689,84.17,297,34,9,4,1,12,0.019,0.8655,0.1345,0.229,0.000409,2,88.1
2026-02-18,2,18,2,8,0,0,0,0,debit_card,branch,west,premium,desktop,0,0,0,480,56.04,186,13,7,6,0,4,0.0193,0.8631,0.1369,0.3116,0.00031,0,0.0
2026-02-18,2,18,2,8,0,0,0,0,debit_card,branch,west,retail,desktop,0,0,0,698,83.26,290,28,8,6,2,3,0.0213,0.8636,0.1364,0.2717,0.00043,0,0.0
2026-02-18,2,18,2,8,0,0,0,0,debit_card,mobile_app,east,premium,ios,1,0,0,2019,118.36,687,19,22,7,1,15,0.0277,0.8485,0.1515,0.4726,0.000436,2,172.85
2026-02-18,2,18,2,8,0,0,0,0,debit_card,mobile_app,east,retail,android,1,1,0,3341,75.67,1483,41,27,11,4,15,0.0162,0.8575,0.1425,0.6472,0.000625,3,135.51
2026-02-18,2,18,2,8,0,0,0,0,debit_card,mobile_app,north,premium,ios,1,0,0,1996,48.36,580,16,22,15,3,9,0.0209,0.8502,0.1498,0.4251,0.000446,0,0.0
2026-02-18,2,18,2,8,0,0,0,0,debit_card,mobile_app,north,retail,ios,1,1,0,2752,42.14,1488,31,15,11,0,9,0.0131,0.8751,0.1249,0.4505,0.000615,2,150.73
2026-02-18,2,18,2,8,0,0,0,0,debit_card,mobile_app,south,premium,ios,1,0,0,1672,61.27,684,24,21,10,0,9,0.0216,0.848,0.152,0.4005,0.000497,1,105.04
2026-02-18,2,18,2,8,0,0,0,0,debit_card,mobile_app,south,retail,ios,1,1,0,2799,63.54,1218,28,26,16,6,19,0.029,0.8463,0.1537,0.4321,0.000687,2,118.94
2026-02-18,2,18,2,8,0,0,0,0,debit_card,mobile_app,west,premium,android,1,0,0,2128,61.05,1038,27,14,13,4,11,0.0182,0.8744,0.1256,0.676,0.000501,3,237.39
2026-02-18,2,18,2,8,0,0,0,0,debit_card,mobile_app,west,retail,android,1,1,0,3345,60.02,1284,37,22,7,4,26,0.0105,0.8607,0.1393,0.6838,0.000728,4,236.16
2026-02-18,2,18,2,8,0,0,0,0,debit_card,web,east,premium,ios,1,0,0,1641,73.14,680,14,24,9,3,8,0.0237,0.8569,0.1431,0.2975,0.000367,0,11.15
2026-02-18,2,18,2,8,0,0,0,0,debit_card,web,east,retail,desktop,1,1,0,1784,47.97,754,24,15,9,1,6,0.0176,0.8765,0.1235,0.3134,0.000505,0,0.0
2026-02-18,2,18,2,8,0,0,0,0,debit_card,web,north,premium,desktop,1,0,0,1210,40.4,413,10,16,5,0,9,0.016,0.8622,0.1378,0.2966,0.00037,1,103.47
2026-02-18,2,18,2,8,0,0,0,0,debit_card,web,north,retail,desktop,1,1,0,1672,74.17,1088,25,15,10,1,12,0.0141,0.861,0.139,0.3355,0.000569,2,115.24
2026-02-18,2,18,2,8,0,0,0,0,debit_card,web,south,premium,desktop,1,0,0,1296,70.67,477,21,14,5,4,6,0.0273,0.85,0.15,0.366,0.000428,0,26.48
2026-02-18,2,18,2,8,0,0,0,0,debit_card,web,south,retail,ios,1,1,0,2225,42.95,706,32,14,8,2,5,0.0256,0.8419,0.1581,0.3373,0.00054,0,43.72
2026-02-18,2,18,2,8,0,0,0,0,debit_card,web,west,premium,desktop,1,0,0,1499,43.82,656,18,14,9,2,6,0.0206,0.8639,0.1361,0.3449,0.000428,1,9.78
2026-02-18,2,18,2,8,0,0,0,0,debit_card,web,west,retail,android,1,1,0,2538,69.92,826,27,12,10,0,6,0.0183,0.847,0.153,0.4861,0.000599,1,114.65
2026-02-18,2,18,2,8,0,0,0,0,digital_wallet,branch,east,premium,desktop,0,0,0,382,77.78,114,18,7,6,2,4,0.0203,0.8636,0.1364,0.3031,0.000364,0,39.27
2026-02-18,2,18,2,8,0,0,0,0,digital_wallet,branch,east,retail,desktop,0,0,0,593,77.31,303,20,9,3,1,5,0.0215,0.8619,0.1381,0.2655,0.000544,1,124.6
2026-02-18,2,18,2,8,0,0,0,0,digital_wallet,branch,north,premium,desktop,0,0,0,463,40.79,229,7,10,6,1,6,0.0233,0.8484,0.1516,0.2224,0.000398,0,0.0
2026-02-18,2,18,2,8,0,0,0,0,digital_wallet,branch,north,retail,desktop,0,0,0,628,67.01,265,18,6,7,2,4,0.0215,0.8749,0.1251,0.1942,0.000535,0,8.92
2026-02-18,2,18,2,8,0,0,0,0,digital_wallet,branch,south,premium,desktop,0,0,0,368,54.74,135,17,7,2,2,3,0.0189,0.8511,0.1489,0.255,0.000415,0,2.51
2026-02-18,2,18,2,8,0,0,0,0,digital_wallet,branch,south,retail,desktop,0,0,0,559,67.61,275,19,10,5,2,2,0.0177,0.8421,0.1579,0.2337,0.000563,0,0.0
2026-02-18,2,18,2,8,0,0,0,0,digital_wallet,branch,west,premium,desktop,0,0,0,427,82.28,161,12,8,6,3,2,0.023,0.8565,0.1435,0.2453,0.000452,0,0.0
2026-02-18,2,18,2,8,0,0,0,0,digital_wallet,branch,west,retail,desktop,0,0,0,679,45.21,259,13,9,1,4,3,0.0222,0.8506,0.1494,0.1792,0.000595,0,50.94
2026-02-18,2,18,2,8,0,0,0,0,digital_wallet,mobile_app,east,premium,android,1,0,0,1645,41.22,874,21,22,13,1,21,0.0179,0.8705,0.1295,0.6706,0.000628,3,112.41
2026-02-18,2,18,2,8,0,0,0,0,digital_wallet,mobile_app,east,retail,android,1,1,0,2454,69.09,1396,32,23,20,3,16,0.0216,0.8497,0.1503,0.6091,0.000885,2,53.04
2026-02-18,2,18,2,8,0,0,0,0,digital_wallet,mobile_app,north,premium,android,1,0,0,1981,55.23,680,15,13,8,5,9,0.0177,0.8656,0.1344,0.6134,0.000651,1,74.26
2026-02-18,2,18,2,8,0,0,0,0,digital_wallet,mobile_app,north,retail,android,1,1,0,2851,92.44,1360,44,31,13,3,19,0.0218,0.8736,0.1264,0.5652,0.000871,3,270.87
2026-02-18,2,18,2,8,0,0,0,0,digital_wallet,mobile_app,south,premium,android,1,0,0,1991,58.39,611,23,19,6,4,11,0.0183,0.8392,0.1608,0.6205,0.000691,2,62.3
2026-02-18,2,18,2,8,0,0,0,0,digital_wallet,mobile_app,south,retail,android,1,1,0,2596,66.36,994,25,18,14,3,19,0.0188,0.8727,0.1273,0.612,0.000985,4,173.41
2026-02-18,2,18,2,8,0,0,0,0,digital_wallet,mobile_app,west,premium,android,1,0,0,2037,37.57,806,14,32,13,3,22,0.0201,0.8506,0.1494,0.6475,0.000787,1,29.33
2026-02-18,2,18,2,8,0,0,0,0,digital_wallet,mobile_app,west,retail,ios,1,1,0,2957,44.57,1223,38,24,11,3,20,0.0171,0.8625,0.1375,0.3898,0.001044,2,103.75
2026-02-18,2,18,2,8,0,0,0,0,digital_wallet,web,east,premium,desktop,1,0,0,1068,81.1,318,13,20,10,1,9,0.0315,0.857,0.143,0.3914,0.000556,0,43.99
2026-02-18,2,18,2,8,0,0,0,0,digital_wallet,web,east,retail,desktop,1,1,0,1347,59.73,526,28,14,2,3,7,0.0229,0.8585,0.1415,0.3111,0.000753,0,43.21
2026-02-18,2,18,2,8,0,0,0,0,digital_wallet,web,north,premium,desktop,1,0,0,948,102.92,290,13,14,8,2,7,0.0175,0.8477,0.1523,0.3307,0.000511,0,0.0
2026-02-18,2,18,2,8,0,0,0,0,digital_wallet,web,north,retail,android,1,1,0,2289,59.48,707,17,18,12,2,9,0.0151,0.8628,0.1372,0.483,0.00078,0,18.74
2026-02-18,2,18,2,8,0,0,0,0,digital_wallet,web,south,premium,ios,1,0,0,1326,54.87,601,10,12,3,3,4,0.0176,0.8554,0.1446,0.323,0.000563,0,0.0
2026-02-18,2,18,2,8,0,0,0,0,digital_wallet,web,south,retail,android,1,1,0,1974,73.32,771,23,18,2,2,13,0.017,0.8532,0.1468,0.5391,0.000866,3,293.01
2026-02-18,2,18,2,8,0,0,0,0,digital_wallet,web,west,premium,ios,1,0,0,1536,67.19,482,12,14,4,2,16,0.0195,0.8567,0.1433,0.341,0.000601,4,212.71
2026-02-18,2,18,2,8,0,0,0,0,digital_wallet,web,west,retail,ios,1,1,0,2273,49.87,697,22,19,5,3,8,0.0303,0.8676,0.1324,0.341,0.000868,0,39.62
2026-02-19,2,19,3,8,0,0,0,0,credit_card,branch,east,premium,desktop,0,0,0,562,66.39,201,22,4,3,0,5,0.0165,0.8705,0.1295,0.2356,0.000332,1,77.44
2026-02-19,2,19,3,8,0,0,0,0,credit_card,branch,east,retail,desktop,0,0,0,837,62.33,383,29,12,4,2,6,0.0171,0.842,0.158,0.293,0.00047,1,108.45
2026-02-19,2,19,3,8,0,0,0,0,credit_card,branch,north,premium,desktop,0,0,0,634,73.86,260,21,9,4,0,3,0.0236,0.8402,0.1598,0.2347,0.000341,0,17.98
2026-02-19,2,19,3,8,0,0,0,0,credit_card,branch,north,retail,desktop,0,0,0,894,96.29,358,28,7,2,0,4,0.015,0.8531,0.1469,0.2336,0.000473,1,156.06
2026-02-19,2,19,3,8,0,0,0,0,credit_card,branch,south,premium,desktop,0,0,0,469,83.94,141,21,13,4,0,3,0.0185,0.8666,0.1334,0.209,0.000377,0,0.0
2026-02-19,2,19,3,8,0,0,0,0,credit_card,branch,south,retail,desktop,0,0,0,795,78.86,503,34,9,6,2,3,0.0186,0.8637,0.1363,0.2149,0.000505,0,15.14
2026-02-19,2,19,3,8,0,0,0,0,credit_card,branch,west,premium,desktop,0,0,0,680,59.41,244,16,11,8,1,3,0.0133,0.8434,0.1566,0.2785,0.000397,0,0.0
2026-02-19,2,19,3,8,0,0,0,0,credit_card,branch,west,retail,desktop,0,0,0,893,82.94,567,30,10,2,3,5,0.0164,0.8435,0.1565,0.3113,0.000519,1,156.37
2026-02-19,2,19,3,8,0,0,0,0,credit_card,mobile_app,east,premium,ios,1,0,0,2716,56.67,1510,18,8,12,4,6,0.0157,0.8657,0.1343,0.4731,0.000535,1,45.09
2026-02-19,2,19,3,8,0,0,0,0,credit_card,mobile_app,east,retail,android,1,1,0,4044,50.05,1507,36,24,11,5,15,0.0237,0.8689,0.1311,0.5847,0.000819,1,9.77
2026-02-19,2,19,3,8,0,0,0,0,credit_card,mobile_app,north,premium,android,1,0,0,3023,83.54,1288,27,15,13,0,9,0.0281,0.8599,0.1401,0.6541,0.000568,1,51.58
2026-02-19,2,19,3,8,0,0,0,0,credit_card,mobile_app,north,retail,ios,1,1,0,3633,47.18,2388,54,20,6,3,15,0.0093,0.8528,0.1472,0.4145,0.000785,2,80.53
2026-02-19,2,19,3,8,0,0,0,0,credit_card,mobile_app,south,premium,android,1,0,0,2661,72.19,1012,22,17,14,0,8,0.0197,0.85,0.15,0.6025,0.000595,2,150.86
2026-02-19,2,19,3,8,0,0,0,0,credit_card,mobile_app,south,retail,ios,1,1,0,3391,69.97,1899,49,40,7,4,15,0.0167,0.8422,0.1578,0.4023,0.000891,2,176.02
2026-02-19,2,19,3,8,0,0,0,0,credit_card,mobile_app,west,premium,android,1,0,0,3024,140.32,1208,21,16,8,3,13,0.0217,0.8465,0.1535,0.6125,0.000636,2,358.89
2026-02-19,2,19,3,8,0,0,0,0,credit_card,mobile_app,west,retail,android,1,1,0,3855,60.56,1551,37,20,11,6,29,0.0239,0.8675,0.1325,0.622,0.000901,5,470.07
2026-02-19,2,19,3,8,0,0,0,0,credit_card,web,east,premium,desktop,1,0,0,1729,64.8,668,13,22,6,4,11,0.021,0.8663,0.1337,0.3424,0.000456,2,262.24
2026-02-19,2,19,3,8,0,0,0,0,credit_card,web,east,retail,desktop,1,1,0,2369,134.18,1459,20,14,9,6,9,0.02,0.8596,0.1404,0.3571,0.000664,2,418.34
2026-02-19,2,19,3,8,0,0,0,0,credit_card,web,north,premium,desktop,1,0,0,1454,66.1,913,16,9,8,3,3,0.0197,0.8548,0.1452,0.3561,0.000464,0,17.7
2026-02-19,2,19,3,8,0,0,0,0,credit_card,web,north,retail,desktop,1,1,0,2094,90.75,1180,29,14,9,2,9,0.019,0.8511,0.1489,0.3216,0.000686,0,0.0
2026-02-19,2,19,3,8,0,0,0,0,credit_card,web,south,premium,android,1,0,0,2322,83.13,1091,17,14,8,3,10,0.0191,0.8427,0.1573,0.5046,0.000534,3,243.15
2026-02-19,2,19,3,8,0,0,0,0,credit_card,web,south,retail,desktop,1,1,0,1909,52.84,552,25,20,11,4,18,0.019,0.8403,0.1597,0.3581,0.000725,2,147.26
2026-02-19,2,19,3,8,0,0,0,0,credit_card,web,west,premium,desktop,1,0,0,1510,110.86,786,16,14,7,2,7,0.0204,0.8543,0.1457,0.3892,0.000571,0,0.0
2026-02-19,2,19,3,8,0,0,0,0,credit_card,web,west,retail,android,1,1,0,3402,42.74,1647,36,19,5,1,15,0.0138,0.8656,0.1344,0.4895,0.000751,2,227.36
2026-02-19,2,19,3,8,0,0,0,0,debit_card,branch,east,premium,desktop,0,0,0,578,101.74,196,12,6,3,1,1,0.0171,0.8641,0.1359,0.1971,0.000256,0,0.0
2026-02-19,2,19,3,8,0,0,0,0,debit_card,branch,east,retail,desktop,0,0,0,711,86.88,279,20,12,4,4,11,0.0098,0.878,0.122,0.252,0.000362,1,32.55
2026-02-19,2,19,3,8,0,0,0,0,debit_card,branch,north,premium,desktop,0,0,0,473,57.96,131,18,10,1,2,5,0.0146,0.8608,0.1392,0.2062,0.000254,0,0.0
2026-02-19,2,19,3,8,0,0,0,0,debit_card,branch,north,retail,desktop,0,0,0,636,50.86,192,23,14,4,1,7,0.0161,0.8668,0.1332,0.2306,0.000373,1,62.06
2026-02-19,2,19,3,8,0,0,0,0,debit_card,branch,south,premium,desktop,0,0,0,481,57.12,184,14,15,4,1,7,0.017,0.8677,0.1323,0.2122,0.00029,0,35.77
2026-02-19,2,19,3,8,0,0,0,0,debit_card,branch,south,retail,desktop,0,0,0,703,107.61,283,32,10,4,0,2,0.0167,0.8641,0.1359,0.2416,0.000416,0,49.54
2026-02-19,2,19,3,8,0,0,0,0,debit_card,branch,west,premium,desktop,0,0,0,561,37.43,175,13,8,4,1,3,0.0161,0.8707,0.1293,0.214,0.000315,0,0.0
2026-02-19,2,19,3,8,0,0,0,0,debit_card,branch,west,retail,desktop,0,0,0,759,53.22,385,24,11,7,0,3,0.0172,0.849,0.151,0.2934,0.000415,0,21.38
2026-02-19,2,19,3,8,0,0,0,0,debit_card,mobile_app,east,premium,android,1,0,0,2192,48.29,953,22,23,12,1,9,0.0212,0.8826,0.1174,0.608,0.000431,0,0.0
2026-02-19,2,19,3,8,0,0,0,0,debit_card,mobile_app,east,retail,ios,1,1,0,2949,78.49,1009,42,24,14,2,9,0.0162,0.861,0.139,0.4661,0.000607,2,160.98
2026-02-19,2,19,3,8,0,0,0,0,debit_card,mobile_app,north,premium,ios,1,0,0,2165,56.96,779,15,24,9,4,10,0.0207,0.8596,0.1404,0.3915,0.000456,0,0.0
2026-02-19,2,19,3,8,0,0,0,0,debit_card,mobile_app,north,retail,ios,1,1,0,2909,45.77,997,38,19,17,1,14,0.0132,0.8657,0.1343,0.4498,0.000659,3,156.5
2026-02-19,2,19,3,8,0,0,0,0,debit_card,mobile_app,south,premium,ios,1,0,0,1953,55.69,898,14,20,12,2,13,0.025,0.8686,0.1314,0.4595,0.000494,2,48.59
2026-02-19,2,19,3,8,0,0,0,0,debit_card,mobile_app,south,retail,android,1,1,0,3145,33.29,1406,39,34,11,2,14,0.0193,0.8559,0.1441,0.6336,0.000673,1,0.0
2026-02-19,2,19,3,8,0,0,0,0,debit_card,mobile_app,west,premium,android,1,0,0,2731,29.41,871,24,24,6,3,13,0.019,0.8651,0.1349,0.5971,0.000511,0,0.0
2026-02-19,2,19,3,8,0,0,0,0,debit_card,mobile_app,west,retail,android,1,1,0,3459,62.25,2115,42,16,11,1,7,0.0172,0.8576,0.1424,0.6336,0.000701,1,94.53
2026-02-19,2,19,3,8,0,0,0,0,debit_card,web,east,premium,ios,1,0,0,1724,58.76,555,9,14,11,1,7,0.0203,0.8444,0.1556,0.2864,0.000378,0,5.25
2026-02-19,2,19,3,8,0,0,0,0,debit_card,web,east,retail,desktop,1,1,0,1663,54.55,706,28,18,6,2,9,0.0151,0.8628,0.1372,0.3422,0.000528,1,132.78
2026-02-19,2,19,3,8,0,0,0,0,debit_card,web,north,premium,desktop,1,0,0,1205,80.93,358,13,14,3,0,6,0.0244,0.863,0.137,0.349,0.000388,0,65.36
2026-02-19,2,19,3,8,0,0,0,0,debit_card,web,north,retail,android,1,1,0,2615,98.59,1123,24,16,2,2,10,0.0184,0.8529,0.1471,0.4955,0.000528,2,169.95
2026-02-19,2,19,3,8,0,0,0,0,debit_card,web,south,premium,desktop,1,0,0,1178,86.38,470,19,22,4,1,9,0.0163,0.8564,0.1436,0.3826,0.000417,0,51.89
2026-02-19,2,19,3,8,0,0,0,0,debit_card,web,south,retail,desktop,1,1,0,1696,83.05,775,16,16,9,2,12,0.016,0.8691,0.1309,0.3267,0.000548,1,126.75
2026-02-19,2,19,3,8,0,0,0,0,debit_card,web,west,premium,ios,1,0,0,2093,83.01,717,12,14,7,1,14,0.0169,0.8566,0.1434,0.3464,0.000429,2,132.02
2026-02-19,2,19,3,8,0,0,0,0,debit_card,web,west,retail,desktop,1,1,0,2096,54.47,813,30,13,6,5,7,0.017,0.8649,0.1351,0.3197,0.000605,0,0.0
2026-02-19,2,19,3,8,0,0,0,0,digital_wallet,branch,east,premium,desktop,0,0,0,419,79.59,149,12,6,7,1,5,0.0207,0.8754,0.1246,0.2584,0.000371,1,78.09
2026-02-19,2,19,3,8,0,0,0,0,digital_wallet,branch,east,retail,desktop,0,0,0,629,41.94,268,23,12,12,2,4,0.0214,0.852,0.148,0.2948,0.000519,0,49.33
2026-02-19,2,19,3,8,0,0,0,0,digital_wallet,branch,north,premium,desktop,0,0,0,457,35.4,184,17,11,3,3,3,0.0268,0.8501,0.1499,0.2399,0.00039,0,55.87
2026-02-19,2,19,3,8,0,0,0,0,digital_wallet,branch,north,retail,desktop,0,0,0,676,54.0,432,20,10,4,4,9,0.018,0.8673,0.1327,0.2222,0.000545,1,116.71
2026-02-19,2,19,3,8,0,0,0,0,digital_wallet,branch,south,premium,desktop,0,0,0,400,42.22,175,8,13,6,0,3,0.0129,0.8728,0.1272,0.3124,0.000422,0,6.92
2026-02-19,2,19,3,8,0,0,0,0,digital_wallet,branch,south,retail,desktop,0,0,0,526,62.97,159,18,12,4,3,3,0.0229,0.8657,0.1343,0.2819,0.00063,0,64.6
2026-02-19,2,19,3,8,0,0,0,0,digital_wallet,branch,west,premium,desktop,0,0,0,453,70.91,152,8,13,5,2,6,0.0202,0.8725,0.1275,0.2695,0.00045,0,3.82
2026-02-19,2,19,3,8,0,0,0,0,digital_wallet,branch,west,retail,desktop,0,0,0,517,58.27,258,14,9,3,2,5,0.0193,0.8649,0.1351,0.3091,0.000614,0,0.0
2026-02-19,2,19,3,8,0,0,0,0,digital_wallet,mobile_app,east,premium,android,1,0,0,1791,41.22,536,15,26,12,1,9,0.0135,0.8523,0.1477,0.6045,0.000631,0,0.0
2026-02-19,2,19,3,8,0,0,0,0,digital_wallet,mobile_app,east,retail,android,1,1,0,2776,45.24,859,26,27,12,2,25,0.0196,0.8536,0.1464,0.6097,0.000918,2,62.75
2026-02-19,2,19,3,8,0,0,0,0,digital_wallet,mobile_app,north,premium,ios,1,0,0,1635,75.8,587,28,17,11,1,7,0.0257,0.8652,0.1348,0.392,0.000649,0,0.0
2026-02-19,2,19,3,8,0,0,0,0,digital_wallet,mobile_app,north,retail,ios,1,1,0,2945,40.03,1982,26,23,8,2,9,0.0129,0.8626,0.1374,0.4912,0.000893,0,48.16
2026-02-19,2,19,3,8,0,0,0,0,digital_wallet,mobile_app,south,premium,android,1,0,0,1505,51.7,622,15,22,11,4,15,0.0261,0.865,0.135,0.6607,0.000721,1,93.35
2026-02-19,2,19,3,8,0,0,0,0,digital_wallet,mobile_app,south,retail,android,1,1,0,2523,94.88,1511,20,18,5,5,17,0.0235,0.881,0.119,0.5788,0.000953,3,234.82
2026-02-19,2,19,3,8,0,0,0,0,digital_wallet,mobile_app,west,premium,android,1,0,0,1691,60.98,829,25,16,8,2,8,0.0249,0.8398,0.1602,0.5978,0.000693,1,45.94
2026-02-19,2,19,3,8,0,0,0,0,digital_wallet,mobile_app,west,retail,ios,1,1,0,1997,47.49,855,32,27,7,2,23,0.0187,0.8584,0.1416,0.4201,0.001,2,114.2
2026-02-19,2,19,3,8,0,0,0,0,digital_wallet,web,east,premium,desktop,1,0,0,965,71.33,308,8,5,6,4,3,0.0149,0.8562,0.1438,0.3734,0.000549,0,0.0
2026-02-19,2,19,3,8,0,0,0,0,digital_wallet,web,east,retail,desktop,1,1,0,1377,46.57,826,22,16,4,2,7,0.0243,0.8671,0.1329,0.3918,0.000767,0,0.0
2026-02-19,2,19,3,8,0,0,0,0,digital_wallet,web,north,premium,desktop,1,0,0,1158,75.93,739,10,10,12,4,2,0.0229,0.8632,0.1368,0.3872,0.000544,0,62.11
2026-02-19,2,19,3,8,0,0,0,0,digital_wallet,web,north,retail,android,1,1,0,2454,57.72,1260,19,19,3,0,14,0.026,0.8551,0.1449,0.5221,0.000791,1,39.84
2026-02-19,2,19,3,8,0,0,0,0,digital_wallet,web,south,premium,desktop,1,0,0,889,40.01,282,14,13,2,2,6,0.024,0.8777,0.1223,0.2895,0.000587,0,2.29
2026-02-19,2,19,3,8,0,0,0,0,digital_wallet,web,south,retail,desktop,1,1,0,1563,111.95,493,19,27,10,2,8,0.0256,0.8622,0.1378,0.3227,0.000875,1,118.47
2026-02-19,2,19,3,8,0,0,0,0,digital_wallet,web,west,premium,desktop,1,0,0,1185,61.04,697,7,15,4,3,4,0.0151,0.8542,0.1458,0.3512,0.000612,0,9.07
2026-02-19,2,19,3,8,0,0,0,0,digital_wallet,web,west,retail,desktop,1,1,0,1364,91.86,454,20,19,7,0,16,0.0172,0.8468,0.1532,0.3466,0.000936,3,356.55
2026-02-20,2,20,4,8,0,0,0,0,credit_card,branch,east,premium,desktop,0,0,0,620,70.07,203,15,9,4,3,3,0.0181,0.8468,0.1532,0.2558,0.000323,0,0.0
2026-02-20,2,20,4,8,0,0,0,0,credit_card,branch,east,retail,desktop,0,0,0,783,69.46,402,45,14,1,1,4,0.019,0.8577,0.1423,0.2932,0.000465,0,0.0
2026-02-20,2,20,4,8,0,0,0,0,credit_card,branch,north,premium,desktop,0,0,0,668,85.7,360,20,7,5,1,5,0.0192,0.8719,0.1281,0.2311,0.000321,1,53.76
2026-02-20,2,20,4,8,0,0,0,0,credit_card,branch,north,retail,desktop,0,0,0,765,134.46,238,34,14,3,2,6,0.0247,0.8698,0.1302,0.2398,0.000497,0,2.41
2026-02-20,2,20,4,8,0,0,0,0,credit_card,branch,south,premium,desktop,0,0,0,587,87.18,214,7,17,3,1,7,0.0248,0.8624,0.1376,0.2542,0.000371,0,41.32
2026-02-20,2,20,4,8,0,0,0,0,credit_card,branch,south,retail,desktop,0,0,0,754,157.67,332,38,9,4,2,8,0.0136,0.8613,0.1387,0.2471,0.000542,2,490.65
2026-02-20,2,20,4,8,0,0,0,0,credit_card,branch,west,premium,desktop,0,0,0,593,90.29,244,18,10,9,2,4,0.017,0.8745,0.1255,0.2593,0.000412,0,27.08
2026-02-20,2,20,4,8,0,0,0,0,credit_card,branch,west,retail,desktop,0,0,0,879,126.09,339,36,5,6,4,2,0.0166,0.8623,0.1377,0.2508,0.000558,0,0.0
2026-02-20,2,20,4,8,0,0,0,0,credit_card,mobile_app,east,premium,ios,1,0,0,2322,56.71,729,23,17,7,1,16,0.0157,0.8652,0.1348,0.4201,0.000553,3,234.48
2026-02-20,2,20,4,8,0,0,0,0,credit_card,mobile_app,east,retail,android,1,1,0,4196,77.37,1735,47,26,14,5,10,0.0144,0.8779,0.1221,0.653,0.000798,1,98.76
2026-02-20,2,20,4,8,0,0,0,0,credit_card,mobile_app,north,premium,ios,1,0,0,2082,119.38,840,22,13,6,1,11,0.0194,0.8669,0.1331,0.3869,0.000556,2,319.2
2026-02-20,2,20,4,8,0,0,0,0,credit_card,mobile_app,north,retail,android,1,1,0,4221,57.6,1264,42,28,10,2,8,0.0245,0.8528,0.1472,0.6108,0.000785,1,89.01
2026-02-20,2,20,4,8,0,0,0,0,credit_card,mobile_app,south,premium,android,1,0,0,2534,165.95,1110,22,16,9,0,13,0.0238,0.854,0.146,0.6123,0.000632,1,185.6
2026-02-20,2,20,4,8,0,0,0,0,credit_card,mobile_app,south,retail,ios,1,1,0,3679,81.06,1297,67,32,8,4,15,0.0232,0.8495,0.1505,0.4817,0.000937,5,467.52
2026-02-20,2,20,4,8,0,0,0,0,credit_card,mobile_app,west,premium,android,1,0,0,2392,83.12,1356,28,12,8,0,11,0.0282,0.8497,0.1503,0.6358,0.000641,3,341.41
2026-02-20,2,20,4,8,0,0,0,0,credit_card,mobile_app,west,retail,ios,1,1,0,3964,75.37,1198,48,25,4,4,16,0.0163,0.8797,0.1203,0.4075,0.000887,3,310.2
2026-02-20,2,20,4,8,0,0,0,0,credit_card,web,east,premium,desktop,1,0,0,1570,34.86,1010,20,18,6,1,8,0.0155,0.8625,0.1375,0.3604,0.000483,0,11.0
2026-02-20,2,20,4,8,0,0,0,0,credit_card,web,east,retail,desktop,1,1,0,2044,83.86,1356,20,17,8,3,19,0.0241,0.8484,0.1516,0.3408,0.000634,3,341.14
2026-02-20,2,20,4,8,0,0,0,0,credit_card,web,north,premium,desktop,1,0,0,1487,94.98,672,7,12,7,1,9,0.0278,0.8712,0.1288,0.2994,0.000487,1,76.32
2026-02-20,2,20,4,8,0,0,0,0,credit_card,web,north,retail,desktop,1,1,0,1959,61.1,783,42,16,8,3,9,0.0232,0.8601,0.1399,0.3338,0.000719,1,70.53
2026-02-20,2,20,4,8,0,0,0,0,credit_card,web,south,premium,android,1,0,0,2108,68.32,1252,20,12,10,3,4,0.0232,0.8683,0.1317,0.5495,0.000538,0,0.0
2026-02-20,2,20,4,8,0,0,0,0,credit_card,web,south,retail,desktop,1,1,0,1995,68.68,1041,37,19,6,4,24,0.0216,0.8603,0.1397,0.3349,0.000748,3,227.56
2026-02-20,2,20,4,8,0,0,0,0,credit_card,web,west,premium,desktop,1,0,0,1519,102.47,852,14,21,3,3,7,0.0149,0.8478,0.1522,0.3613,0.000539,2,190.4
2026-02-20,2,20,4,8,0,0,0,0,credit_card,web,west,retail,desktop,1,1,0,2689,161.11,1094,30,19,5,0,17,0.021,0.8782,0.1218,0.401,0.000785,3,628.38
2026-02-20,2,20,4,8,0,0,0,0,debit_card,branch,east,premium,desktop,0,0,0,510,31.81,179,14,9,8,0,5,0.0199,0.8558,0.1442,0.2875,0.000245,0,0.0
2026-02-20,2,20,4,8,0,0,0,0,debit_card,branch,east,retail,desktop,0,0,0,593,89.85,193,25,9,4,0,4,0.022,0.8685,0.1315,0.259,0.000353,0,28.68
2026-02-20,2,20,4,8,0,0,0,0,debit_card,branch,north,premium,desktop,0,0,0,489,89.76,268,15,9,1,1,5,0.0222,0.8602,0.1398,0.3059,0.000248,0,15.93
2026-02-20,2,20,4,8,0,0,0,0,debit_card,branch,north,retail,desktop,0,0,0,784,48.22,322,31,9,3,1,2,0.0199,0.8673,0.1327,0.2408,0.000365,0,0.0
2026-02-20,2,20,4,8,0,0,0,0,debit_card,branch,south,premium,desktop,0,0,0,475,59.34,150,12,10,5,3,6,0.0267,0.8596,0.1404,0.2684,0.00029,0,0.0
2026-02-20,2,20,4,8,0,0,0,0,debit_card,branch,south,retail,desktop,0,0,0,707,61.3,259,31,12,3,1,5,0.0275,0.8515,0.1485,0.2269,0.000388,0,8.95
2026-02-20,2,20,4,8,0,0,0,0,debit_card,branch,west,premium,desktop,0,0,0,540,48.23,180,16,11,6,2,4,0.0218,0.8419,0.1581,0.2965,0.000297,0,0.0
2026-02-20,2,20,4,8,0,0,0,0,debit_card,branch,west,retail,desktop,0,0,0,782,221.16,266,31,10,5,2,5,0.0251,0.844,0.156,0.235,0.000431,0,17.89
2026-02-20,2,20,4,8,0,0,0,0,debit_card,mobile_app,east,premium,ios,1,0,0,2182,39.09,709,16,22,5,2,7,0.0197,0.8615,0.1385,0.4355,0.000437,0,0.0
2026-02-20,2,20,4,8,0,0,0,0,debit_card,mobile_app,east,retail,android,1,1,0,3336,42.5,1555,45,20,13,0,7,0.0236,0.844,0.156,0.544,0.000569,1,0.0
2026-02-20,2,20,4,8,0,0,0,0,debit_card,mobile_app,north,premium,android,1,0,0,2183,30.46,1332,11,29,9,1,14,0.029,0.8684,0.1316,0.6515,0.000446,2,58.22
2026-02-20,2,20,4,8,0,0,0,0,debit_card,mobile_app,north,retail,ios,1,1,0,3052,45.91,1014,40,27,9,2,9,0.0199,0.8615,0.1385,0.4437,0.000614,0,0.0
2026-02-20,2,20,4,8,0,0,0,0,debit_card,mobile_app,south,premium,android,1,0,0,2145,66.41,1084,15,13,11,0,4,0.0065,0.8667,0.1333,0.6044,0.000485,0,59.25
2026-02-20,2,20,4,8,0,0,0,0,debit_card,mobile_app,south,retail,ios,1,1,0,3079,57.43,1529,42,30,15,1,23,0.0201,0.8737,0.1263,0.4256,0.000677,2,110.75
2026-02-20,2,20,4,8,0,0,0,0,debit_card,mobile_app,west,premium,android,1,0,0,2550,70.73,838,22,25,10,4,21,0.0189,0.8714,0.1286,0.6181,0.000497,2,170.67
2026-02-20,2,20,4,8,0,0,0,0,debit_card,mobile_app,west,retail,ios,1,1,0,2895,78.53,1170,34,29,9,3,24,0.0148,0.8561,0.1439,0.4295,0.000701,6,419.93
2026-02-20,2,20,4,8,0,0,0,0,debit_card,web,east,premium,desktop,1,0,0,1163,78.8,419,23,11,3,1,7,0.0209,0.8682,0.1318,0.3383,0.000351,0,0.69
2026-02-20,2,20,4,8,0,0,0,0,debit_card,web,east,retail,desktop,1,1,0,1642,75.19,904,24,20,6,4,9,0.0197,0.8662,0.1338,0.3252,0.000518,0,0.0
2026-02-20,2,20,4,8,0,0,0,0,debit_card,web,north,premium,android,1,0,0,1894,44.28,1026,13,6,3,1,4,0.0248,0.8562,0.1438,0.5341,0.000372,0,0.0
2026-02-20,2,20,4,8,0,0,0,0,debit_card,web,north,retail,ios,1,1,0,2976,47.59,901,24,25,9,3,24,0.02,0.8506,0.1494,0.3038,0.000547,5,317.58
2026-02-20,2,20,4,8,0,0,0,0,debit_card,web,south,premium,ios,1,0,0,1729,40.05,523,13,10,7,0,5,0.0133,0.851,0.149,0.3285,0.00041,0,46.5
2026-02-20,2,20,4,8,0,0,0,0,debit_card,web,south,retail,desktop,1,1,0,1634,58.16,594,22,14,4,3,17,0.0188,0.8579,0.1421,0.356,0.000596,2,207.17
2026-02-20,2,20,4,8,0,0,0,0,debit_card,web,west,premium,android,1,0,0,2184,67.81,1184,11,16,9,3,6,0.0248,0.8575,0.1425,0.456,0.000444,0,28.88
2026-02-20,2,20,4,8,0,0,0,0,debit_card,web,west,retail,desktop,1,1,0,1994,64.16,692,35,18,10,2,10,0.0151,0.8756,0.1244,0.3844,0.000595,1,79.15
2026-02-20,2,20,4,8,0,0,0,0,digital_wallet,branch,east,premium,desktop,0,0,0,370,60.57,150,10,14,6,2,7,0.0238,0.8464,0.1536,0.2733,0.000387,0,0.0
2026-02-20,2,20,4,8,0,0,0,0,digital_wallet,branch,east,retail,desktop,0,0,0,525,109.0,210,23,10,6,1,7,0.0235,0.877,0.123,0.2183,0.000508,1,98.51
2026-02-20,2,20,4,8,0,0,0,0,digital_wallet,branch,north,premium,desktop,0,0,0,393,72.03,262,10,6,4,0,3,0.0155,0.8509,0.1491,0.2704,0.000376,0,0.0
2026-02-20,2,20,4,8,0,0,0,0,digital_wallet,branch,north,retail,desktop,0,0,0,497,46.33,190,28,18,8,3,13,0.0199,0.8429,0.1571,0.1976,0.000593,1,34.55
2026-02-20,2,20,4,8,0,0,0,0,digital_wallet,branch,south,premium,desktop,0,0,0,347,65.92,146,14,4,2,2,1,0.0247,0.8649,0.1351,0.2064,0.000398,0,33.59
2026-02-20,2,20,4,8,0,0,0,0,digital_wallet,branch,south,retail,desktop,0,0,0,491,45.32,244,25,8,5,0,2,0.0182,0.874,0.126,0.2589,0.00059,0,0.0
2026-02-20,2,20,4,8,0,0,0,0,digital_wallet,branch,west,premium,desktop,0,0,0,352,77.11,125,13,10,5,2,3,0.0148,0.8525,0.1475,0.2833,0.000435,0,0.0
2026-02-20,2,20,4,8,0,0,0,0,digital_wallet,branch,west,retail,desktop,0,0,0,710,106.0,217,25,12,4,4,2,0.0165,0.8582,0.1418,0.257,0.000603,0,47.97
2026-02-20,2,20,4,8,0,0,0,0,digital_wallet,mobile_app,east,premium,ios,1,0,0,1773,79.48,807,16,19,15,3,6,0.0208,0.8398,0.1602,0.4097,0.00064,0,0.0
2026-02-20,2,20,4,8,0,0,0,0,digital_wallet,mobile_app,east,retail,ios,1,1,0,2561,56.0,824,27,24,14,1,22,0.0145,0.8597,0.1403,0.4227,0.000885,4,308.44
2026-02-20,2,20,4,8,0,0,0,0,digital_wallet,mobile_app,north,premium,ios,1,0,0,1583,81.82,512,18,25,6,4,13,0.0211,0.8714,0.1286,0.4185,0.000626,1,49.92
2026-02-20,2,20,4,8,0,0,0,0,digital_wallet,mobile_app,north,retail,ios,1,1,0,2463,104.72,808,23,23,9,6,17,0.0187,0.8523,0.1477,0.4478,0.000954,2,210.52
2026-02-20,2,20,4,8,0,0,0,0,digital_wallet,mobile_app,south,premium,android,1,0,0,2058,42.17,810,16,26,5,4,4,0.0211,0.8595,0.1405,0.6075,0.000682,0,9.28
2026-02-20,2,20,4,8,0,0,0,0,digital_wallet,mobile_app,south,retail,android,1,1,0,2790,87.73,909,29,32,6,3,13,0.0176,0.852,0.148,0.6516,0.000982,2,210.71
2026-02-20,2,20,4,8,0,0,0,0,digital_wallet,mobile_app,west,premium,android,1,0,0,1935,80.71,562,14,26,7,2,12,0.0226,0.8482,0.1518,0.6103,0.000742,1,17.95
2026-02-20,2,20,4,8,0,0,0,0,digital_wallet,mobile_app,west,retail,android,1,1,0,2831,58.44,1484,29,35,9,2,29,0.0173,0.857,0.143,0.622,0.001046,2,98.38
2026-02-20,2,20,4,8,0,0,0,0,digital_wallet,web,east,premium,ios,1,0,0,1444,50.8,637,15,21,9,1,13,0.0188,0.8444,0.1556,0.364,0.000565,1,59.4
2026-02-20,2,20,4,8,0,0,0,0,digital_wallet,web,east,retail,desktop,1,1,0,1502,41.82,618,21,19,6,0,7,0.0219,0.8635,0.1365,0.3414,0.000739,0,0.0
2026-02-20,2,20,4,8,0,0,0,0,digital_wallet,web,north,premium,android,1,0,0,1508,58.3,620,9,9,7,3,10,0.0107,0.8606,0.1394,0.4698,0.000546,2,85.95
2026-02-20,2,20,4,8,0,0,0,0,digital_wallet,web,north,retail,desktop,1,1,0,1649,73.6,679,29,18,6,1,15,0.0141,0.8684,0.1316,0.3238,0.000759,2,187.82
2026-02-20,2,20,4,8,0,0,0,0,digital_wallet,web,south,premium,desktop,1,0,0,1072,66.31,310,11,11,5,2,10,0.0233,0.8428,0.1572,0.2766,0.00062,1,66.66
2026-02-20,2,20,4,8,0,0,0,0,digital_wallet,web,south,retail,ios,1,1,0,1900,59.76,583,27,15,4,3,14,0.019,0.8592,0.1408,0.3456,0.000852,4,214.6
2026-02-20,2,20,4,8,0,0,0,0,digital_wallet,web,west,premium,desktop,1,0,0,1107,63.42,423,10,11,6,3,2,0.0187,0.8666,0.1334,0.395,0.000613,0,0.0
2026-02-20,2,20,4,8,0,0,0,0,digital_wallet,web,west,retail,android,1,1,0,2230,71.6,690,24,14,5,2,9,0.0215,0.8546,0.1454,0.5457,0.000828,0,3.04
2026-02-21,2,21,5,8,1,0,0,0,credit_card,branch,east,premium,desktop,0,0,0,520,99.17,249,16,13,5,1,4,0.0205,0.8573,0.1427,0.2356,0.000329,0,7.9
2026-02-21,2,21,5,8,1,0,0,0,credit_card,branch,east,retail,desktop,0,0,0,789,69.41,502,41,13,3,2,6,0.0158,0.8481,0.1519,0.2271,0.000455,0,0.0
2026-02-21,2,21,5,8,1,0,0,0,credit_card,branch,north,premium,desktop,0,0,0,485,44.36,143,23,8,3,0,2,0.0142,0.8493,0.1507,0.2699,0.000321,0,0.0
2026-02-21,2,21,5,8,1,0,0,0,credit_card,branch,north,retail,desktop,0,0,0,733,107.06,239,27,8,5,1,7,0.008,0.8534,0.1466,0.2911,0.000469,1,112.04
2026-02-21,2,21,5,8,1,0,0,0,credit_card,branch,south,premium,desktop,0,0,0,512,74.14,167,19,12,6,0,6,0.0187,0.8589,0.1411,0.2549,0.000368,0,87.51
2026-02-21,2,21,5,8,1,0,0,0,credit_card,branch,south,retail,desktop,0,0,0,770,29.45,308,25,11,4,1,3,0.0138,0.8522,0.1478,0.2666,0.000539,0,0.0
2026-02-21,2,21,5,8,1,0,0,0,credit_card,branch,west,premium,desktop,0,0,0,580,66.21,306,17,9,2,1,10,0.0238,0.8577,0.1423,0.2737,0.000394,2,223.8
2026-02-21,2,21,5,8,1,0,0,0,credit_card,branch,west,retail,desktop,0,0,0,866,123.02,416,42,10,3,3,4,0.0182,0.8518,0.1482,0.1989,0.000528,0,0.0
2026-02-21,2,21,5,8,1,0,0,0,credit_card,mobile_app,east,premium,android,1,0,0,2341,106.63,834,31,37,11,2,23,0.0243,0.8562,0.1438,0.6101,0.000557,1,143.27
2026-02-21,2,21,5,8,1,0,0,0,credit_card,mobile_app,east,retail,android,1,1,0,3236,151.86,1938,52,27,7,2,12,0.0167,0.8356,0.1644,0.5916,0.000764,2,470.71
2026-02-21,2,21,5,8,1,0,0,0,credit_card,mobile_app,north,premium,ios,1,0,0,1922,40.96,702,24,25,13,1,8,0.0234,0.8504,0.1496,0.4597,0.000575,0,6.69
2026-02-21,2,21,5,8,1,0,0,0,credit_card,mobile_app,north,retail,android,1,1,0,3480,89.73,1678,49,21,11,3,25,0.0188,0.8688,0.1312,0.5664,0.000817,3,305.94
2026-02-21,2,21,5,8,1,0,0,0,credit_card,mobile_app,south,premium,android,1,0,0,2085,53.72,1253,15,28,6,2,13,0.0123,0.8309,0.1691,0.6432,0.0006,1,60.51
2026-02-21,2,21,5,8,1,0,0,0,credit_card,mobile_app,south,retail,ios,1,1,0,3350,112.82,1496,44,28,15,7,29,0.0164,0.8504,0.1496,0.3944,0.000922,5,685.39
2026-02-21,2,21,5,8,1,0,0,0,credit_card,mobile_app,west,premium,ios,1,0,0,2573,49.78,876,15,33,6,2,20,0.0238,0.8458,0.1542,0.4094,0.000619,1,115.3
2026-02-21,2,21,5,8,1,0,0,0,credit_card,mobile_app,west,retail,android,1,1,0,3867,66.05,1283,43,28,13,5,20,0.0136,0.8619,0.1381,0.5891,0.000905,5,395.8
2026-02-21,2,21,5,8,1,0,0,0,credit_card,web,east,premium,desktop,1,0,0,1269,64.21,648,15,18,2,1,21,0.0152,0.8614,0.1386,0.3215,0.000482,3,250.94
2026-02-21,2,21,5,8,1,0,0,0,credit_card,web,east,retail,desktop,1,1,0,1785,64.79,643,36,22,6,4,6,0.0228,0.8502,0.1498,0.3863,0.000714,0,0.0
2026-02-21,2,21,5,8,1,0,0,0,credit_card,web,north,premium,ios,1,0,0,2216,70.22,1477,14,18,4,1,13,0.0167,0.8535,0.1465,0.3419,0.000474,1,35.64
2026-02-21,2,21,5,8,1,0,0,0,credit_card,web,north,retail,desktop,1,1,0,2250,70.53,681,35,16,8,3,5,0.0193,0.8591,0.1409,0.361,0.000685,1,135.15
2026-02-21,2,21,5,8,1,0,0,0,credit_card,web,south,premium,ios,1,0,0,1769,79.85,577,15,12,10,2,7,0.0195,0.8523,0.1477,0.3166,0.000502,0,0.0
2026-02-21,2,21,5,8,1,0,0,0,credit_card,web,south,retail,ios,1,1,0,2312,90.72,793,31,14,7,1,4,0.0222,0.844,0.156,0.2972,0.000799,0,0.0
2026-02-21,2,21,5,8,1,0,0,0,credit_card,web,west,premium,desktop,1,0,0,1149,62.97,729,19,13,7,1,6,0.0142,0.8513,0.1487,0.331,0.000549,0,5.51
2026-02-21,2,21,5,8,1,0,0,0,credit_card,web,west,retail,android,1,1,0,3138,63.93,1141,32,15,3,3,11,0.0171,0.8607,0.1393,0.4907,0.000791,2,137.06
2026-02-21,2,21,5,8,1,0,0,0,debit_card,branch,east,premium,desktop,0,0,0,425,76.6,270,9,7,4,1,4,0.0141,0.8556,0.1444,0.262,0.000253,0,0.0
2026-02-21,2,21,5,8,1,0,0,0,debit_card,branch,east,retail,desktop,0,0,0,705,82.26,237,21,10,2,4,5,0.0216,0.8354,0.1646,0.2326,0.000355,0,0.0
2026-02-21,2,21,5,8,1,0,0,0,debit_card,branch,north,premium,desktop,0,0,0,453,104.98,146,8,9,5,1,3,0.0186,0.8541,0.1459,0.2124,0.000266,0,0.0
2026-02-21,2,21,5,8,1,0,0,0,debit_card,branch,north,retail,desktop,0,0,0,594,65.24,205,27,16,2,0,9,0.0196,0.8624,0.1376,0.2486,0.000379,0,50.8
2026-02-21,2,21,5,8,1,0,0,0,debit_card,branch,south,premium,desktop,0,0,0,353,47.82,124,12,14,4,0,4,0.016,0.8422,0.1578,0.2925,0.000301,0,21.32
2026-02-21,2,21,5,8,1,0,0,0,debit_card,branch,south,retail,desktop,0,0,0,552,66.96,248,22,12,1,3,6,0.0216,0.8445,0.1555,0.2365,0.000416,0,22.6
2026-02-21,2,21,5,8,1,0,0,0,debit_card,branch,west,premium,desktop,0,0,0,535,61.32,303,14,14,4,1,5,0.0142,0.851,0.149,0.2359,0.0003,0,0.0
2026-02-21,2,21,5,8,1,0,0,0,debit_card,branch,west,retail,desktop,0,0,0,580,36.56,201,25,11,9,4,3,0.0169,0.8495,0.1505,0.2088,0.000455,0,0.95
2026-02-21,2,21,5,8,1,0,0,0,debit_card,mobile_app,east,premium,android,1,0,0,1754,38.9,518,16,17,6,2,9,0.023,0.8481,0.1519,0.5675,0.000429,1,13.74
2026-02-21,2,21,5,8,1,0,0,0,debit_card,mobile_app,east,retail,ios,1,1,0,2474,79.18,1436,37,23,7,5,6,0.0208,0.8301,0.1699,0.4402,0.000626,0,0.0
2026-02-21,2,21,5,8,1,0,0,0,debit_card,mobile_app,north,premium,ios,1,0,0,1774,73.3,530,16,18,9,2,12,0.0195,0.8558,0.1442,0.435,0.000455,0,0.0
2026-02-21,2,21,5,8,1,0,0,0,debit_card,mobile_app,north,retail,android,1,1,0,2511,51.7,1569,28,30,7,1,14,0.0293,0.8488,0.1512,0.6169,0.000653,2,101.59
2026-02-21,2,21,5,8,1,0,0,0,debit_card,mobile_app,south,premium,android,1,0,0,1865,66.66,604,11,24,14,1,25,0.016,0.8396,0.1604,0.6397,0.000486,4,270.37
2026-02-21,2,21,5,8,1,0,0,0,debit_card,mobile_app,south,retail,android,1,1,0,2704,64.88,1803,38,23,13,4,14,0.0256,0.8334,0.1666,0.6014,0.000721,2,118.57
2026-02-21,2,21,5,8,1,0,0,0,debit_card,mobile_app,west,premium,android,1,0,0,1961,50.72,1186,20,23,11,4,11,0.0236,0.8506,0.1494,0.6594,0.000508,0,0.0
2026-02-21,2,21,5,8,1,0,0,0,debit_card,mobile_app,west,retail,ios,1,1,0,2454,55.4,752,37,26,8,2,14,0.0187,0.8559,0.1441,0.3878,0.000686,2,119.91
2026-02-21,2,21,5,8,1,0,0,0,debit_card,web,east,premium,desktop,1,0,0,1067,88.42,314,11,18,5,2,7,0.0203,0.8645,0.1355,0.3506,0.000359,1,91.17
2026-02-21,2,21,5,8,1,0,0,0,debit_card,web,east,retail,ios,1,1,0,2150,62.33,727,31,20,4,2,16,0.0191,0.8662,0.1338,0.3286,0.000556,2,147.14
2026-02-21,2,21,5,8,1,0,0,0,debit_card,web,north,premium,desktop,1,0,0,1102,81.3,623,14,14,5,1,5,0.0246,0.8596,0.1404,0.3357,0.000384,1,175.43
2026-02-21,2,21,5,8,1,0,0,0,debit_card,web,north,retail,android,1,1,0,2116,59.8,669,30,24,6,1,13,0.0209,0.8531,0.1469,0.4857,0.000535,0,0.0
2026-02-21,2,21,5,8,1,0,0,0,debit_card,web,south,premium,desktop,1,0,0,1018,46.7,368,9,15,5,0,5,0.0203,0.8411,0.1589,0.3521,0.000436,0,0.0
2026-02-21,2,21,5,8,1,0,0,0,debit_card,web,south,retail,android,1,1,0,2272,55.94,724,24,24,6,4,26,0.0218,0.8601,0.1399,0.4966,0.000602,5,288.97
2026-02-21,2,21,5,8,1,0,0,0,debit_card,web,west,premium,desktop,1,0,0,1107,53.95,654,15,13,5,1,12,0.0164,0.854,0.146,0.3326,0.000448,3,147.16
2026-02-21,2,21,5,8,1,0,0,0,debit_card,web,west,retail,desktop,1,1,0,1369,36.5,413,26,17,3,3,13,0.0239,0.8662,0.1338,0.3064,0.000655,2,80.53
2026-02-21,2,21,5,8,1,0,0,0,digital_wallet,branch,east,premium,desktop,0,0,0,382,93.19,253,18,13,7,2,3,0.0206,0.8653,0.1347,0.2444,0.000371,0,26.06
2026-02-21,2,21,5,8,1,0,0,0,digital_wallet,branch,east,retail,desktop,0,0,0,498,154.96,186,27,14,6,3,6,0.023,0.8358,0.1642,0.2697,0.000542,0,42.8
2026-02-21,2,21,5,8,1,0,0,0,digital_wallet,branch,north,premium,desktop,0,0,0,325,53.4,165,10,7,5,0,2,0.0231,0.8699,0.1301,0.2435,0.000369,0,0.0
2026-02-21,2,21,5,8,1,0,0,0,digital_wallet,branch,north,retail,desktop,0,0,0,561,66.24,320,15,10,5,4,4,0.0165,0.8458,0.1542,0.2915,0.000547,0,13.29
2026-02-21,2,21,5,8,1,0,0,0,digital_wallet,branch,south,premium,desktop,0,0,0,362,40.2,224,11,10,8,0,3,0.0107,0.8661,0.1339,0.2809,0.00039,0,6.65
2026-02-21,2,21,5,8,1,0,0,0,digital_wallet,branch,south,retail,desktop,0,0,0,475,60.09,142,33,12,6,1,3,0.0217,0.8564,0.1436,0.3031,0.00061,0,0.0
2026-02-21,2,21,5,8,1,0,0,0,digital_wallet,branch,west,premium,desktop,0,0,0,323,41.18,147,11,13,4,1,8,0.0252,0.8543,0.1457,0.265,0.000433,0,0.0
2026-02-21,2,21,5,8,1,0,0,0,digital_wallet,branch,west,retail,desktop,0,0,0,637,90.89,406,29,9,4,2,3,0.0167,0.8402,0.1598,0.2485,0.000635,0,17.88
2026-02-21,2,21,5,8,1,0,0,0,digital_wallet,mobile_app,east,premium,ios,1,0,0,1638,42.59,496,19,19,8,2,7,0.02,0.8553,0.1447,0.452,0.000627,0,6.49
2026-02-21,2,21,5,8,1,0,0,0,digital_wallet,mobile_app,east,retail,ios,1,1,0,1980,69.28,1001,30,25,6,3,15,0.0233,0.8697,0.1303,0.3856,0.0009,1,31.26
2026-02-21,2,21,5,8,1,0,0,0,digital_wallet,mobile_app,north,premium,android,1,0,0,1616,42.22,901,15,21,9,3,19,0.0216,0.8428,0.1572,0.6088,0.000689,3,241.61
2026-02-21,2,21,5,8,1,0,0,0,digital_wallet,mobile_app,north,retail,ios,1,1,0,2332,32.18,1491,32,35,9,5,21,0.0201,0.8579,0.1421,0.4156,0.000917,3,130.19
2026-02-21,2,21,5,8,1,0,0,0,digital_wallet,mobile_app,south,premium,ios,1,0,0,1460,49.31,687,13,21,14,3,14,0.0264,0.8645,0.1355,0.3985,0.000715,1,26.21
2026-02-21,2,21,5,8,1,0,0,0,digital_wallet,mobile_app,south,retail,ios,1,1,0,2394,111.91,881,25,35,15,2,17,0.0252,0.8465,0.1535,0.44,0.001026,2,191.01
2026-02-21,2,21,5,8,1,0,0,0,digital_wallet,mobile_app,west,premium,android,1,0,0,1603,67.48,507,16,24,12,2,10,0.0226,0.8645,0.1355,0.6592,0.000729,1,102.0
2026-02-21,2,21,5,8,1,0,0,0,digital_wallet,mobile_app,west,retail,android,1,1,0,1945,44.66,849,26,24,10,2,19,0.0164,0.8558,0.1442,0.5927,0.001006,3,108.33
2026-02-21,2,21,5,8,1,0,0,0,digital_wallet,web,east,premium,desktop,1,0,0,716,86.33,369,13,18,3,1,11,0.0244,0.8332,0.1668,0.3978,0.000526,1,103.94
2026-02-21,2,21,5,8,1,0,0,0,digital_wallet,web,east,retail,desktop,1,1,0,1256,71.56,563,23,26,5,2,22,0.0203,0.8627,0.1373,0.306,0.000745,3,157.35
2026-02-21,2,21,5,8,1,0,0,0,digital_wallet,web,north,premium,desktop,1,0,0,907,77.29,503,14,15,4,4,6,0.0135,0.8542,0.1458,0.2948,0.000603,1,53.85
2026-02-21,2,21,5,8,1,0,0,0,digital_wallet,web,north,retail,desktop,1,1,0,1210,104.37,371,18,17,8,3,9,0.0189,0.8483,0.1517,0.272,0.000783,0,0.0
2026-02-21,2,21,5,8,1,0,0,0,digital_wallet,web,south,premium,desktop,1,0,0,900,82.83,348,14,17,8,4,10,0.0155,0.8522,0.1478,0.3105,0.000625,1,82.07
2026-02-21,2,21,5,8,1,0,0,0,digital_wallet,web,south,retail,ios,1,1,0,1729,34.65,940,19,12,4,1,2,0.0262,0.8629,0.1371,0.3498,0.000888,0,0.0
2026-02-21,2,21,5,8,1,0,0,0,digital_wallet,web,west,premium,android,1,0,0,1264,52.82,823,18,13,5,3,3,0.0181,0.8661,0.1339,0.5218,0.000594,0,15.15
2026-02-21,2,21,5,8,1,0,0,0,digital_wallet,web,west,retail,desktop,1,1,0,1245,68.35,446,17,17,5,1,12,0.0227,0.8363,0.1637,0.2889,0.000885,1,71.11
2026-02-22,2,22,6,8,1,0,0,0,credit_card,branch,east,premium,desktop,0,0,0,561,50.96,200,22,14,5,1,7,0.0155,0.8721,0.1279,0.2321,0.000341,0,0.0
2026-02-22,2,22,6,8,1,0,0,0,credit_card,branch,east,retail,desktop,0,0,0,699,56.25,242,26,7,3,0,2,0.0132,0.8529,0.1471,0.2783,0.000454,0,41.21
2026-02-22,2,22,6,8,1,0,0,0,credit_card,branch,north,premium,desktop,0,0,0,482,93.75,288,12,7,6,0,5,0.0128,0.8675,0.1325,0.2671,0.000347,1,147.46
2026-02-22,2,22,6,8,1,0,0,0,credit_card,branch,north,retail,desktop,0,0,0,782,74.04,306,32,12,4,3,8,0.0194,0.842,0.158,0.232,0.000464,0,37.94
2026-02-22,2,22,6,8,1,0,0,0,credit_card,branch,south,premium,desktop,0,0,0,505,70.14,306,12,6,3,0,2,0.0138,0.851,0.149,0.222,0.000355,0,0.0
2026-02-22,2,22,6,8,1,0,0,0,credit_card,branch,south,retail,desktop,0,0,0,719,80.21,282,30,14,5,6,9,0.0177,0.8457,0.1543,0.2806,0.000536,0,0.0
2026-02-22,2,22,6,8,1,0,0,0,credit_card,branch,west,premium,desktop,0,0,0,546,70.41,159,16,14,3,1,8,0.0171,0.8661,0.1339,0.2729,0.000399,0,25.04
2026-02-22,2,22,6,8,1,0,0,0,credit_card,branch,west,retail,desktop,0,0,0,811,87.11,408,37,12,5,3,6,0.021,0.8616,0.1384,0.2939,0.000544,1,171.43
2026-02-22,2,22,6,8,1,0,0,0,credit_card,mobile_app,east,premium,ios,1,0,0,2215,90.24,749,31,27,14,1,7,0.0276,0.8609,0.1391,0.443,0.000562,0,0.0
2026-02-22,2,22,6,8,1,0,0,0,credit_card,mobile_app,east,retail,ios,1,1,0,3608,52.02,1839,39,30,8,2,26,0.0176,0.8445,0.1555,0.4755,0.000752,2,120.19
2026-02-22,2,22,6,8,1,0,0,0,credit_card,mobile_app,north,premium,android,1,0,0,2488,86.02,1641,23,32,14,1,17,0.0215,0.8449,0.1551,0.644,0.000577,2,130.82
2026-02-22,2,22,6,8,1,0,0,0,credit_card,mobile_app,north,retail,ios,1,1,0,3348,103.17,1227,41,26,11,5,16,0.0265,0.8501,0.1499,0.4013,0.000858,1,89.96
2026-02-22,2,22,6,8,1,0,0,0,credit_card,mobile_app,south,premium,ios,1,0,0,2117,88.96,1310,19,19,12,2,6,0.0195,0.8702,0.1298,0.4536,0.000641,0,68.33
2026-02-22,2,22,6,8,1,0,0,0,credit_card,mobile_app,south,retail,ios,1,1,0,2980,55.52,1358,47,27,8,6,10,0.0164,0.8377,0.1623,0.4246,0.000885,1,91.02
2026-02-22,2,22,6,8,1,0,0,0,credit_card,mobile_app,west,premium,android,1,0,0,2064,76.47,642,29,16,10,1,18,0.0167,0.8571,0.1429,0.6576,0.000652,5,464.03
2026-02-22,2,22,6,8,1,0,0,0,credit_card,mobile_app,west,retail,ios,1,1,0,3295,40.68,1059,35,21,12,4,15,0.0179,0.8484,0.1516,0.4608,0.000893,2,63.92
2026-02-22,2,22,6,8,1,0,0,0,credit_card,web,east,premium,ios,1,0,0,1961,72.66,660,22,12,8,1,6,0.0242,0.8467,0.1533,0.3522,0.000474,1,92.49
2026-02-22,2,22,6,8,1,0,0,0,credit_card,web,east,retail,desktop,1,1,0,1779,103.6,909,33,19,7,2,12,0.0198,0.8696,0.1304,0.3333,0.000688,2,257.39
2026-02-22,2,22,6,8,1,0,0,0,credit_card,web,north,premium,android,1,0,0,1888,54.35,838,20,19,7,4,19,0.0188,0.8482,0.1518,0.5696,0.000479,2,156.34
2026-02-22,2,22,6,8,1,0,0,0,credit_card,web,north,retail,desktop,1,1,0,2006,101.32,1083,40,13,11,5,6,0.0241,0.8648,0.1352,0.3328,0.000701,0,0.0
2026-02-22,2,22,6,8,1,0,0,0,credit_card,web,south,premium,desktop,1,0,0,1212,93.48,504,16,12,6,0,2,0.0186,0.8434,0.1566,0.3632,0.000524,0,27.27
2026-02-22,2,22,6,8,1,0,0,0,credit_card,web,south,retail,android,1,1,0,2538,47.61,1031,35,23,7,0,10,0.0205,0.8449,0.1551,0.4869,0.000731,1,109.8
2026-02-22,2,22,6,8,1,0,0,0,credit_card,web,west,premium,android,1,0,0,2083,81.44,728,28,16,2,2,11,0.0219,0.8452,0.1548,0.5279,0.000533,1,66.02
2026-02-22,2,22,6,8,1,0,0,0,credit_card,web,west,retail,desktop,1,1,0,2253,77.58,692,37,28,6,3,19,0.0214,0.8688,0.1312,0.3317,0.000798,2,200.44
2026-02-22,2,22,6,8,1,0,0,0,debit_card,branch,east,premium,desktop,0,0,0,430,76.18,258,15,10,8,1,6,0.014,0.837,0.163,0.2624,0.000271,0,0.0
2026-02-22,2,22,6,8,1,0,0,0,debit_card,branch,east,retail,desktop,0,0,0,660,51.09,320,29,11,6,2,6,0.0193,0.8519,0.1481,0.2604,0.000365,1,102.31
2026-02-22,2,22,6,8,1,0,0,0,debit_card,branch,north,premium,desktop,0,0,0,372,65.47,256,14,13,3,1,8,0.0242,0.8463,0.1537,0.2887,0.000266,0,4.83
2026-02-22,2,22,6,8,1,0,0,0,debit_card,branch,north,retail,desktop,0,0,0,814,30.4,306,38,16,11,1,8,0.0156,0.8621,0.1379,0.234,0.000397,0,0.0
2026-02-22,2,22,6,8,1,0,0,0,debit_card,branch,south,premium,desktop,0,0,0,369,82.17,169,7,10,4,0,5,0.0191,0.8472,0.1528,0.1777,0.000308,0,0.0
2026-02-22,2,22,6,8,1,0,0,0,debit_card,branch,south,retail,desktop,0,0,0,603,61.96,396,32,10,3,0,4,0.0221,0.8445,0.1555,0.2993,0.000405,0,0.0
2026-02-22,2,22,6,8,1,0,0,0,debit_card,branch,west,premium,desktop,0,0,0,462,90.4,163,11,9,6,3,3,0.0235,0.8588,0.1412,0.264,0.000304,0,0.0
2026-02-22,2,22,6,8,1,0,0,0,debit_card,branch,west,retail,desktop,0,0,0,655,51.62,272,25,8,5,3,3,0.0219,0.8396,0.1604,0.2327,0.000421,0,19.53
2026-02-22,2,22,6,8,1,0,0,0,debit_card,mobile_app,east,premium,ios,1,0,0,1720,74.41,1013,15,24,10,0,9,0.0141,0.8434,0.1566,0.4082,0.000418,1,126.37
2026-02-22,2,22,6,8,1,0,0,0,debit_card,mobile_app,east,retail,android,1,1,0,2720,52.37,1685,29,32,18,2,27,0.009,0.8479,0.1521,0.5644,0.000603,2,65.02
2026-02-22,2,22,6,8,1,0,0,0,debit_card,mobile_app,north,premium,android,1,0,0,2308,43.48,930,10,25,13,4,14,0.0199,0.8431,0.1569,0.694,0.000449,1,35.89
2026-02-22,2,22,6,8,1,0,0,0,debit_card,mobile_app,north,retail,ios,1,1,0,2545,61.63,961,60,30,10,2,13,0.0148,0.8501,0.1499,0.387,0.000633,0,0.0
2026-02-22,2,22,6,8,1,0,0,0,debit_card,mobile_app,south,premium,ios,1,0,0,1982,51.74,644,20,17,15,1,4,0.0244,0.8575,0.1425,0.445,0.000481,0,7.62
2026-02-22,2,22,6,8,1,0,0,0,debit_card,mobile_app,south,retail,android,1,1,0,2565,63.19,1408,40,25,10,2,13,0.0219,0.8397,0.1603,0.6572,0.00071,1,125.4
2026-02-22,2,22,6,8,1,0,0,0,debit_card,mobile_app,west,premium,android,1,0,0,1707,48.36,568,18,26,8,4,20,0.0189,0.8639,0.1361,0.6336,0.000497,1,64.64
2026-02-22,2,22,6,8,1,0,0,0,debit_card,mobile_app,west,retail,android,1,1,0,3051,75.5,1145,29,29,8,2,18,0.0259,0.85,0.15,0.6266,0.000733,1,106.12
2026-02-22,2,22,6,8,1,0,0,0,debit_card,web,east,premium,android,1,0,0,1602,85.19,749,12,19,4,1,9,0.016,0.8571,0.1429,0.6193,0.000393,1,91.6
2026-02-22,2,22,6,8,1,0,0,0,debit_card,web,east,retail,desktop,1,1,0,1647,56.11,483,32,17,6,4,14,0.0168,0.8539,0.1461,0.3804,0.000526,3,190.34
2026-02-22,2,22,6,8,1,0,0,0,debit_card,web,north,premium,android,1,0,0,1538,77.7,493,12,18,8,2,11,0.0159,0.8367,0.1633,0.4984,0.000401,1,114.31
2026-02-22,2,22,6,8,1,0,0,0,debit_card,web,north,retail,desktop,1,1,0,1757,24.95,863,26,14,6,1,9,0.0275,0.8478,0.1522,0.2987,0.000552,1,24.39
2026-02-22,2,22,6,8,1,0,0,0,debit_card,web,south,premium,desktop,1,0,0,1055,54.11,656,12,13,2,2,3,0.0136,0.8471,0.1529,0.3815,0.000379,0,37.56
2026-02-22,2,22,6,8,1,0,0,0,debit_card,web,south,retail,desktop,1,1,0,1588,59.45,803,29,18,4,3,10,0.0199,0.8557,0.1443,0.3297,0.000595,1,46.67
2026-02-22,2,22,6,8,1,0,0,0,debit_card,web,west,premium,desktop,1,0,0,1158,27.26,451,10,16,9,2,9,0.0199,0.8532,0.1468,0.3108,0.000424,0,3.97
2026-02-22,2,22,6,8,1,0,0,0,debit_card,web,west,retail,desktop,1,1,0,1738,108.52,869,25,13,7,0,11,0.0273,0.8538,0.1462,0.3391,0.000616,1,187.67
2026-02-22,2,22,6,8,1,0,0,0,digital_wallet,branch,east,premium,desktop,0,0,0,339,56.27,129,13,7,6,0,6,0.0185,0.8438,0.1562,0.1905,0.000365,1,56.11
2026-02-22,2,22,6,8,1,0,0,0,digital_wallet,branch,east,retail,desktop,0,0,0,457,36.89,268,29,9,4,2,3,0.0303,0.8355,0.1645,0.2155,0.0005,0,17.8
2026-02-22,2,22,6,8,1,0,0,0,digital_wallet,branch,north,premium,desktop,0,0,0,284,121.91,147,10,13,5,2,8,0.0255,0.84,0.16,0.2761,0.000404,0,10.03
2026-02-22,2,22,6,8,1,0,0,0,digital_wallet,branch,north,retail,desktop,0,0,0,547,29.34,306,19,11,3,2,3,0.0164,0.8394,0.1606,0.248,0.000557,0,28.8
2026-02-22,2,22,6,8,1,0,0,0,digital_wallet,branch,south,premium,desktop,0,0,0,332,92.85,100,17,11,4,1,5,0.0247,0.8493,0.1507,0.251,0.000421,0,0.0
2026-02-22,2,22,6,8,1,0,0,0,digital_wallet,branch,south,retail,desktop,0,0,0,614,76.4,210,29,19,6,3,4,0.0168,0.8531,0.1469,0.2428,0.000603,0,19.22
2026-02-22,2,22,6,8,1,0,0,0,digital_wallet,branch,west,premium,desktop,0,0,0,363,48.66,168,13,12,7,1,4,0.0199,0.8694,0.1306,0.183,0.000438,0,0.0
2026-02-22,2,22,6,8,1,0,0,0,digital_wallet,branch,west,retail,desktop,0,0,0,589,39.5,274,16,10,1,3,2,0.0107,0.8387,0.1613,0.2425,0.000617,0,0.0
2026-02-22,2,22,6,8,1,0,0,0,digital_wallet,mobile_app,east,premium,ios,1,0,0,1419,52.78,701,14,27,9,3,13,0.0213,0.8549,0.1451,0.4293,0.000637,0,0.0
2026-02-22,2,22,6,8,1,0,0,0,digital_wallet,mobile_app,east,retail,ios,1,1,0,2322,87.38,965,34,31,6,2,18,0.0207,0.8611,0.1389,0.4667,0.000925,1,81.19
2026-02-22,2,22,6,8,1,0,0,0,digital_wallet,mobile_app,north,premium,ios,1,0,0,1547,84.42,618,9,23,11,4,5,0.0194,0.8576,0.1424,0.4838,0.000633,0,0.0
2026-02-22,2,22,6,8,1,0,0,0,digital_wallet,mobile_app,north,retail,ios,1,1,0,2414,49.73,757,19,32,16,2,19,0.0174,0.8674,0.1326,0.4416,0.000924,1,47.05
2026-02-22,2,22,6,8,1,0,0,0,digital_wallet,mobile_app,south,premium,android,1,0,0,1592,58.08,798,20,16,6,2,6,0.0268,0.8466,0.1534,0.6021,0.000674,1,0.84
2026-02-22,2,22,6,8,1,0,0,0,digital_wallet,mobile_app,south,retail,ios,1,1,0,2064,88.03,1147,28,29,12,2,22,0.0236,0.858,0.142,0.41,0.000944,2,156.4
2026-02-22,2,22,6,8,1,0,0,0,digital_wallet,mobile_app,west,premium,android,1,0,0,1580,48.89,541,15,22,13,1,11,0.0249,0.8501,0.1499,0.6113,0.000747,0,0.0
2026-02-22,2,22,6,8,1,0,0,0,digital_wallet,mobile_app,west,retail,android,1,1,0,2558,72.81,1389,29,31,6,2,9,0.027,0.8345,0.1655,0.6055,0.001023,1,84.82
2026-02-22,2,22,6,8,1,0,0,0,digital_wallet,web,east,premium,android,1,0,0,1319,48.09,510,17,22,9,1,17,0.0148,0.8672,0.1328,0.4849,0.000536,2,87.07
2026-02-22,2,22,6,8,1,0,0,0,digital_wallet,web,east,retail,desktop,1,1,0,1333,57.7,416,17,13,15,4,6,0.0256,0.8169,0.1831,0.348,0.000751,0,0.12
2026-02-22,2,22,6,8,1,0,0,0,digital_wallet,web,north,premium,android,1,0,0,1428,67.27,600,17,17,4,1,15,0.0175,0.861,0.139,0.503,0.000606,2,150.24
2026-02-22,2,22,6,8,1,0,0,0,digital_wallet,web,north,retail,desktop,1,1,0,1351,55.35,408,15,18,8,1,14,0.021,0.861,0.139,0.4073,0.000806,2,169.76
2026-02-22,2,22,6,8,1,0,0,0,digital_wallet,web,south,premium,desktop,1,0,0,820,73.96,298,12,16,5,1,9,0.0136,0.8456,0.1544,0.2956,0.000596,2,259.26
2026-02-22,2,22,6,8,1,0,0,0,digital_wallet,web,south,retail,desktop,1,1,0,1192,65.3,636,19,14,5,5,7,0.0228,0.8671,0.1329,0.319,0.000845,1,77.36
2026-02-22,2,22,6,8,1,0,0,0,digital_wallet,web,west,premium,desktop,1,0,0,974,87.09,552,13,21,5,1,10,0.0236,0.8488,0.1512,0.3455,0.000607,0,4.24
2026-02-22,2,22,6,8,1,0,0,0,digital_wallet,web,west,retail,android,1,1,0,1977,66.44,687,32,16,6,4,17,0.0259,0.8346,0.1654,0.5244,0.000919,3,263.48
2026-02-23,2,23,0,9,0,0,0,0,credit_card,branch,east,premium,desktop,0,0,0,662,53.98,440,14,10,4,1,3,0.0227,0.8529,0.1471,0.213,0.000312,0,30.81
2026-02-23,2,23,0,9,0,0,0,0,credit_card,branch,east,retail,desktop,0,0,0,790,46.58,511,32,11,10,1,4,0.0224,0.8522,0.1478,0.2265,0.000501,0,0.0
2026-02-23,2,23,0,9,0,0,0,0,credit_card,branch,north,premium,desktop,0,0,0,571,65.51,205,22,5,7,0,3,0.0176,0.8574,0.1426,0.2852,0.000354,1,80.59
2026-02-23,2,23,0,9,0,0,0,0,credit_card,branch,north,retail,desktop,0,0,0,865,39.1,322,37,13,4,2,7,0.02,0.863,0.137,0.2048,0.000495,0,90.09
2026-02-23,2,23,0,9,0,0,0,0,credit_card,branch,south,premium,desktop,0,0,0,523,53.92,227,14,11,0,1,4,0.0181,0.8483,0.1517,0.2879,0.000369,0,19.21
2026-02-23,2,23,0,9,0,0,0,0,credit_card,branch,south,retail,desktop,0,0,0,800,85.53,345,33,7,5,1,4,0.0281,0.8591,0.1409,0.3007,0.000519,0,0.0
2026-02-23,2,23,0,9,0,0,0,0,credit_card,branch,west,premium,desktop,0,0,0,638,53.05,252,24,11,6,1,2,0.0246,0.8653,0.1347,0.1909,0.000393,0,73.19
2026-02-23,2,23,0,9,0,0,0,0,credit_card,branch,west,retail,desktop,0,0,0,943,32.1,310,30,6,8,1,3,0.0278,0.8617,0.1383,0.271,0.000553,0,30.53
2026-02-23,2,23,0,9,0,0,0,0,credit_card,mobile_app,east,premium,android,1,0,0,2614,46.31,1212,15,19,7,3,8,0.0242,0.8597,0.1403,0.6486,0.000559,0,0.0
2026-02-23,2,23,0,9,0,0,0,0,credit_card,mobile_app,east,retail,ios,1,1,0,3470,86.62,1016,47,29,10,3,15,0.02,0.8609,0.1391,0.4162,0.000756,4,368.48
2026-02-23,2,23,0,9,0,0,0,0,credit_card,mobile_app,north,premium,ios,1,0,0,2516,51.82,906,30,21,16,3,9,0.0239,0.8493,0.1507,0.442,0.000573,1,39.55
2026-02-23,2,23,0,9,0,0,0,0,credit_card,mobile_app,north,retail,ios,1,1,0,2936,86.76,1134,50,25,13,3,9,0.0171,0.857,0.143,0.415,0.000803,0,16.26
2026-02-23,2,23,0,9,0,0,0,0,credit_card,mobile_app,south,premium,ios,1,0,0,2426,64.47,869,23,25,11,0,13,0.0201,0.8651,0.1349,0.4035,0.000633,0,15.16
2026-02-23,2,23,0,9,0,0,0,0,credit_card,mobile_app,south,retail,ios,1,1,0,2922,73.84,998,38,34,7,4,25,0.0268,0.8635,0.1365,0.382,0.00085,1,102.71
2026-02-23,2,23,0,9,0,0,0,0,credit_card,mobile_app,west,premium,ios,1,0,0,2241,73.72,705,23,20,4,3,19,0.0274,0.861,0.139,0.3994,0.000624,4,260.49
2026-02-23,2,23,0,9,0,0,0,0,credit_card,mobile_app,west,retail,ios,1,1,0,3834,129.87,1582,42,20,6,2,11,0.0167,0.8498,0.1502,0.4101,0.000903,1,143.75
2026-02-23,2,23,0,9,0,0,0,0,credit_card,web,east,premium,desktop,1,0,0,1598,54.49,972,18,16,4,1,10,0.0155,0.8595,0.1405,0.2986,0.000472,0,0.0
2026-02-23,2,23,0,9,0,0,0,0,credit_card,web,east,retail,desktop,1,1,0,1876,64.11,647,26,13,5,1,7,0.019,0.8403,0.1597,0.3456,0.000609,1,65.4
2026-02-23,2,23,0,9,0,0,0,0,credit_card,web,north,premium,android,1,0,0,2365,70.76,1451,19,7,10,1,8,0.0184,0.862,0.138,0.5296,0.000462,1,107.53
2026-02-23,2,23,0,9,0,0,0,0,credit_card,web,north,retail,desktop,1,1,0,2090,48.27,686,31,15,9,3,15,0.0229,0.8575,0.1425,0.3482,0.000678,2,140.33
2026-02-23,2,23,0,9,0,0,0,0,credit_card,web,south,premium,android,1,0,0,2209,74.74,1438,19,16,6,0,8,0.0187,0.8785,0.1215,0.4919,0.00056,0,17.17
2026-02-23,2,23,0,9,0,0,0,0,credit_card,web,south,retail,ios,1,1,0,3391,64.11,1767,29,9,7,5,7,0.0235,0.885,0.115,0.3341,0.000735,2,260.34
2026-02-23,2,23,0,9,0,0,0,0,credit_card,web,west,premium,android,1,0,0,2511,32.59,1282,19,15,9,0,8,0.0152,0.8552,0.1448,0.5359,0.000556,1,34.25
2026-02-23,2,23,0,9,0,0,0,0,credit_card,web,west,retail,desktop,1,1,0,2173,40.37,1118,38,18,6,3,17,0.0167,0.8816,0.1184,0.3279,0.000745,3,161.66
2026-02-23,2,23,0,9,0,0,0,0,debit_card,branch,east,premium,desktop,0,0,0,497,44.05,159,13,6,6,2,1,0.0152,0.8684,0.1316,0.2157,0.000255,0,0.0
2026-02-23,2,23,0,9,0,0,0,0,debit_card,branch,east,retail,desktop,0,0,0,823,46.44,287,29,15,4,1,5,0.0183,0.8612,0.1388,0.2883,0.000368,0,12.41
2026-02-23,2,23,0,9,0,0,0,0,debit_card,branch,north,premium,desktop,0,0,0,514,52.11,165,18,13,6,0,3,0.0161,0.8515,0.1485,0.2206,0.00027,0,0.0
2026-02-23,2,23,0,9,0,0,0,0,debit_card,branch,north,retail,desktop,0,0,0,866,79.31,334,25,6,8,1,3,0.024,0.8559,0.1441,0.2093,0.00037,0,3.47
2026-02-23,2,23,0,9,0,0,0,0,debit_card,branch,south,premium,desktop,0,0,0,512,102.48,293,15,6,8,1,4,0.0172,0.8672,0.1328,0.1875,0.000275,0,0.0
2026-02-23,2,23,0,9,0,0,0,0,debit_card,branch,south,retail,desktop,0,0,0,634,49.71,233,31,7,3,0,4,0.0225,0.8702,0.1298,0.2418,0.000423,0,0.0
2026-02-23,2,23,0,9,0,0,0,0,debit_card,branch,west,premium,desktop,0,0,0,604,65.59,296,17,13,2,0,4,0.0171,0.8573,0.1427,0.2177,0.000308,0,35.5
2026-02-23,2,23,0,9,0,0,0,0,debit_card,branch,west,retail,desktop,0,0,0,773,62.43,253,41,16,6,3,9,0.0163,0.8595,0.1405,0.2417,0.000448,0,21.81
2026-02-23,2,23,0,9,0,0,0,0,debit_card,mobile_app,east,premium,android,1,0,0,2266,49.22,1415,28,24,12,0,7,0.0234,0.8683,0.1317,0.5952,0.000426,0,0.0
2026-02-23,2,23,0,9,0,0,0,0,debit_card,mobile_app,east,retail,android,1,1,0,3490,72.08,1873,39,25,10,2,10,0.0201,0.8529,0.1471,0.6845,0.000606,1,76.17
2026-02-23,2,23,0,9,0,0,0,0,debit_card,mobile_app,north,premium,android,1,0,0,2115,49.26,664,20,21,6,3,15,0.0281,0.8682,0.1318,0.6566,0.00044,1,38.75
2026-02-23,2,23,0,9,0,0,0,0,debit_card,mobile_app,north,retail,android,1,1,0,3558,59.58,1106,35,19,7,3,17,0.0272,0.8598,0.1402,0.5836,0.000629,2,127.95
2026-02-23,2,23,0,9,0,0,0,0,debit_card,mobile_app,south,premium,ios,1,0,0,1998,21.52,1115,17,14,12,1,9,0.0169,0.8526,0.1474,0.4122,0.000488,3,41.46
2026-02-23,2,23,0,9,0,0,0,0,debit_card,mobile_app,south,retail,android,1,1,0,3363,62.67,1588,49,21,4,3,15,0.0257,0.8754,0.1246,0.6028,0.00067,3,211.56
2026-02-23,2,23,0,9,0,0,0,0,debit_card,mobile_app,west,premium,ios,1,0,0,2480,61.37,795,23,13,8,3,9,0.0154,0.8674,0.1326,0.4597,0.000483,2,129.47
2026-02-23,2,23,0,9,0,0,0,0,debit_card,mobile_app,west,retail,android,1,1,0,3731,38.76,1654,39,22,10,1,14,0.0185,0.8641,0.1359,0.6033,0.000687,1,68.17
2026-02-23,2,23,0,9,0,0,0,0,debit_card,web,east,premium,ios,1,0,0,2084,33.51,1090,8,10,9,1,15,0.0184,0.8868,0.1132,0.3294,0.00036,3,69.42
2026-02-23,2,23,0,9,0,0,0,0,debit_card,web,east,retail,desktop,1,1,0,1606,90.86,1027,23,13,10,2,7,0.0207,0.8599,0.1401,0.3229,0.000514,1,105.26
2026-02-23,2,23,0,9,0,0,0,0,debit_card,web,north,premium,desktop,1,0,0,1181,45.62,721,13,11,6,1,3,0.0136,0.8704,0.1296,0.3903,0.000369,0,0.0
2026-02-23,2,23,0,9,0,0,0,0,debit_card,web,north,retail,desktop,1,1,0,1871,37.25,734,19,15,2,2,11,0.0219,0.8672,0.1328,0.3428,0.000514,1,11.8
2026-02-23,2,23,0,9,0,0,0,0,debit_card,web,south,premium,android,1,0,0,1832,56.38,592,10,17,9,1,7,0.0222,0.8367,0.1633,0.4874,0.000406,0,0.0
2026-02-23,2,23,0,9,0,0,0,0,debit_card,web,south,retail,desktop,1,1,0,1672,51.08,770,28,20,6,5,13,0.024,0.8744,0.1256,0.3685,0.000618,2,82.83
2026-02-23,2,23,0,9,0,0,0,0,debit_card,web,west,premium,desktop,1,0,0,1323,66.66,779,22,10,6,2,2,0.0215,0.857,0.143,0.3139,0.000436,0,19.24
2026-02-23,2,23,0,9,0,0,0,0,debit_card,web,west,retail,desktop,1,1,0,1847,61.61,639,34,17,5,5,13,0.0214,0.8532,0.1468,0.3694,0.000637,1,34.43
2026-02-23,2,23,0,9,0,0,0,0,digital_wallet,branch,east,premium,desktop,0,0,0,414,118.0,205,16,12,8,2,4,0.0106,0.864,0.136,0.2651,0.000355,0,22.66
2026-02-23,2,23,0,9,0,0,0,0,digital_wallet,branch,east,retail,desktop,0,0,0,619,70.16,215,21,12,6,0,5,0.023,0.8632,0.1368,0.1835,0.000483,0,5.49
2026-02-23,2,23,0,9,0,0,0,0,digital_wallet,branch,north,premium,desktop,0,0,0,491,56.36,216,11,7,6,0,2,0.0192,0.8587,0.1413,0.2166,0.000385,0,0.0
2026-02-23,2,23,0,9,0,0,0,0,digital_wallet,branch,north,retail,desktop,0,0,0,614,77.91,230,17,9,2,0,4,0.014,0.8491,0.1509,0.2632,0.000518,0,39.22
2026-02-23,2,23,0,9,0,0,0,0,digital_wallet,branch,south,premium,desktop,0,0,0,427,88.18,198,14,7,3,0,3,0.023,0.837,0.163,0.2699,0.00044,0,23.18
2026-02-23,2,23,0,9,0,0,0,0,digital_wallet,branch,south,retail,desktop,0,0,0,616,50.01,373,25,10,5,2,4,0.0222,0.8821,0.1179,0.2301,0.000603,0,40.04
2026-02-23,2,23,0,9,0,0,0,0,digital_wallet,branch,west,premium,desktop,0,0,0,434,110.07,224,19,14,7,0,11,0.026,0.8742,0.1258,0.2466,0.000442,1,208.75
2026-02-23,2,23,0,9,0,0,0,0,digital_wallet,branch,west,retail,desktop,0,0,0,679,61.31,203,18,15,1,3,9,0.0213,0.877,0.123,0.292,0.000627,1,67.73
2026-02-23,2,23,0,9,0,0,0,0,digital_wallet,mobile_app,east,premium,ios,1,0,0,1730,56.02,682,21,27,9,2,14,0.0246,0.85,0.15,0.4698,0.000642,1,95.34
2026-02-23,2,23,0,9,0,0,0,0,digital_wallet,mobile_app,east,retail,android,1,1,0,2682,70.87,1053,30,17,13,4,10,0.0198,0.8601,0.1399,0.58,0.000862,0,0.0
2026-02-23,2,23,0,9,0,0,0,0,digital_wallet,mobile_app,north,premium,android,1,0,0,1759,59.26,644,20,20,7,2,4,0.0166,0.8593,0.1407,0.6392,0.000632,0,0.0
2026-02-23,2,23,0,9,0,0,0,0,digital_wallet,mobile_app,north,retail,ios,1,1,0,2592,101.4,810,29,20,5,6,8,0.0219,0.8708,0.1292,0.423,0.000921,1,75.18
2026-02-23,2,23,0,9,0,0,0,0,digital_wallet,mobile_app,south,premium,ios,1,0,0,1550,72.06,820,13,18,11,0,6,0.019,0.8548,0.1452,0.3897,0.000694,1,110.41
2026-02-23,2,23,0,9,0,0,0,0,digital_wallet,mobile_app,south,retail,android,1,1,0,2875,47.66,994,28,30,9,7,28,0.0212,0.851,0.149,0.5812,0.001048,3,182.18
2026-02-23,2,23,0,9,0,0,0,0,digital_wallet,mobile_app,west,premium,ios,1,0,0,1747,81.71,506,14,25,5,4,18,0.0112,0.8534,0.1466,0.4432,0.000705,1,45.43
2026-02-23,2,23,0,9,0,0,0,0,digital_wallet,mobile_app,west,retail,android,1,1,0,2722,37.93,1221,40,29,6,5,13,0.0241,0.8648,0.1352,0.5907,0.00105,0,0.0
2026-02-23,2,23,0,9,0,0,0,0,digital_wallet,web,east,premium,desktop,1,0,0,981,73.53,284,7,12,9,3,7,0.0195,0.8624,0.1376,0.331,0.000546,1,151.44
2026-02-23,2,23,0,9,0,0,0,0,digital_wallet,web,east,retail,desktop,1,1,0,1694,107.06,950,19,23,10,3,10,0.0162,0.8432,0.1568,0.2856,0.000748,2,253.94
2026-02-23,2,23,0,9,0,0,0,0,digital_wallet,web,north,premium,desktop,1,0,0,890,42.27,368,9,9,5,1,8,0.0223,0.8811,0.1189,0.348,0.000558,1,62.6
2026-02-23,2,23,0,9,0,0,0,0,digital_wallet,web,north,retail,desktop,1,1,0,1455,66.55,787,20,13,6,1,9,0.0231,0.8712,0.1288,0.3412,0.000787,2,143.14
2026-02-23,2,23,0,9,0,0,0,0,digital_wallet,web,south,premium,ios,1,0,0,1215,72.74,683,13,11,5,3,3,0.0138,0.8748,0.1252,0.2243,0.000589,0,0.0
2026-02-23,2,23,0,9,0,0,0,0,digital_wallet,web,south,retail,desktop,1,1,0,1489,45.39,453,17,27,8,4,10,0.0257,0.8563,0.1437,0.3007,0.00085,1,80.99
2026-02-23,2,23,0,9,0,0,0,0,digital_wallet,web,west,premium,android,1,0,0,1728,73.11,782,10,20,4,1,10,0.0179,0.8613,0.1387,0.5275,0.000618,0,82.09
2026-02-23,2,23,0,9,0,0,0,0,digital_wallet,web,west,retail,desktop,1,1,0,1613,56.77,775,16,12,6,6,4,0.0201,0.8734,0.1266,0.3683,0.0009,0,12.8
2026-02-24,2,24,1,9,0,0,0,0,credit_card,branch,east,premium,desktop,0,0,0,592,54.14,190,11,4,11,0,2,0.0272,0.8509,0.1491,0.2306,0.000307,0,0.0
2026-02-24,2,24,1,9,0,0,0,0,credit_card,branch,east,retail,desktop,0,0,0,866,125.33,391,36,12,5,1,19,0.0169,0.8648,0.1352,0.2795,0.000465,3,352.94
2026-02-24,2,24,1,9,0,0,0,0,credit_card,branch,north,premium,desktop,0,0,0,581,84.59,211,15,12,4,0,11,0.0181,0.8718,0.1282,0.2303,0.000352,1,100.16
2026-02-24,2,24,1,9,0,0,0,0,credit_card,branch,north,retail,desktop,0,0,0,906,83.27,321,28,7,6,4,2,0.0164,0.8515,0.1485,0.226,0.000495,0,52.31
2026-02-24,2,24,1,9,0,0,0,0,credit_card,branch,south,premium,desktop,0,0,0,532,66.48,184,15,14,4,1,5,0.0205,0.8632,0.1368,0.227,0.000369,0,26.72
2026-02-24,2,24,1,9,0,0,0,0,credit_card,branch,south,retail,desktop,0,0,0,967,76.96,342,45,10,8,0,3,0.0145,0.8629,0.1371,0.2379,0.000564,0,0.0
2026-02-24,2,24,1,9,0,0,0,0,credit_card,branch,west,premium,desktop,0,0,0,619,59.51,361,19,6,5,1,1,0.0266,0.869,0.131,0.206,0.000387,0,0.0
2026-02-24,2,24,1,9,0,0,0,0,credit_card,branch,west,retail,desktop,0,0,0,1027,73.67,520,45,10,4,0,6,0.0226,0.8419,0.1581,0.2595,0.000533,1,126.8
2026-02-24,2,24,1,9,0,0,0,0,credit_card,mobile_app,east,premium,android,1,0,0,2647,86.35,1612,19,15,8,1,7,0.0213,0.8765,0.1235,0.6129,0.000562,2,148.17
2026-02-24,2,24,1,9,0,0,0,0,credit_card,mobile_app,east,retail,android,1,1,0,3796,93.17,1120,45,22,9,0,14,0.0217,0.8639,0.1361,0.6286,0.000767,2,220.29
2026-02-24,2,24,1,9,0,0,0,0,credit_card,mobile_app,north,premium,ios,1,0,0,2264,159.14,1046,27,19,11,0,7,0.0186,0.868,0.132,0.4581,0.000552,1,168.05
2026-02-24,2,24,1,9,0,0,0,0,credit_card,mobile_app,north,retail,ios,1,1,0,3710,78.98,1162,38,34,15,2,32,0.0197,0.8605,0.1395,0.392,0.000805,3,227.78
2026-02-24,2,24,1,9,0,0,0,0,credit_card,mobile_app,south,premium,ios,1,0,0,2395,47.02,868,19,27,13,2,25,0.0253,0.8706,0.1294,0.4578,0.000593,4,294.74
2026-02-24,2,24,1,9,0,0,0,0,credit_card,mobile_app,south,retail,android,1,1,0,3610,80.51,1573,36,23,10,5,24,0.0193,0.8668,0.1332,0.5972,0.000888,5,539.51
2026-02-24,2,24,1,9,0,0,0,0,credit_card,mobile_app,west,premium,android,1,0,0,2748,76.77,817,21,15,8,2,17,0.0231,0.8551,0.1449,0.5935,0.000625,4,292.68
2026-02-24,2,24,1,9,0,0,0,0,credit_card,mobile_app,west,retail,ios,1,1,0,3796,68.96,1329,42,35,13,2,15,0.0167,0.8743,0.1257,0.4749,0.00095,4,325.9
2026-02-24,2,24,1,9,0,0,0,0,credit_card,web,east,premium,android,1,0,0,2009,54.27,794,14,21,5,6,6,0.0144,0.8622,0.1378,0.5561,0.000484,1,49.39
2026-02-24,2,24,1,9,0,0,0,0,credit_card,web,east,retail,desktop,1,1,0,2258,86.42,716,29,17,4,2,10,0.0224,0.8461,0.1539,0.369,0.000673,1,97.15
2026-02-24,2,24,1,9,0,0,0,0,credit_card,web,north,premium,desktop,1,0,0,1368,108.44,486,22,10,5,2,5,0.0194,0.8639,0.1361,0.3423,0.000486,0,0.0
2026-02-24,2,24,1,9,0,0,0,0,credit_card,web,north,retail,desktop,1,1,0,2125,54.34,936,31,22,4,2,20,0.0204,0.8831,0.1169,0.3547,0.000701,2,199.21
2026-02-24,2,24,1,9,0,0,0,0,credit_card,web,south,premium,ios,1,0,0,1838,54.73,1064,12,16,4,2,8,0.0195,0.8718,0.1282,0.283,0.000533,2,172.87
2026-02-24,2,24,1,9,0,0,0,0,credit_card,web,south,retail,ios,1,1,0,3243,55.46,1717,38,15,5,3,20,0.0168,0.8728,0.1272,0.281,0.000728,5,325.6
2026-02-24,2,24,1,9,0,0,0,0,credit_card,web,west,premium,desktop,1,0,0,1824,58.25,998,27,13,5,0,10,0.0213,0.8645,0.1355,0.3032,0.000527,2,142.52
2026-02-24,2,24,1,9,0,0,0,0,credit_card,web,west,retail,android,1,1,0,3625,127.14,1855,44,12,9,3,24,0.0248,0.8557,0.1443,0.5121,0.000747,5,907.76
2026-02-24,2,24,1,9,0,0,0,0,debit_card,branch,east,premium,desktop,0,0,0,503,42.78,186,6,11,3,3,3,0.0192,0.8762,0.1238,0.2581,0.000246,0,14.48
2026-02-24,2,24,1,9,0,0,0,0,debit_card,branch,east,retail,desktop,0,0,0,615,56.93,296,22,7,3,2,2,0.0233,0.8584,0.1416,0.264,0.000356,0,0.0
2026-02-24,2,24,1,9,0,0,0,0,debit_card,branch,north,premium,desktop,0,0,0,498,58.34,190,13,8,4,1,5,0.0183,0.8494,0.1506,0.208,0.000264,0,41.4
2026-02-24,2,24,1,9,0,0,0,0,debit_card,branch,north,retail,desktop,0,0,0,802,43.53,319,29,9,5,0,5,0.0159,0.8724,0.1276,0.2325,0.000375,0,7.11
2026-02-24,2,24,1,9,0,0,0,0,debit_card,branch,south,premium,desktop,0,0,0,535,36.08,172,9,10,6,1,6,0.013,0.8685,0.1315,0.202,0.0003,0,0.0
2026-02-24,2,24,1,9,0,0,0,0,debit_card,branch,south,retail,desktop,0,0,0,629,27.46,276,39,11,6,3,10,0.016,0.8669,0.1331,0.252,0.000407,1,101.24
2026-02-24,2,24,1,9,0,0,0,0,debit_card,branch,west,premium,desktop,0,0,0,455,58.85,145,8,10,4,1,4,0.0226,0.855,0.145,0.2403,0.000297,0,12.18
2026-02-24,2,24,1,9,0,0,0,0,debit_card,branch,west,retail,desktop,0,0,0,812,45.69,336,27,12,2,0,6,0.0228,0.8601,0.1399,0.3084,0.000424,0,0.0
2026-02-24,2,24,1,9,0,0,0,0,debit_card,mobile_app,east,premium,android,1,0,0,1858,45.11,798,17,17,5,1,9,0.0224,0.87,0.13,0.5981,0.000408,1,17.15
2026-02-24,2,24,1,9,0,0,0,0,debit_card,mobile_app,east,retail,android,1,1,0,3059,41.36,1370,27,23,7,3,25,0.0264,0.8646,0.1354,0.5858,0.00059,3,183.86
2026-02-24,2,24,1,9,0,0,0,0,debit_card,mobile_app,north,premium,ios,1,0,0,2281,51.63,1180,14,17,7,1,3,0.0224,0.874,0.126,0.4732,0.000447,0,13.06
2026-02-24,2,24,1,9,0,0,0,0,debit_card,mobile_app,north,retail,android,1,1,0,3165,56.52,1237,43,23,13,2,27,0.0207,0.8638,0.1362,0.5643,0.000653,3,222.31
2026-02-24,2,24,1,9,0,0,0,0,debit_card,mobile_app,south,premium,ios,1,0,0,2031,77.59,1198,14,27,14,0,13,0.0175,0.8622,0.1378,0.4345,0.000489,1,114.58
2026-02-24,2,24,1,9,0,0,0,0,debit_card,mobile_app,south,retail,android,1,1,0,2617,66.52,905,32,37,12,0,9,0.0137,0.8581,0.1419,0.6291,0.00065,1,50.64
2026-02-24,2,24,1,9,0,0,0,0,debit_card,mobile_app,west,premium,ios,1,0,0,1979,78.45,680,14,24,12,3,4,0.0234,0.8805,0.1195,0.3848,0.000506,0,5.77
2026-02-24,2,24,1,9,0,0,0,0,debit_card,mobile_app,west,retail,ios,1,1,0,3141,73.41,1649,28,22,11,2,19,0.0201,0.8587,0.1413,0.4375,0.000701,2,158.01
2026-02-24,2,24,1,9,0,0,0,0,debit_card,web,east,premium,ios,1,0,0,2001,33.15,1163,17,8,7,1,8,0.0236,0.8636,0.1364,0.278,0.000366,1,0.0
2026-02-24,2,24,1,9,0,0,0,0,debit_card,web,east,retail,android,1,1,0,2613,49.27,915,23,15,14,4,6,0.0127,0.8619,0.1381,0.4758,0.000511,0,45.78
2026-02-24,2,24,1,9,0,0,0,0,debit_card,web,north,premium,desktop,1,0,0,1442,88.31,564,17,12,8,2,5,0.0194,0.8531,0.1469,0.3084,0.000387,0,0.0
2026-02-24,2,24,1,9,0,0,0,0,debit_card,web,north,retail,desktop,1,1,0,2138,64.78,827,25,10,1,3,14,0.0164,0.8502,0.1498,0.2375,0.000519,3,333.37
2026-02-24,2,24,1,9,0,0,0,0,debit_card,web,south,premium,ios,1,0,0,1433,46.44,594,10,17,11,3,13,0.0218,0.8619,0.1381,0.3146,0.000427,1,69.01
2026-02-24,2,24,1,9,0,0,0,0,debit_card,web,south,retail,android,1,1,0,2553,47.47,899,32,20,4,1,12,0.019,0.8637,0.1363,0.477,0.000596,1,78.3
2026-02-24,2,24,1,9,0,0,0,0,debit_card,web,west,premium,desktop,1,0,0,1391,86.37,632,20,12,11,3,4,0.0201,0.8706,0.1294,0.3263,0.000441,0,43.65
2026-02-24,2,24,1,9,0,0,0,0,debit_card,web,west,retail,desktop,1,1,0,1463,38.31,823,32,16,6,1,6,0.0219,0.8588,0.1412,0.2527,0.000592,0,0.0
2026-02-24,2,24,1,9,0,0,0,0,digital_wallet,branch,east,premium,desktop,0,0,0,393,64.01,178,11,8,7,0,5,0.0212,0.8444,0.1556,0.2667,0.000366,0,3.33
2026-02-24,2,24,1,9,0,0,0,0,digital_wallet,branch,east,retail,desktop,0,0,0,642,96.89,247,24,12,4,1,6,0.0202,0.8643,0.1357,0.2703,0.000545,0,0.0
2026-02-24,2,24,1,9,0,0,0,0,digital_wallet,branch,north,premium,desktop,0,0,0,438,76.5,151,12,8,5,0,3,0.0153,0.8682,0.1318,0.2401,0.000395,0,31.86
2026-02-24,2,24,1,9,0,0,0,0,digital_wallet,branch,north,retail,desktop,0,0,0,643,69.7,269,22,4,4,4,2,0.0183,0.8623,0.1377,0.225,0.000558,1,69.5
2026-02-24,2,24,1,9,0,0,0,0,digital_wallet,branch,south,premium,desktop,0,0,0,439,57.72,188,13,12,9,3,6,0.0248,0.85,0.15,0.2477,0.000419,0,0.0
2026-02-24,2,24,1,9,0,0,0,0,digital_wallet,branch,south,retail,desktop,0,0,0,555,31.81,173,22,7,5,5,2,0.0225,0.8719,0.1281,0.2515,0.000599,0,32.24
2026-02-24,2,24,1,9,0,0,0,0,digital_wallet,branch,west,premium,desktop,0,0,0,421,54.52,228,8,10,4,4,3,0.0168,0.8624,0.1376,0.213,0.000462,0,31.59
2026-02-24,2,24,1,9,0,0,0,0,digital_wallet,branch,west,retail,desktop,0,0,0,681,100.47,328,17,12,4,0,6,0.0232,0.8554,0.1446,0.2265,0.000638,1,74.92
2026-02-24,2,24,1,9,0,0,0,0,digital_wallet,mobile_app,east,premium,ios,1,0,0,1701,55.42,742,18,30,6,4,23,0.0216,0.8696,0.1304,0.405,0.000644,2,160.22
2026-02-24,2,24,1,9,0,0,0,0,digital_wallet,mobile_app,east,retail,android,1,1,0,2227,49.66,1180,32,33,8,2,31,0.0216,0.8584,0.1416,0.5523,0.000882,3,159.02
2026-02-24,2,24,1,9,0,0,0,0,digital_wallet,mobile_app,north,premium,android,1,0,0,1930,78.87,1292,19,25,5,3,8,0.0187,0.8684,0.1316,0.6366,0.000613,0,0.0
2026-02-24,2,24,1,9,0,0,0,0,digital_wallet,mobile_app,north,retail,ios,1,1,0,2358,59.6,1161,29,28,9,2,12,0.0192,0.8484,0.1516,0.4265,0.000942,2,97.68
2026-02-24,2,24,1,9,0,0,0,0,digital_wallet,mobile_app,south,premium,android,1,0,0,1922,91.97,677,12,22,16,4,12,0.0228,0.88,0.12,0.6086,0.000718,2,143.04
2026-02-24,2,24,1,9,0,0,0,0,digital_wallet,mobile_app,south,retail,android,1,1,0,2390,85.88,768,30,34,9,1,23,0.0194,0.8304,0.1696,0.6162,0.001023,3,248.47
2026-02-24,2,24,1,9,0,0,0,0,digital_wallet,mobile_app,west,premium,ios,1,0,0,1621,63.29,820,15,20,17,3,13,0.0183,0.8579,0.1421,0.4257,0.000723,2,147.05
2026-02-24,2,24,1,9,0,0,0,0,digital_wallet,mobile_app,west,retail,ios,1,1,0,2484,47.73,1081,22,22,8,1,12,0.0156,0.839,0.161,0.4447,0.001028,2,162.01
2026-02-24,2,24,1,9,0,0,0,0,digital_wallet,web,east,premium,android,1,0,0,1610,59.46,709,6,13,5,4,16,0.0186,0.864,0.136,0.5204,0.000539,2,159.33
2026-02-24,2,24,1,9,0,0,0,0,digital_wallet,web,east,retail,ios,1,1,0,1971,35.19,951,24,18,9,1,17,0.0205,0.8773,0.1227,0.3698,0.000764,2,68.38
2026-02-24,2,24,1,9,0,0,0,0,digital_wallet,web,north,premium,desktop,1,0,0,1088,87.9,675,12,16,4,1,8,0.0174,0.8685,0.1315,0.3646,0.00058,0,0.0
2026-02-24,2,24,1,9,0,0,0,0,digital_wallet,web,north,retail,android,1,1,0,2406,52.68,1562,26,12,13,2,2,0.02,0.8597,0.1403,0.4632,0.000766,0,91.34
2026-02-24,2,24,1,9,0,0,0,0,digital_wallet,web,south,premium,desktop,1,0,0,1071,43.02,494,12,13,6,3,15,0.0169,0.8484,0.1516,0.3315,0.000597,3,50.54
2026-02-24,2,24,1,9,0,0,0,0,digital_wallet,web,south,retail,desktop,1,1,0,1380,54.4,448,25,12,6,0,5,0.0201,0.8533,0.1467,0.3546,0.000799,0,0.0
2026-02-24,2,24,1,9,0,0,0,0,digital_wallet,web,west,premium,desktop,1,0,0,1125,56.21,582,13,20,11,3,6,0.0145,0.8647,0.1353,0.3667,0.000622,0,17.72
2026-02-24,2,24,1,9,0,0,0,0,digital_wallet,web,west,retail,android,1,1,0,2564,55.81,963,19,21,8,2,16,0.0199,0.8588,0.1412,0.498,0.000857,2,98.35
2026-02-25,2,25,2,9,0,0,0,0,credit_card,branch,east,premium,desktop,0,0,0,536,48.1,217,22,2,6,1,0,0.0194,0.8619,0.1381,0.237,0.000319,0,0.0
2026-02-25,2,25,2,9,0,0,0,0,credit_card,branch,east,retail,desktop,0,0,0,776,50.89,226,32,17,6,1,7,0.0137,0.8626,0.1374,0.2828,0.000487,0,51.29
2026-02-25,2,25,2,9,0,0,0,0,credit_card,branch,north,premium,desktop,0,0,0,634,83.97,308,16,10,5,0,4,0.0205,0.8574,0.1426,0.2316,0.000342,0,24.24
2026-02-25,2,25,2,9,0,0,0,0,credit_card,branch,north,retail,desktop,0,0,0,907,47.3,507,33,8,6,1,6,0.0243,0.853,0.147,0.235,0.000481,2,136.08
2026-02-25,2,25,2,9,0,0,0,0,credit_card,branch,south,premium,desktop,0,0,0,557,64.68,213,16,11,2,3,5,0.0258,0.8516,0.1484,0.2418,0.000381,1,64.22
2026-02-25,2,25,2,9,0,0,0,0,credit_card,branch,south,retail,desktop,0,0,0,904,92.28,575,27,7,5,2,3,0.0169,0.8783,0.1217,0.2181,0.000508,0,0.0
2026-02-25,2,25,2,9,0,0,0,0,credit_card,branch,west,premium,desktop,0,0,0,786,131.76,238,19,12,2,1,3,0.0177,0.8638,0.1362,0.2101,0.000354,0,0.0
2026-02-25,2,25,2,9,0,0,0,0,credit_card,branch,west,retail,desktop,0,0,0,937,76.48,483,35,8,5,3,7,0.0234,0.8583,0.1417,0.2227,0.000557,1,114.36
2026-02-25,2,25,2,9,0,0,0,0,credit_card,mobile_app,east,premium,ios,1,0,0,2920,70.87,1064,20,24,5,1,20,0.0275,0.8596,0.1404,0.4538,0.000536,3,285.16
2026-02-25,2,25,2,9,0,0,0,0,credit_card,mobile_app,east,retail,ios,1,1,0,3482,73.17,1101,53,24,8,4,20,0.0205,0.8606,0.1394,0.4704,0.000782,3,198.68
2026-02-25,2,25,2,9,0,0,0,0,credit_card,mobile_app,north,premium,android,1,0,0,2922,58.64,1918,24,28,11,4,17,0.0279,0.8654,0.1346,0.6618,0.000597,3,284.21
2026-02-25,2,25,2,9,0,0,0,0,credit_card,mobile_app,north,retail,android,1,1,0,4256,118.82,1305,41,24,10,1,18,0.0239,0.8575,0.1425,0.6331,0.000789,3,560.49
2026-02-25,2,25,2,9,0,0,0,0,credit_card,mobile_app,south,premium,android,1,0,0,2469,63.11,1408,23,17,14,3,11,0.0215,0.859,0.141,0.633,0.000607,1,73.72
2026-02-25,2,25,2,9,0,0,0,0,credit_card,mobile_app,south,retail,android,1,1,0,4023,59.85,1511,32,25,11,4,21,0.0193,0.8541,0.1459,0.5814,0.000898,2,135.44
2026-02-25,2,25,2,9,0,0,0,0,credit_card,mobile_app,west,premium,android,1,0,0,2595,113.71,847,23,18,11,1,9,0.0176,0.8685,0.1315,0.6798,0.000652,1,104.02
2026-02-25,2,25,2,9,0,0,0,0,credit_card,mobile_app,west,retail,android,1,1,0,4691,57.12,1637,33,23,10,4,12,0.01,0.8552,0.1448,0.6146,0.00091,3,272.52
2026-02-25,2,25,2,9,0,0,0,0,credit_card,web,east,premium,desktop,1,0,0,1460,93.24,724,17,12,8,0,6,0.0198,0.8636,0.1364,0.3484,0.00044,0,29.85
2026-02-25,2,25,2,9,0,0,0,0,credit_card,web,east,retail,desktop,1,1,0,2328,106.26,736,27,16,4,0,4,0.0201,0.855,0.145,0.3261,0.000679,0,14.8
2026-02-25,2,25,2,9,0,0,0,0,credit_card,web,north,premium,desktop,1,0,0,1531,62.85,463,13,16,8,1,5,0.0151,0.8405,0.1595,0.3185,0.000482,0,9.29
2026-02-25,2,25,2,9,0,0,0,0,credit_card,web,north,retail,desktop,1,1,0,2315,53.71,1322,43,18,4,0,12,0.0133,0.8554,0.1446,0.3261,0.000727,2,164.39
2026-02-25,2,25,2,9,0,0,0,0,credit_card,web,south,premium,desktop,1,0,0,1502,31.18,725,20,11,3,2,6,0.0226,0.8603,0.1397,0.3776,0.000541,0,30.37
2026-02-25,2,25,2,9,0,0,0,0,credit_card,web,south,retail,android,1,1,0,2669,85.18,1177,23,25,2,1,22,0.023,0.8523,0.1477,0.5134,0.000749,3,234.5
2026-02-25,2,25,2,9,0,0,0,0,credit_card,web,west,premium,ios,1,0,0,2087,103.57,904,18,18,6,2,16,0.0224,0.8627,0.1373,0.3211,0.000563,2,234.83
2026-02-25,2,25,2,9,0,0,0,0,credit_card,web,west,retail,ios,1,1,0,3499,82.05,1139,37,16,5,5,18,0.0148,0.8622,0.1378,0.3589,0.000819,2,168.62
2026-02-25,2,25,2,9,0,0,0,0,debit_card,branch,east,premium,desktop,0,0,0,485,40.8,125,13,12,6,1,7,0.02,0.862,0.138,0.209,0.000262,0,0.0
2026-02-25,2,25,2,9,0,0,0,0,debit_card,branch,east,retail,desktop,0,0,0,746,35.93,282,26,7,6,4,3,0.0241,0.8345,0.1655,0.2413,0.000364,0,0.0
2026-02-25,2,25,2,9,0,0,0,0,debit_card,branch,north,premium,desktop,0,0,0,513,62.59,246,22,13,5,0,7,0.0139,0.8646,0.1354,0.2765,0.000272,0,14.1
2026-02-25,2,25,2,9,0,0,0,0,debit_card,branch,north,retail,desktop,0,0,0,725,102.04,404,28,8,4,1,4,0.0214,0.864,0.136,0.2511,0.000378,0,0.0
2026-02-25,2,25,2,9,0,0,0,0,debit_card,branch,south,premium,desktop,0,0,0,453,36.84,149,9,10,6,1,4,0.0139,0.8712,0.1288,0.3196,0.000296,0,31.92
2026-02-25,2,25,2,9,0,0,0,0,debit_card,branch,south,retail,desktop,0,0,0,742,46.57,283,12,13,5,2,5,0.0235,0.8447,0.1553,0.2455,0.000419,0,33.07
2026-02-25,2,25,2,9,0,0,0,0,debit_card,branch,west,premium,desktop,0,0,0,501,58.16,161,9,6,5,0,1,0.0184,0.8486,0.1514,0.2102,0.000317,0,5.96
2026-02-25,2,25,2,9,0,0,0,0,debit_card,branch,west,retail,desktop,0,0,0,818,54.09,451,25,8,3,1,1,0.0174,0.8669,0.1331,0.237,0.000426,0,63.27
2026-02-25,2,25,2,9,0,0,0,0,debit_card,mobile_app,east,premium,ios,1,0,0,2383,51.46,858,18,22,11,2,8,0.0065,0.8652,0.1348,0.4219,0.000433,1,0.0
2026-02-25,2,25,2,9,0,0,0,0,debit_card,mobile_app,east,retail,android,1,1,0,3046,83.71,1514,35,21,17,0,19,0.015,0.8693,0.1307,0.619,0.000605,5,334.54
2026-02-25,2,25,2,9,0,0,0,0,debit_card,mobile_app,north,premium,android,1,0,0,2301,46.05,1207,23,21,11,1,13,0.031,0.8681,0.1319,0.5835,0.000455,1,34.86
2026-02-25,2,25,2,9,0,0,0,0,debit_card,mobile_app,north,retail,android,1,1,0,3257,53.75,998,36,26,8,0,16,0.017,0.8484,0.1516,0.637,0.000619,2,70.37
2026-02-25,2,25,2,9,0,0,0,0,debit_card,mobile_app,south,premium,android,1,0,0,2309,87.39,876,22,29,11,2,16,0.0217,0.8585,0.1415,0.6451,0.000486,0,0.0
2026-02-25,2,25,2,9,0,0,0,0,debit_card,mobile_app,south,retail,ios,1,1,0,3299,54.58,1325,28,35,12,2,14,0.0092,0.8821,0.1179,0.4386,0.000712,1,61.66
2026-02-25,2,25,2,9,0,0,0,0,debit_card,mobile_app,west,premium,android,1,0,0,2311,138.91,944,22,25,15,4,13,0.021,0.8698,0.1302,0.6089,0.000504,2,211.0
2026-02-25,2,25,2,9,0,0,0,0,debit_card,mobile_app,west,retail,android,1,1,0,3126,54.42,1013,37,30,12,1,15,0.0137,0.8569,0.1431,0.594,0.000717,1,84.88
2026-02-25,2,25,2,9,0,0,0,0,debit_card,web,east,premium,android,1,0,0,1637,49.63,590,12,11,6,0,6,0.0156,0.8547,0.1453,0.5614,0.000363,0,0.0
2026-02-25,2,25,2,9,0,0,0,0,debit_card,web,east,retail,ios,1,1,0,2551,78.61,1289,29,16,6,2,9,0.0198,0.8496,0.1504,0.338,0.000519,1,97.8
2026-02-25,2,25,2,9,0,0,0,0,debit_card,web,north,premium,desktop,1,0,0,1163,97.57,494,11,17,9,5,9,0.0162,0.8471,0.1529,0.2814,0.000396,0,0.0
2026-02-25,2,25,2,9,0,0,0,0,debit_card,web,north,retail,desktop,1,1,0,1962,57.49,678,31,19,7,3,10,0.0254,0.8669,0.1331,0.3262,0.000543,1,53.39
2026-02-25,2,25,2,9,0,0,0,0,debit_card,web,south,premium,desktop,1,0,0,1068,45.52,485,15,11,7,1,5,0.0251,0.8668,0.1332,0.2834,0.000404,0,46.74
2026-02-25,2,25,2,9,0,0,0,0,debit_card,web,south,retail,desktop,1,1,0,1966,75.1,1025,29,11,6,2,7,0.0187,0.8614,0.1386,0.2911,0.000574,0,26.27
2026-02-25,2,25,2,9,0,0,0,0,debit_card,web,west,premium,android,1,0,0,1762,58.83,1048,15,10,10,1,8,0.0258,0.8702,0.1298,0.4834,0.000405,2,122.48
2026-02-25,2,25,2,9,0,0,0,0,debit_card,web,west,retail,android,1,1,0,2894,135.96,919,26,14,4,0,14,0.0161,0.853,0.147,0.4727,0.000581,2,348.87
2026-02-25,2,25,2,9,0,0,0,0,digital_wallet,branch,east,premium,desktop,0,0,0,406,72.86,204,13,9,5,3,2,0.0126,0.8536,0.1464,0.2756,0.000398,0,2.89
2026-02-25,2,25,2,9,0,0,0,0,digital_wallet,branch,east,retail,desktop,0,0,0,687,33.54,305,22,9,1,3,6,0.0116,0.8629,0.1371,0.2726,0.000542,0,0.0
2026-02-25,2,25,2,9,0,0,0,0,digital_wallet,branch,north,premium,desktop,0,0,0,430,88.22,130,9,5,4,5,2,0.0242,0.8432,0.1568,0.2774,0.000395,0,29.62
2026-02-25,2,25,2,9,0,0,0,0,digital_wallet,branch,north,retail,desktop,0,0,0,666,67.39,288,20,9,5,4,6,0.0252,0.8488,0.1512,0.2419,0.000554,1,91.05
2026-02-25,2,25,2,9,0,0,0,0,digital_wallet,branch,south,premium,desktop,0,0,0,360,74.21,117,11,10,5,1,3,0.0261,0.8718,0.1282,0.21,0.000441,0,5.97
2026-02-25,2,25,2,9,0,0,0,0,digital_wallet,branch,south,retail,desktop,0,0,0,651,30.18,235,22,10,1,3,3,0.0169,0.8651,0.1349,0.2971,0.000614,0,10.85
2026-02-25,2,25,2,9,0,0,0,0,digital_wallet,branch,west,premium,desktop,0,0,0,502,108.41,159,12,14,3,2,9,0.0209,0.8487,0.1513,0.251,0.00044,0,0.0
2026-02-25,2,25,2,9,0,0,0,0,digital_wallet,branch,west,retail,desktop,0,0,0,528,37.23,251,31,13,8,2,3,0.0239,0.8584,0.1416,0.2648,0.000651,0,0.0
2026-02-25,2,25,2,9,0,0,0,0,digital_wallet,mobile_app,east,premium,android,1,0,0,1962,35.9,1219,8,24,9,8,20,0.0288,0.8615,0.1385,0.6673,0.000622,2,57.95
2026-02-25,2,25,2,9,0,0,0,0,digital_wallet,mobile_app,east,retail,android,1,1,0,2637,46.17,1607,32,29,7,2,9,0.0192,0.8691,0.1309,0.6179,0.00089,1,30.46
2026-02-25,2,25,2,9,0,0,0,0,digital_wallet,mobile_app,north,premium,ios,1,0,0,1887,42.31,1234,12,16,10,1,5,0.0228,0.8707,0.1293,0.4517,0.000648,1,82.32
2026-02-25,2,25,2,9,0,0,0,0,digital_wallet,mobile_app,north,retail,android,1,1,0,2953,60.51,936,34,27,4,2,29,0.0143,0.868,0.132,0.5602,0.000887,5,397.04
2026-02-25,2,25,2,9,0,0,0,0,digital_wallet,mobile_app,south,premium,ios,1,0,0,1727,33.0,919,14,17,11,1,4,0.0238,0.8591,0.1409,0.4427,0.000694,0,0.0
2026-02-25,2,25,2,9,0,0,0,0,digital_wallet,mobile_app,south,retail,ios,1,1,0,2375,101.32,855,32,29,8,2,21,0.0167,0.854,0.146,0.4308,0.001039,6,654.07
2026-02-25,2,25,2,9,0,0,0,0,digital_wallet,mobile_app,west,premium,android,1,0,0,2160,62.99,774,16,23,9,0,7,0.0196,0.8326,0.1674,0.5962,0.000713,0,0.0
2026-02-25,2,25,2,9,0,0,0,0,digital_wallet,mobile_app,west,retail,android,1,1,0,2801,60.65,972,37,25,10,4,24,0.0237,0.8681,0.1319,0.6009,0.001082,4,129.49
2026-02-25,2,25,2,9,0,0,0,0,digital_wallet,web,east,premium,ios,1,0,0,1548,40.27,571,8,12,2,4,9,0.0233,0.8392,0.1608,0.2734,0.000505,1,0.0
2026-02-25,2,25,2,9,0,0,0,0,digital_wallet,web,east,retail,ios,1,1,0,2268,90.96,858,18,15,5,4,15,0.025,0.8577,0.1423,0.3761,0.000737,2,250.34
2026-02-25,2,25,2,9,0,0,0,0,digital_wallet,web,north,premium,desktop,1,0,0,1045,55.95,515,16,11,3,1,7,0.0244,0.852,0.148,0.3397,0.000554,0,40.66
2026-02-25,2,25,2,9,0,0,0,0,digital_wallet,web,north,retail,desktop,1,1,0,1546,56.68,734,23,14,7,1,8,0.0271,0.8414,0.1586,0.3097,0.0008,0,0.0
2026-02-25,2,25,2,9,0,0,0,0,digital_wallet,web,south,premium,android,1,0,0,1466,46.13,823,7,14,4,1,11,0.0186,0.861,0.139,0.525,0.0006,1,0.0
2026-02-25,2,25,2,9,0,0,0,0,digital_wallet,web,south,retail,desktop,1,1,0,1633,78.82,823,30,15,10,3,12,0.0224,0.84,0.16,0.3252,0.00083,2,189.35
2026-02-25,2,25,2,9,0,0,0,0,digital_wallet,web,west,premium,desktop,1,0,0,1000,57.69,437,19,12,8,3,15,0.0149,0.8555,0.1445,0.2807,0.000643,3,148.09
2026-02-25,2,25,2,9,0,0,0,0,digital_wallet,web,west,retail,desktop,1,1,0,1509,63.15,823,21,17,7,2,15,0.0187,0.8661,0.1339,0.3817,0.000882,2,179.75
2026-02-26,2,26,3,9,0,0,0,0,credit_card,branch,east,premium,desktop,0,0,0,646,104.62,241,15,5,4,0,4,0.0163,0.8625,0.1375,0.2041,0.000313,1,104.17
2026-02-26,2,26,3,9,0,0,0,0,credit_card,branch,east,retail,desktop,0,0,0,810,101.47,267,29,9,5,1,3,0.018,0.877,0.123,0.2735,0.000469,0,0.0
2026-02-26,2,26,3,9,0,0,0,0,credit_card,branch,north,premium,desktop,0,0,0,649,62.79,398,29,11,5,1,9,0.0185,0.8702,0.1298,0.209,0.00034,1,169.69
2026-02-26,2,26,3,9,0,0,0,0,credit_card,branch,north,retail,desktop,0,0,0,1102,48.12,564,30,11,5,1,9,0.0316,0.8614,0.1386,0.2981,0.000491,1,89.69
2026-02-26,2,26,3,9,0,0,0,0,credit_card,branch,south,premium,desktop,0,0,0,543,110.57,158,17,10,6,1,6,0.0272,0.8575,0.1425,0.2403,0.000348,0,0.0
2026-02-26,2,26,3,9,0,0,0,0,credit_card,branch,south,retail,desktop,0,0,0,1028,68.64,368,36,8,4,3,4,0.0203,0.842,0.158,0.1984,0.000518,1,34.87
2026-02-26,2,26,3,9,0,0,0,0,credit_card,branch,west,premium,desktop,0,0,0,561,75.84,188,17,10,5,1,5,0.0258,0.8708,0.1292,0.2668,0.000401,0,75.73
2026-02-26,2,26,3,9,0,0,0,0,credit_card,branch,west,retail,desktop,0,0,0,946,64.69,311,37,9,4,3,9,0.02,0.8724,0.1276,0.2858,0.000557,2,236.95
2026-02-26,2,26,3,9,0,0,0,0,credit_card,mobile_app,east,premium,android,1,0,0,2647,56.11,854,22,19,13,6,9,0.025,0.8494,0.1506,0.6635,0.00052,0,0.0
2026-02-26,2,26,3,9,0,0,0,0,credit_card,mobile_app,east,retail,android,1,1,0,3983,32.22,1569,38,25,9,6,23,0.021,0.8695,0.1305,0.6481,0.00077,4,139.21
2026-02-26,2,26,3,9,0,0,0,0,credit_card,mobile_app,north,premium,ios,1,0,0,2464,56.38,823,32,19,7,1,8,0.0173,0.8566,0.1434,0.4265,0.000571,0,35.77
2026-02-26,2,26,3,9,0,0,0,0,credit_card,mobile_app,north,retail,android,1,1,0,4073,50.93,1255,36,36,9,5,21,0.0204,0.8703,0.1297,0.559,0.000818,2,104.11
2026-02-26,2,26,3,9,0,0,0,0,credit_card,mobile_app,south,premium,ios,1,0,0,2455,53.64,742,25,15,7,3,16,0.0165,0.8567,0.1433,0.4186,0.000624,2,125.49
2026-02-26,2,26,3,9,0,0,0,0,credit_card,mobile_app,south,retail,ios,1,1,0,3298,80.76,1756,53,31,7,3,12,0.0203,0.8674,0.1326,0.4289,0.000917,2,283.05
2026-02-26,2,26,3,9,0,0,0,0,credit_card,mobile_app,west,premium,android,1,0,0,3165,72.6,1041,16,18,13,0,22,0.0182,0.8521,0.1479,0.5953,0.000626,7,706.64
2026-02-26,2,26,3,9,0,0,0,0,credit_card,mobile_app,west,retail,android,1,1,0,4623,172.65,1636,48,26,8,2,22,0.0157,0.8486,0.1514,0.6214,0.000941,4,800.94
2026-02-26,2,26,3,9,0,0,0,0,credit_card,web,east,premium,desktop,1,0,0,1508,91.69,504,12,16,8,4,5,0.0175,0.8491,0.1509,0.3556,0.000463,1,85.24
2026-02-26,2,26,3,9,0,0,0,0,credit_card,web,east,retail,android,1,1,0,3164,98.53,1234,24,19,2,3,6,0.028,0.8483,0.1517,0.4494,0.00061,0,40.11
2026-02-26,2,26,3,9,0,0,0,0,credit_card,web,north,premium,ios,1,0,0,2381,84.11,771,12,13,9,3,11,0.0199,0.8685,0.1315,0.3329,0.000501,1,171.45
2026-02-26,2,26,3,9,0,0,0,0,credit_card,web,north,retail,desktop,1,1,0,2543,94.73,1551,33,24,4,0,15,0.0126,0.8806,0.1194,0.2927,0.000698,0,3.03
2026-02-26,2,26,3,9,0,0,0,0,credit_card,web,south,premium,ios,1,0,0,2308,119.48,804,20,23,6,0,6,0.0191,0.8642,0.1358,0.3191,0.000534,1,223.71
2026-02-26,2,26,3,9,0,0,0,0,credit_card,web,south,retail,android,1,1,0,3026,70.38,1742,38,15,13,0,17,0.0216,0.8582,0.1418,0.545,0.000751,3,307.86
2026-02-26,2,26,3,9,0,0,0,0,credit_card,web,west,premium,desktop,1,0,0,1657,44.97,548,17,10,1,1,2,0.0095,0.8726,0.1274,0.3271,0.000545,0,0.0
2026-02-26,2,26,3,9,0,0,0,0,credit_card,web,west,retail,desktop,1,1,0,2420,70.43,725,30,17,8,3,18,0.0248,0.8708,0.1292,0.3314,0.000811,3,190.61
2026-02-26,2,26,3,9,0,0,0,0,debit_card,branch,east,premium,desktop,0,0,0,556,63.84,202,19,6,5,2,2,0.0238,0.844,0.156,0.2682,0.00025,0,10.98
2026-02-26,2,26,3,9,0,0,0,0,debit_card,branch,east,retail,desktop,0,0,0,811,52.66,299,23,5,3,0,1,0.0155,0.8546,0.1454,0.2318,0.000364,0,28.13
2026-02-26,2,26,3,9,0,0,0,0,debit_card,branch,north,premium,desktop,0,0,0,573,58.68,207,9,15,1,0,3,0.0205,0.8541,0.1459,0.1697,0.00026,0,0.0
2026-02-26,2,26,3,9,0,0,0,0,debit_card,branch,north,retail,desktop,0,0,0,763,60.58,315,21,12,5,1,3,0.0192,0.8396,0.1604,0.2705,0.000375,0,0.0
2026-02-26,2,26,3,9,0,0,0,0,debit_card,branch,south,premium,desktop,0,0,0,511,121.04,281,11,9,4,3,2,0.021,0.8582,0.1418,0.2235,0.000294,0,0.0
2026-02-26,2,26,3,9,0,0,0,0,debit_card,branch,south,retail,desktop,0,0,0,694,37.2,246,26,15,5,3,4,0.0194,0.8608,0.1392,0.2567,0.000435,0,0.0
2026-02-26,2,26,3,9,0,0,0,0,debit_card,branch,west,premium,desktop,0,0,0,534,85.59,196,13,14,6,0,2,0.021,0.8593,0.1407,0.2642,0.000303,0,0.0
2026-02-26,2,26,3,9,0,0,0,0,debit_card,branch,west,retail,desktop,0,0,0,941,77.2,411,30,11,5,0,6,0.0222,0.8617,0.1383,0.2662,0.00043,0,5.69
2026-02-26,2,26,3,9,0,0,0,0,debit_card,mobile_app,east,premium,android,1,0,0,2588,62.77,845,17,25,9,0,19,0.0194,0.8758,0.1242,0.5798,0.000426,1,103.33
2026-02-26,2,26,3,9,0,0,0,0,debit_card,mobile_app,east,retail,ios,1,1,0,3297,76.94,1232,26,26,12,2,25,0.017,0.8447,0.1553,0.4526,0.000618,3,232.47
2026-02-26,2,26,3,9,0,0,0,0,debit_card,mobile_app,north,premium,ios,1,0,0,2267,140.84,877,24,25,19,0,7,0.0136,0.8715,0.1285,0.4632,0.000454,1,140.55
2026-02-26,2,26,3,9,0,0,0,0,debit_card,mobile_app,north,retail,ios,1,1,0,3247,68.83,1005,34,29,11,0,19,0.0204,0.8758,0.1242,0.3685,0.000672,3,249.85
2026-02-26,2,26,3,9,0,0,0,0,debit_card,mobile_app,south,premium,android,1,0,0,2219,81.88,1185,19,19,8,3,10,0.0253,0.8662,0.1338,0.5806,0.000486,0,37.88
2026-02-26,2,26,3,9,0,0,0,0,debit_card,mobile_app,south,retail,ios,1,1,0,2892,76.48,1719,34,25,6,1,13,0.0165,0.8561,0.1439,0.41,0.000683,1,142.06
2026-02-26,2,26,3,9,0,0,0,0,debit_card,mobile_app,west,premium,android,1,0,0,2614,63.25,825,20,20,11,0,25,0.0126,0.8428,0.1572,0.6451,0.000481,4,155.87
2026-02-26,2,26,3,9,0,0,0,0,debit_card,mobile_app,west,retail,android,1,1,0,3311,69.53,1087,43,21,15,0,22,0.0131,0.8652,0.1348,0.6115,0.000688,5,390.6
2026-02-26,2,26,3,9,0,0,0,0,debit_card,web,east,premium,desktop,1,0,0,1216,76.72,620,11,13,4,1,7,0.0131,0.854,0.146,0.3214,0.000357,1,100.77
2026-02-26,2,26,3,9,0,0,0,0,debit_card,web,east,retail,desktop,1,1,0,1992,54.91,684,20,14,5,0,13,0.0209,0.8548,0.1452,0.2773,0.000499,3,121.7
2026-02-26,2,26,3,9,0,0,0,0,debit_card,web,north,premium,desktop,1,0,0,1121,82.07,334,14,8,2,3,10,0.0217,0.8672,0.1328,0.2911,0.000363,2,73.35
2026-02-26,2,26,3,9,0,0,0,0,debit_card,web,north,retail,desktop,1,1,0,1948,45.77,805,27,21,9,1,15,0.0148,0.8687,0.1313,0.355,0.000554,1,39.39
2026-02-26,2,26,3,9,0,0,0,0,debit_card,web,south,premium,android,1,0,0,2110,88.32,837,18,11,5,1,5,0.0187,0.8569,0.1431,0.4995,0.000404,0,15.3
2026-02-26,2,26,3,9,0,0,0,0,debit_card,web,south,retail,android,1,1,0,2645,41.25,921,33,10,7,2,9,0.0213,0.8569,0.1431,0.4834,0.00061,1,65.16
2026-02-26,2,26,3,9,0,0,0,0,debit_card,web,west,premium,desktop,1,0,0,1381,78.39,481,11,21,9,6,4,0.0195,0.8636,0.1364,0.3874,0.000407,0,0.0
2026-02-26,2,26,3,9,0,0,0,0,debit_card,web,west,retail,ios,1,1,0,2591,44.03,891,30,20,8,2,20,0.0183,0.8544,0.1456,0.3556,0.000623,2,90.57
2026-02-26,2,26,3,9,0,0,0,0,digital_wallet,branch,east,premium,desktop,0,0,0,414,57.41,154,6,8,2,0,2,0.0211,0.8637,0.1363,0.2554,0.000358,0,5.56
2026-02-26,2,26,3,9,0,0,0,0,digital_wallet,branch,east,retail,desktop,0,0,0,610,34.79,213,32,8,1,1,3,0.0198,0.8485,0.1515,0.2684,0.000532,0,0.0
2026-02-26,2,26,3,9,0,0,0,0,digital_wallet,branch,north,premium,desktop,0,0,0,469,75.33,200,11,6,4,0,7,0.0193,0.8581,0.1419,0.2869,0.00038,1,25.41
2026-02-26,2,26,3,9,0,0,0,0,digital_wallet,branch,north,retail,desktop,0,0,0,658,49.5,262,29,19,4,0,3,0.0155,0.8784,0.1216,0.2222,0.000572,0,41.22
2026-02-26,2,26,3,9,0,0,0,0,digital_wallet,branch,south,premium,desktop,0,0,0,426,52.89,240,9,10,3,0,6,0.0188,0.8547,0.1453,0.2493,0.000434,0,0.0
2026-02-26,2,26,3,9,0,0,0,0,digital_wallet,branch,south,retail,desktop,0,0,0,639,50.31,186,19,5,4,0,3,0.0172,0.8535,0.1465,0.2739,0.000547,1,69.84
2026-02-26,2,26,3,9,0,0,0,0,digital_wallet,branch,west,premium,desktop,0,0,0,496,73.07,167,4,6,7,0,3,0.0191,0.8653,0.1347,0.2667,0.000432,0,35.27
2026-02-26,2,26,3,9,0,0,0,0,digital_wallet,branch,west,retail,desktop,0,0,0,609,48.04,175,19,16,5,0,4,0.0282,0.8535,0.1465,0.2777,0.000647,0,10.23
2026-02-26,2,26,3,9,0,0,0,0,digital_wallet,mobile_app,east,premium,android,1,0,0,1503,130.43,553,12,20,10,2,8,0.0207,0.8636,0.1364,0.4951,0.000621,1,213.74
2026-02-26,2,26,3,9,0,0,0,0,digital_wallet,mobile_app,east,retail,android,1,1,0,2529,80.34,809,24,21,13,2,15,0.0147,0.8357,0.1643,0.642,0.000861,1,179.63
2026-02-26,2,26,3,9,0,0,0,0,digital_wallet,mobile_app,north,premium,ios,1,0,0,2027,97.76,899,11,22,8,1,13,0.0198,0.875,0.125,0.4386,0.000678,2,242.16
2026-02-26,2,26,3,9,0,0,0,0,digital_wallet,mobile_app,north,retail,android,1,1,0,2340,44.7,748,37,23,17,2,14,0.0164,0.861,0.139,0.6337,0.000914,1,102.09
2026-02-26,2,26,3,9,0,0,0,0,digital_wallet,mobile_app,south,premium,ios,1,0,0,1479,75.8,449,20,28,10,1,17,0.0265,0.8582,0.1418,0.465,0.000701,1,81.9
2026-02-26,2,26,3,9,0,0,0,0,digital_wallet,mobile_app,south,retail,android,1,1,0,2513,58.68,767,39,26,15,4,11,0.0164,0.8557,0.1443,0.6069,0.000981,1,35.17
2026-02-26,2,26,3,9,0,0,0,0,digital_wallet,mobile_app,west,premium,ios,1,0,0,1637,45.49,597,15,20,11,1,3,0.0223,0.8647,0.1353,0.4366,0.000686,0,2.23
2026-02-26,2,26,3,9,0,0,0,0,digital_wallet,mobile_app,west,retail,android,1,1,0,3119,106.73,1113,37,25,10,5,19,0.0212,0.8744,0.1256,0.6204,0.001045,2,163.19
2026-02-26,2,26,3,9,0,0,0,0,digital_wallet,web,east,premium,desktop,1,0,0,1117,44.13,677,13,9,11,3,10,0.0172,0.8655,0.1345,0.3387,0.000556,3,212.43
2026-02-26,2,26,3,9,0,0,0,0,digital_wallet,web,east,retail,desktop,1,1,0,1354,51.8,770,24,11,9,1,9,0.021,0.8623,0.1377,0.3599,0.000736,2,86.44
2026-02-26,2,26,3,9,0,0,0,0,digital_wallet,web,north,premium,desktop,1,0,0,1068,39.28,311,9,10,3,6,6,0.023,0.8678,0.1322,0.3372,0.000549,0,0.0
2026-02-26,2,26,3,9,0,0,0,0,digital_wallet,web,north,retail,android,1,1,0,2296,85.17,1437,20,16,3,2,6,0.023,0.8338,0.1662,0.5355,0.000735,1,64.26
2026-02-26,2,26,3,9,0,0,0,0,digital_wallet,web,south,premium,ios,1,0,0,1354,33.01,720,7,16,9,4,3,0.0153,0.8627,0.1373,0.277,0.000606,0,0.0
2026-02-26,2,26,3,9,0,0,0,0,digital_wallet,web,south,retail,android,1,1,0,1886,88.91,1162,23,14,6,2,11,0.0182,0.8561,0.1439,0.5819,0.000869,1,104.13
2026-02-26,2,26,3,9,0,0,0,0,digital_wallet,web,west,premium,android,1,0,0,1720,52.38,935,14,15,6,0,3,0.0244,0.8577,0.1423,0.5085,0.00063,0,29.05
2026-02-26,2,26,3,9,0,0,0,0,digital_wallet,web,west,retail,desktop,1,1,0,1785,70.08,969,18,14,11,1,12,0.021,0.8763,0.1237,0.3521,0.000939,1,84.74
2026-02-27,2,27,4,9,0,0,0,0,credit_card,branch,east,premium,desktop,0,0,0,582,45.59,282,16,7,6,2,3,0.0169,0.8699,0.1301,0.3106,0.000333,0,0.0
2026-02-27,2,27,4,9,0,0,0,0,credit_card,branch,east,retail,desktop,0,0,0,872,67.03,388,20,11,3,1,8,0.0234,0.8576,0.1424,0.2319,0.000464,1,101.09
2026-02-27,2,27,4,9,0,0,0,0,credit_card,branch,north,premium,desktop,0,0,0,619,74.38,197,14,10,4,2,3,0.015,0.8671,0.1329,0.2722,0.000344,0,0.0
2026-02-27,2,27,4,9,0,0,0,0,credit_card,branch,north,retail,desktop,0,0,0,831,55.18,313,29,5,8,1,5,0.0291,0.8702,0.1298,0.2695,0.000483,1,98.8
2026-02-27,2,27,4,9,0,0,0,0,credit_card,branch,south,premium,desktop,0,0,0,615,114.13,262,18,10,3,1,4,0.0277,0.8744,0.1256,0.2469,0.000369,0,14.54
2026-02-27,2,27,4,9,0,0,0,0,credit_card,branch,south,retail,desktop,0,0,0,769,90.54,519,35,11,5,2,3,0.0182,0.8583,0.1417,0.2903,0.000526,0,0.0
2026-02-27,2,27,4,9,0,0,0,0,credit_card,branch,west,premium,desktop,0,0,0,799,100.32,442,16,3,9,1,1,0.0133,0.858,0.142,0.2314,0.000391,0,68.15
2026-02-27,2,27,4,9,0,0,0,0,credit_card,branch,west,retail,desktop,0,0,0,1033,103.98,294,33,5,6,0,5,0.0207,0.8824,0.1176,0.3179,0.000514,1,57.97
2026-02-27,2,27,4,9,0,0,0,0,credit_card,mobile_app,east,premium,android,1,0,0,2416,70.57,991,26,12,11,0,10,0.0179,0.8517,0.1483,0.6569,0.000556,1,69.53
2026-02-27,2,27,4,9,0,0,0,0,credit_card,mobile_app,east,retail,android,1,1,0,3494,63.61,1318,38,26,13,2,9,0.0228,0.8542,0.1458,0.584,0.000804,1,79.38
2026-02-27,2,27,4,9,0,0,0,0,credit_card,mobile_app,north,premium,android,1,0,0,3130,67.08,1874,26,19,15,0,23,0.0217,0.8602,0.1398,0.614,0.000582,4,358.7
2026-02-27,2,27,4,9,0,0,0,0,credit_card,mobile_app,north,retail,android,1,1,0,3893,61.72,1484,46,22,16,1,22,0.0166,0.8573,0.1427,0.6176,0.000798,5,413.8
2026-02-27,2,27,4,9,0,0,0,0,credit_card,mobile_app,south,premium,android,1,0,0,2511,163.25,1441,20,24,7,1,10,0.0101,0.8714,0.1286,0.6542,0.000633,0,0.0
2026-02-27,2,27,4,9,0,0,0,0,credit_card,mobile_app,south,retail,ios,1,1,0,3776,84.84,1381,56,22,10,1,22,0.0315,0.8572,0.1428,0.419,0.000869,3,402.0
2026-02-27,2,27,4,9,0,0,0,0,credit_card,mobile_app,west,premium,ios,1,0,0,2507,65.97,1003,24,17,6,0,7,0.0256,0.8557,0.1443,0.4232,0.000625,0,4.57
2026-02-27,2,27,4,9,0,0,0,0,credit_card,mobile_app,west,retail,android,1,1,0,4598,84.15,1407,42,27,9,3,17,0.0219,0.8647,0.1353,0.5742,0.000927,2,175.21
2026-02-27,2,27,4,9,0,0,0,0,credit_card,web,east,premium,desktop,1,0,0,1538,49.98,521,24,14,7,3,5,0.0163,0.8754,0.1246,0.368,0.000513,0,29.66
2026-02-27,2,27,4,9,0,0,0,0,credit_card,web,east,retail,ios,1,1,0,3617,159.89,1148,31,19,2,1,15,0.023,0.8305,0.1695,0.4072,0.000662,2,266.28
2026-02-27,2,27,4,9,0,0,0,0,credit_card,web,north,premium,desktop,1,0,0,1421,85.55,528,8,18,7,2,9,0.0217,0.8632,0.1368,0.3143,0.000484,1,150.12
2026-02-27,2,27,4,9,0,0,0,0,credit_card,web,north,retail,ios,1,1,0,3825,71.14,1472,30,18,12,4,15,0.0193,0.8632,0.1368,0.3474,0.000712,3,331.68
2026-02-27,2,27,4,9,0,0,0,0,credit_card,web,south,premium,ios,1,0,0,2246,88.03,1191,17,10,4,3,7,0.0228,0.864,0.136,0.293,0.000517,1,137.16
2026-02-27,2,27,4,9,0,0,0,0,credit_card,web,south,retail,desktop,1,1,0,2230,86.83,718,23,15,6,2,10,0.017,0.8585,0.1415,0.3178,0.000765,1,92.32
2026-02-27,2,27,4,9,0,0,0,0,credit_card,web,west,premium,desktop,1,0,0,1763,69.71,848,16,14,8,2,7,0.0321,0.8634,0.1366,0.2936,0.000523,1,107.83
2026-02-27,2,27,4,9,0,0,0,0,credit_card,web,west,retail,android,1,1,0,3849,47.21,2339,29,14,11,2,18,0.02,0.8354,0.1646,0.5618,0.000787,3,177.36
2026-02-27,2,27,4,9,0,0,0,0,debit_card,branch,east,premium,desktop,0,0,0,625,55.98,315,15,11,2,0,4,0.0162,0.8693,0.1307,0.2683,0.000253,0,9.57
2026-02-27,2,27,4,9,0,0,0,0,debit_card,branch,east,retail,desktop,0,0,0,723,48.38,237,34,15,3,0,4,0.0213,0.8561,0.1439,0.2431,0.00036,0,19.75
2026-02-27,2,27,4,9,0,0,0,0,debit_card,branch,north,premium,desktop,0,0,0,560,69.52,272,16,8,3,1,2,0.0268,0.8645,0.1355,0.2508,0.000265,0,56.68
2026-02-27,2,27,4,9,0,0,0,0,debit_card,branch,north,retail,desktop,0,0,0,843,38.28,372,34,5,5,1,3,0.0151,0.877,0.123,0.228,0.000379,0,38.89
2026-02-27,2,27,4,9,0,0,0,0,debit_card,branch,south,premium,desktop,0,0,0,533,67.83,188,11,9,2,2,6,0.0236,0.8628,0.1372,0.2354,0.000279,0,50.46
2026-02-27,2,27,4,9,0,0,0,0,debit_card,branch,south,retail,desktop,0,0,0,825,58.81,485,24,8,6,2,2,0.0226,0.8762,0.1238,0.2801,0.000434,0,24.09
2026-02-27,2,27,4,9,0,0,0,0,debit_card,branch,west,premium,desktop,0,0,0,579,76.26,282,10,6,4,0,4,0.0258,0.8572,0.1428,0.2846,0.000286,0,0.0
2026-02-27,2,27,4,9,0,0,0,0,debit_card,branch,west,retail,desktop,0,0,0,807,52.83,296,28,9,3,0,7,0.0146,0.8691,0.1309,0.2382,0.000416,1,34.16
2026-02-27,2,27,4,9,0,0,0,0,debit_card,mobile_app,east,premium,android,1,0,0,2289,82.18,1382,13,17,11,1,9,0.0238,0.8527,0.1473,0.622,0.000405,0,0.0
2026-02-27,2,27,4,9,0,0,0,0,debit_card,mobile_app,east,retail,ios,1,1,0,3374,90.9,2226,40,32,13,3,18,0.0205,0.8619,0.1381,0.4421,0.000588,0,26.16
2026-02-27,2,27,4,9,0,0,0,0,debit_card,mobile_app,north,premium,android,1,0,0,2128,25.65,826,34,30,11,3,17,0.0173,0.8508,0.1492,0.6748,0.000453,0,32.64
2026-02-27,2,27,4,9,0,0,0,0,debit_card,mobile_app,north,retail,android,1,1,0,3741,52.68,1291,48,27,8,3,9,0.0297,0.8544,0.1456,0.6591,0.000646,1,51.15
2026-02-27,2,27,4,9,0,0,0,0,debit_card,mobile_app,south,premium,android,1,0,0,2177,42.29,727,20,27,14,4,14,0.0189,0.8651,0.1349,0.6274,0.000483,1,6.12
2026-02-27,2,27,4,9,0,0,0,0,debit_card,mobile_app,south,retail,android,1,1,0,3040,65.19,951,26,27,8,2,24,0.0171,0.8624,0.1376,0.6283,0.00071,4,354.45
2026-02-27,2,27,4,9,0,0,0,0,debit_card,mobile_app,west,premium,ios,1,0,0,2369,72.22,1484,10,29,11,4,12,0.0213,0.8526,0.1474,0.3939,0.000512,2,126.42
2026-02-27,2,27,4,9,0,0,0,0,debit_card,mobile_app,west,retail,android,1,1,0,3339,88.37,1437,48,29,16,2,22,0.0185,0.8619,0.1381,0.5812,0.000722,3,356.89
2026-02-27,2,27,4,9,0,0,0,0,debit_card,web,east,premium,desktop,1,0,0,1308,119.75,448,9,11,10,1,2,0.0181,0.8569,0.1431,0.3116,0.000353,0,0.0
2026-02-27,2,27,4,9,0,0,0,0,debit_card,web,east,retail,desktop,1,1,0,1887,53.88,878,24,18,7,2,7,0.02,0.8576,0.1424,0.3233,0.00054,1,89.06
2026-02-27,2,27,4,9,0,0,0,0,debit_card,web,north,premium,desktop,1,0,0,1190,56.33,401,13,13,9,2,7,0.0187,0.8711,0.1289,0.3054,0.000402,0,31.21
2026-02-27,2,27,4,9,0,0,0,0,debit_card,web,north,retail,desktop,1,1,0,2162,40.19,1334,30,12,6,3,11,0.0239,0.8771,0.1229,0.2858,0.000523,1,33.72
2026-02-27,2,27,4,9,0,0,0,0,debit_card,web,south,premium,desktop,1,0,0,1279,52.54,788,8,10,4,2,6,0.0196,0.8485,0.1515,0.3189,0.00041,1,103.72
2026-02-27,2,27,4,9,0,0,0,0,debit_card,web,south,retail,android,1,1,0,2981,35.7,1323,23,12,4,1,10,0.0176,0.8454,0.1546,0.5396,0.00059,2,113.78
2026-02-27,2,27,4,9,0,0,0,0,debit_card,web,west,premium,desktop,1,0,0,1244,116.86,739,12,12,3,1,6,0.0218,0.855,0.145,0.3658,0.000451,1,89.1
2026-02-27,2,27,4,9,0,0,0,0,debit_card,web,west,retail,android,1,1,0,3320,67.8,1098,22,13,5,0,16,0.0234,0.8614,0.1386,0.5018,0.000603,3,231.47
2026-02-27,2,27,4,9,0,0,0,0,digital_wallet,branch,east,premium,desktop,0,0,0,462,81.02,134,9,14,6,1,7,0.0174,0.8598,0.1402,0.254,0.000361,2,265.01
2026-02-27,2,27,4,9,0,0,0,0,digital_wallet,branch,east,retail,desktop,0,0,0,693,54.6,230,27,13,4,0,7,0.0303,0.8735,0.1265,0.2659,0.000521,0,0.0
2026-02-27,2,27,4,9,0,0,0,0,digital_wallet,branch,north,premium,desktop,0,0,0,464,38.75,184,9,16,3,3,8,0.018,0.8792,0.1208,0.2804,0.000379,0,0.0
2026-02-27,2,27,4,9,0,0,0,0,digital_wallet,branch,north,retail,desktop,0,0,0,684,70.93,418,12,7,5,1,8,0.019,0.862,0.138,0.2817,0.00053,1,54.99
2026-02-27,2,27,4,9,0,0,0,0,digital_wallet,branch,south,premium,desktop,0,0,0,383,44.51,224,7,9,5,0,4,0.0172,0.8576,0.1424,0.2337,0.000431,0,0.0
2026-02-27,2,27,4,9,0,0,0,0,digital_wallet,branch,south,retail,desktop,0,0,0,762,133.93,343,25,16,6,0,7,0.0169,0.8684,0.1316,0.2486,0.000602,0,0.0
2026-02-27,2,27,4,9,0,0,0,0,digital_wallet,branch,west,premium,desktop,0,0,0,484,50.11,159,12,11,4,0,2,0.0175,0.8755,0.1245,0.2097,0.000426,0,0.0
2026-02-27,2,27,4,9,0,0,0,0,digital_wallet,branch,west,retail,desktop,0,0,0,746,98.33,225,27,18,5,5,10,0.014,0.8706,0.1294,0.2214,0.000617,0,0.0
2026-02-27,2,27,4,9,0,0,0,0,digital_wallet,mobile_app,east,premium,android,1,0,0,1693,93.84,730,9,29,14,3,5,0.019,0.8365,0.1635,0.593,0.000614,0,20.0
2026-02-27,2,27,4,9,0,0,0,0,digital_wallet,mobile_app,east,retail,ios,1,1,0,2897,64.44,941,27,22,10,3,11,0.0257,0.8657,0.1343,0.4383,0.00088,3,149.71
2026-02-27,2,27,4,9,0,0,0,0,digital_wallet,mobile_app,north,premium,android,1,0,0,1818,76.8,555,14,13,2,0,5,0.0168,0.8598,0.1402,0.5293,0.000635,1,55.1
2026-02-27,2,27,4,9,0,0,0,0,digital_wallet,mobile_app,north,retail,android,1,1,0,2761,25.42,941,39,26,7,3,26,0.013,0.8427,0.1573,0.5844,0.000916,6,101.44
2026-02-27,2,27,4,9,0,0,0,0,digital_wallet,mobile_app,south,premium,ios,1,0,0,1357,36.92,498,20,28,8,3,16,0.0173,0.8565,0.1435,0.4303,0.000715,0,8.82
2026-02-27,2,27,4,9,0,0,0,0,digital_wallet,mobile_app,south,retail,android,1,1,0,2736,55.94,1674,40,21,9,4,22,0.0205,0.8651,0.1349,0.6111,0.001026,3,230.03
2026-02-27,2,27,4,9,0,0,0,0,digital_wallet,mobile_app,west,premium,ios,1,0,0,2128,99.96,681,16,22,11,1,7,0.0283,0.8532,0.1468,0.4228,0.000759,1,91.04
2026-02-27,2,27,4,9,0,0,0,0,digital_wallet,mobile_app,west,retail,android,1,1,0,2684,63.47,1207,37,29,9,1,16,0.0122,0.8545,0.1455,0.5999,0.001034,3,228.16
2026-02-27,2,27,4,9,0,0,0,0,digital_wallet,web,east,premium,ios,1,0,0,1642,45.12,921,8,12,6,2,10,0.0242,0.8624,0.1376,0.3006,0.000547,2,80.59
2026-02-27,2,27,4,9,0,0,0,0,digital_wallet,web,east,retail,desktop,1,1,0,1362,40.27,458,20,13,8,4,9,0.0241,0.8506,0.1494,0.375,0.00081,1,57.13
2026-02-27,2,27,4,9,0,0,0,0,digital_wallet,web,north,premium,desktop,1,0,0,1116,90.08,502,16,20,6,3,6,0.0233,0.8618,0.1382,0.3082,0.000577,1,73.29
2026-02-27,2,27,4,9,0,0,0,0,digital_wallet,web,north,retail,desktop,1,1,0,1496,54.84,482,16,16,6,1,12,0.0199,0.8579,0.1421,0.3184,0.000788,2,127.83
2026-02-27,2,27,4,9,0,0,0,0,digital_wallet,web,south,premium,ios,1,0,0,1324,47.81,455,10,16,8,4,14,0.0181,0.8479,0.1521,0.3705,0.00062,2,69.61
2026-02-27,2,27,4,9,0,0,0,0,digital_wallet,web,south,retail,ios,1,1,0,2180,68.61,700,24,12,4,4,13,0.0157,0.862,0.138,0.2808,0.000846,3,250.81
2026-02-27,2,27,4,9,0,0,0,0,digital_wallet,web,west,premium,desktop,1,0,0,1095,34.84,535,12,15,6,3,7,0.0184,0.8758,0.1242,0.3665,0.000599,1,63.27
2026-02-27,2,27,4,9,0,0,0,0,digital_wallet,web,west,retail,desktop,1,1,0,1786,58.65,835,17,10,3,2,6,0.0156,0.8739,0.1261,0.3462,0.000861,1,66.87
2026-02-28,2,28,5,9,1,1,0,0,credit_card,branch,east,premium,desktop,0,0,0,800,72.11,258,13,11,4,1,4,0.0171,0.8567,0.1433,0.2372,0.000332,0,0.0
2026-02-28,2,28,5,9,1,1,0,0,credit_card,branch,east,retail,desktop,0,0,0,962,62.67,394,28,17,10,1,5,0.019,0.8607,0.1393,0.1865,0.000465,0,0.0
2026-02-28,2,28,5,9,1,1,0,0,credit_card,branch,north,premium,desktop,0,0,0,613,53.2,395,21,13,4,0,7,0.0255,0.8534,0.1466,0.2484,0.000347,0,0.0
2026-02-28,2,28,5,9,1,1,0,0,credit_card,branch,north,retail,desktop,0,0,0,798,64.01,248,32,15,8,2,2,0.0193,0.8552,0.1448,0.273,0.000505,0,15.89
2026-02-28,2,28,5,9,1,1,0,0,credit_card,branch,south,premium,desktop,0,0,0,523,47.86,243,17,10,1,1,5,0.0173,0.8439,0.1561,0.2466,0.000379,0,50.32
2026-02-28,2,28,5,9,1,1,0,0,credit_card,branch,south,retail,desktop,0,0,0,827,95.74,390,34,12,6,1,9,0.0142,0.8429,0.1571,0.2265,0.000516,2,283.58
2026-02-28,2,28,5,9,1,1,0,0,credit_card,branch,west,premium,desktop,0,0,0,646,79.26,211,13,11,6,1,4,0.0257,0.8564,0.1436,0.2263,0.000408,1,158.02
2026-02-28,2,28,5,9,1,1,0,0,credit_card,branch,west,retail,desktop,0,0,0,989,72.53,467,32,9,5,2,5,0.025,0.8435,0.1565,0.2259,0.000546,0,0.0
2026-02-28,2,28,5,9,1,1,0,0,credit_card,mobile_app,east,premium,ios,1,0,0,2557,71.12,1557,26,19,10,0,10,0.0189,0.8448,0.1552,0.3811,0.000569,1,108.8
2026-02-28,2,28,5,9,1,1,0,0,credit_card,mobile_app,east,retail,android,1,1,0,4110,94.66,1787,42,32,8,4,15,0.0207,0.8632,0.1368,0.6323,0.000801,4,406.58
2026-02-28,2,28,5,9,1,1,0,0,credit_card,mobile_app,north,premium,android,1,0,0,2625,47.19,1653,28,18,10,6,17,0.0261,0.8608,0.1392,0.647,0.000588,3,114.14
2026-02-28,2,28,5,9,1,1,0,0,credit_card,mobile_app,north,retail,android,1,1,0,4288,34.69,2594,40,33,13,4,29,0.0196,0.8516,0.1484,0.5644,0.000827,4,118.57
2026-02-28,2,28,5,9,1,1,0,0,credit_card,mobile_app,south,premium,ios,1,0,0,2498,86.51,1143,24,22,14,2,9,0.0116,0.8557,0.1443,0.4076,0.000631,1,123.29
2026-02-28,2,28,5,9,1,1,0,0,credit_card,mobile_app,south,retail,ios,1,1,0,3058,69.87,1769,31,25,17,1,24,0.0232,0.8501,0.1499,0.4196,0.000896,5,440.24
2026-02-28,2,28,5,9,1,1,0,0,credit_card,mobile_app,west,premium,ios,1,0,0,2402,50.16,1122,29,22,8,6,5,0.0152,0.8559,0.1441,0.3719,0.000637,0,0.0
2026-02-28,2,28,5,9,1,1,0,0,credit_card,mobile_app,west,retail,android,1,1,0,4626,68.86,1730,41,32,7,4,32,0.0137,0.8448,0.1552,0.6226,0.000964,5,486.55
2026-02-28,2,28,5,9,1,1,0,0,credit_card,web,east,premium,android,1,0,0,1992,86.59,1010,15,15,7,3,9,0.0229,0.84,0.16,0.5045,0.000481,0,0.0
2026-02-28,2,28,5,9,1,1,0,0,credit_card,web,east,retail,android,1,1,0,2987,92.11,1644,35,17,8,1,12,0.0271,0.8678,0.1322,0.4405,0.00068,1,101.96
2026-02-28,2,28,5,9,1,1,0,0,credit_card,web,north,premium,desktop,1,0,0,1446,77.13,575,18,8,6,4,7,0.0211,0.844,0.156,0.3193,0.00049,2,249.36
2026-02-28,2,28,5,9,1,1,0,0,credit_card,web,north,retail,ios,1,1,0,3125,56.54,971,32,18,6,1,14,0.019,0.8586,0.1414,0.3288,0.000709,3,288.91
2026-02-28,2,28,5,9,1,1,0,0,credit_card,web,south,premium,desktop,1,0,0,1391,68.38,630,16,16,3,2,11,0.023,0.8526,0.1474,0.3262,0.000542,2,199.18
2026-02-28,2,28,5,9,1,1,0,0,credit_card,web,south,retail,desktop,1,1,0,2011,62.28,1212,36,14,4,3,13,0.0203,0.8457,0.1543,0.331,0.00076,2,141.23
2026-02-28,2,28,5,9,1,1,0,0,credit_card,web,west,premium,desktop,1,0,0,1629,59.08,982,17,11,4,3,8,0.0235,0.8607,0.1393,0.3367,0.000583,1,100.6
2026-02-28,2,28,5,9,1,1,0,0,credit_card,web,west,retail,ios,1,1,0,3155,71.17,1188,29,30,0,0,26,0.0142,0.8676,0.1324,0.3422,0.000773,4,370.63
2026-02-28,2,28,5,9,1,1,0,0,debit_card,branch,east,premium,desktop,0,0,0,440,48.58,167,15,13,5,0,4,0.0183,0.8491,0.1509,0.2433,0.000251,0,0.0
2026-02-28,2,28,5,9,1,1,0,0,debit_card,branch,east,retail,desktop,0,0,0,866,61.65,345,22,9,3,2,6,0.0125,0.8509,0.1491,0.2454,0.000371,1,135.58
2026-02-28,2,28,5,9,1,1,0,0,debit_card,branch,north,premium,desktop,0,0,0,498,71.07,182,13,13,6,1,3,0.0212,0.8579,0.1421,0.2243,0.000274,0,0.0
2026-02-28,2,28,5,9,1,1,0,0,debit_card,branch,north,retail,desktop,0,0,0,671,67.1,393,33,10,5,3,2,0.0181,0.8605,0.1395,0.2726,0.000372,0,12.5
2026-02-28,2,28,5,9,1,1,0,0,debit_card,branch,south,premium,desktop,0,0,0,441,69.82,232,12,9,2,0,4,0.0253,0.8422,0.1578,0.2314,0.000306,0,77.27
2026-02-28,2,28,5,9,1,1,0,0,debit_card,branch,south,retail,desktop,0,0,0,691,33.55,371,18,14,1,1,9,0.018,0.8533,0.1467,0.2394,0.000408,0,0.0
2026-02-28,2,28,5,9,1,1,0,0,debit_card,branch,west,premium,desktop,0,0,0,502,67.28,192,19,16,3,1,7,0.0156,0.8574,0.1426,0.2374,0.000307,0,0.0
2026-02-28,2,28,5,9,1,1,0,0,debit_card,branch,west,retail,desktop,0,0,0,767,25.64,224,20,13,4,2,3,0.016,0.8405,0.1595,0.2239,0.000448,0,0.0
2026-02-28,2,28,5,9,1,1,0,0,debit_card,mobile_app,east,premium,android,1,0,0,2107,49.5,631,29,15,13,4,16,0.0174,0.8553,0.1447,0.5848,0.000437,2,110.28
2026-02-28,2,28,5,9,1,1,0,0,debit_card,mobile_app,east,retail,android,1,1,0,2934,40.65,1117,43,17,8,3,19,0.0135,0.8664,0.1336,0.5968,0.000611,3,86.55
2026-02-28,2,28,5,9,1,1,0,0,debit_card,mobile_app,north,premium,ios,1,0,0,1977,55.92,849,24,33,13,2,19,0.0182,0.8602,0.1398,0.394,0.000467,1,25.74
2026-02-28,2,28,5,9,1,1,0,0,debit_card,mobile_app,north,retail,android,1,1,0,2863,107.58,982,38,23,15,0,21,0.0257,0.8442,0.1558,0.5992,0.00065,5,781.08
2026-02-28,2,28,5,9,1,1,0,0,debit_card,mobile_app,south,premium,android,1,0,0,1770,81.21,967,21,24,6,2,15,0.0231,0.8504,0.1496,0.6461,0.000491,1,73.12
2026-02-28,2,28,5,9,1,1,0,0,debit_card,mobile_app,south,retail,ios,1,1,0,2756,39.66,1631,49,26,9,1,9,0.0224,0.8674,0.1326,0.4569,0.00066,1,13.3
2026-02-28,2,28,5,9,1,1,0,0,debit_card,mobile_app,west,premium,ios,1,0,0,2569,146.69,944,22,16,14,0,10,0.0164,0.831,0.169,0.441,0.000488,3,330.39
2026-02-28,2,28,5,9,1,1,0,0,debit_card,mobile_app,west,retail,ios,1,1,0,3088,82.92,965,35,22,7,3,8,0.0142,0.8437,0.1563,0.4553,0.000766,0,0.0
2026-02-28,2,28,5,9,1,1,0,0,debit_card,web,east,premium,ios,1,0,0,1674,50.79,655,14,18,9,0,7,0.0247,0.8727,0.1273,0.3199,0.000362,0,0.0
2026-02-28,2,28,5,9,1,1,0,0,debit_card,web,east,retail,android,1,1,0,2701,39.32,1720,21,24,5,2,17,0.0217,0.8553,0.1447,0.5244,0.000537,2,103.36
2026-02-28,2,28,5,9,1,1,0,0,debit_card,web,north,premium,desktop,1,0,0,1232,50.35,559,17,20,7,1,10,0.0283,0.8619,0.1381,0.3038,0.000395,0,0.0
2026-02-28,2,28,5,9,1,1,0,0,debit_card,web,north,retail,ios,1,1,0,2309,89.92,1237,26,13,7,2,10,0.022,0.8411,0.1589,0.3673,0.000527,1,73.81
2026-02-28,2,28,5,9,1,1,0,0,debit_card,web,south,premium,desktop,1,0,0,1155,36.43,421,15,12,5,1,10,0.0154,0.8499,0.1501,0.2708,0.000399,1,23.75
2026-02-28,2,28,5,9,1,1,0,0,debit_card,web,south,retail,android,1,1,0,2569,41.3,1186,34,16,9,1,8,0.0165,0.8517,0.1483,0.502,0.000586,2,100.82
2026-02-28,2,28,5,9,1,1,0,0,debit_card,web,west,premium,desktop,1,0,0,1124,87.41,683,17,18,10,1,5,0.0241,0.8585,0.1415,0.327,0.000437,0,0.0
2026-02-28,2,28,5,9,1,1,0,0,debit_card,web,west,retail,desktop,1,1,0,1924,68.82,941,22,14,7,0,7,0.0268,0.846,0.154,0.3381,0.000646,1,68.73
2026-02-28,2,28,5,9,1,1,0,0,digital_wallet,branch,east,premium,desktop,0,0,0,357,45.71,160,14,13,2,3,3,0.012,0.8508,0.1492,0.2692,0.000363,0,3.37
2026-02-28,2,28,5,9,1,1,0,0,digital_wallet,branch,east,retail,desktop,0,0,0,694,129.31,306,17,11,5,2,3,0.0187,0.8601,0.1399,0.2267,0.000542,0,0.0
2026-02-28,2,28,5,9,1,1,0,0,digital_wallet,branch,north,premium,desktop,0,0,0,391,64.52,149,10,13,5,1,2,0.0192,0.8551,0.1449,0.2161,0.000391,0,0.0
2026-02-28,2,28,5,9,1,1,0,0,digital_wallet,branch,north,retail,desktop,0,0,0,634,63.11,199,16,9,5,4,2,0.0209,0.8533,0.1467,0.2805,0.000522,0,0.0
2026-02-28,2,28,5,9,1,1,0,0,digital_wallet,branch,south,premium,desktop,0,0,0,410,57.0,130,15,11,3,0,4,0.014,0.8553,0.1447,0.2372,0.000426,0,0.0
2026-02-28,2,28,5,9,1,1,0,0,digital_wallet,branch,south,retail,desktop,0,0,0,503,63.83,183,17,9,5,3,6,0.0261,0.8337,0.1663,0.2645,0.000559,1,0.0
2026-02-28,2,28,5,9,1,1,0,0,digital_wallet,branch,west,premium,desktop,0,0,0,356,88.96,156,5,13,5,0,6,0.0206,0.8543,0.1457,0.2211,0.000406,1,128.02
2026-02-28,2,28,5,9,1,1,0,0,digital_wallet,branch,west,retail,desktop,0,0,0,764,34.24,373,26,15,5,2,8,0.0234,0.8452,0.1548,0.2466,0.000656,0,0.0
2026-02-28,2,28,5,9,1,1,0,0,digital_wallet,mobile_app,east,premium,ios,1,0,0,1517,76.58,775,19,26,10,2,9,0.021,0.8586,0.1414,0.4179,0.000631,0,0.0
2026-02-28,2,28,5,9,1,1,0,0,digital_wallet,mobile_app,east,retail,ios,1,1,0,2704,79.73,937,28,26,8,2,14,0.0161,0.8395,0.1605,0.4238,0.000875,3,266.6
2026-02-28,2,28,5,9,1,1,0,0,digital_wallet,mobile_app,north,premium,android,1,0,0,1535,44.81,659,14,19,13,2,12,0.0165,0.8558,0.1442,0.6092,0.000642,1,33.0
2026-02-28,2,28,5,9,1,1,0,0,digital_wallet,mobile_app,north,retail,android,1,1,0,2574,63.45,1289,32,19,16,2,21,0.0188,0.8431,0.1569,0.6176,0.000938,4,269.48
2026-02-28,2,28,5,9,1,1,0,0,digital_wallet,mobile_app,south,premium,ios,1,0,0,1579,40.31,533,18,25,8,4,22,0.0214,0.8503,0.1497,0.4093,0.0007,2,100.0
2026-02-28,2,28,5,9,1,1,0,0,digital_wallet,mobile_app,south,retail,android,1,1,0,2650,53.04,839,32,30,11,2,14,0.0205,0.8614,0.1386,0.641,0.000983,3,156.58
2026-02-28,2,28,5,9,1,1,0,0,digital_wallet,mobile_app,west,premium,ios,1,0,0,1824,49.02,744,19,28,10,3,24,0.0124,0.8521,0.1479,0.4515,0.000725,2,85.07
2026-02-28,2,28,5,9,1,1,0,0,digital_wallet,mobile_app,west,retail,android,1,1,0,3026,31.12,970,24,31,8,4,6,0.0216,0.8541,0.1459,0.5624,0.001081,0,17.44
2026-02-28,2,28,5,9,1,1,0,0,digital_wallet,web,east,premium,desktop,1,0,0,858,47.85,528,6,15,5,0,4,0.0177,0.8577,0.1423,0.3572,0.000529,0,29.97
2026-02-28,2,28,5,9,1,1,0,0,digital_wallet,web,east,retail,desktop,1,1,0,1394,61.75,450,30,17,5,1,10,0.0213,0.8559,0.1441,0.3048,0.000716,0,41.11
2026-02-28,2,28,5,9,1,1,0,0,digital_wallet,web,north,premium,desktop,1,0,0,1112,89.99,389,17,8,5,0,2,0.009,0.8681,0.1319,0.3439,0.000548,0,0.0
2026-02-28,2,28,5,9,1,1,0,0,digital_wallet,web,north,retail,android,1,1,0,2141,71.76,730,21,12,8,2,11,0.0216,0.8462,0.1538,0.5292,0.000774,4,295.13
2026-02-28,2,28,5,9,1,1,0,0,digital_wallet,web,south,premium,ios,1,0,0,1409,32.48,410,13,22,8,1,15,0.0243,0.8529,0.1471,0.3525,0.000637,2,96.0
2026-02-28,2,28,5,9,1,1,0,0,digital_wallet,web,south,retail,ios,1,1,0,2038,54.66,644,20,19,5,4,15,0.0133,0.837,0.163,0.341,0.00089,2,173.12
2026-02-28,2,28,5,9,1,1,0,0,digital_wallet,web,west,premium,desktop,1,0,0,1208,38.14,465,10,11,10,4,5,0.0165,0.855,0.145,0.3029,0.000605,1,49.48
2026-02-28,2,28,5,9,1,1,0,0,digital_wallet,web,west,retail,desktop,1,1,0,1686,70.28,730,22,13,6,3,9,0.0251,0.8391,0.1609,0.3476,0.000905,2,175.85
2026-03-01,3,1,6,9,1,0,1,0,credit_card,branch,east,premium,desktop,0,0,0,520,81.97,200,11,15,8,1,9,0.0176,0.8504,0.1496,0.2413,0.000321,0,0.0
2026-03-01,3,1,6,9,1,0,1,0,credit_card,branch,east,retail,desktop,0,0,0,889,58.31,452,22,15,6,3,6,0.0126,0.8337,0.1663,0.2444,0.000483,0,0.0
2026-03-01,3,1,6,9,1,0,1,0,credit_card,branch,north,premium,desktop,0,0,0,632,137.01,205,18,15,2,0,6,0.0239,0.8714,0.1286,0.2765,0.000351,0,15.79
2026-03-01,3,1,6,9,1,0,1,0,credit_card,branch,north,retail,desktop,0,0,0,855,41.4,357,29,13,6,2,7,0.0172,0.8333,0.1667,0.276,0.000484,0,0.0
2026-03-01,3,1,6,9,1,0,1,0,credit_card,branch,south,premium,desktop,0,0,0,642,91.96,318,20,15,6,0,4,0.0247,0.8479,0.1521,0.2558,0.000392,0,33.31
2026-03-01,3,1,6,9,1,0,1,0,credit_card,branch,south,retail,desktop,0,0,0,873,66.96,269,24,8,5,2,1,0.0188,0.8401,0.1599,0.2094,0.000527,0,52.25
2026-03-01,3,1,6,9,1,0,1,0,credit_card,branch,west,premium,desktop,0,0,0,660,81.25,242,15,9,8,1,12,0.0205,0.8598,0.1402,0.3335,0.000397,2,209.18
2026-03-01,3,1,6,9,1,0,1,0,credit_card,branch,west,retail,desktop,0,0,0,1007,111.23,447,27,14,8,2,2,0.0203,0.8555,0.1445,0.2406,0.000561,0,0.0
2026-03-01,3,1,6,9,1,0,1,0,credit_card,mobile_app,east,premium,ios,1,0,0,2776,58.53,1594,18,21,10,2,5,0.0117,0.8508,0.1492,0.4264,0.000558,0,32.25
2026-03-01,3,1,6,9,1,0,1,0,credit_card,mobile_app,east,retail,android,1,0,0,4022,85.56,1291,41,23,17,4,25,0.0156,0.8428,0.1572,0.6297,0.000779,8,1033.97
2026-03-01,3,1,6,9,1,0,1,0,credit_card,mobile_app,north,premium,ios,1,0,0,2664,118.17,1001,16,22,9,0,13,0.0145,0.8502,0.1498,0.4014,0.000554,2,337.99
2026-03-01,3,1,6,9,1,0,1,0,credit_card,mobile_app,north,retail,ios,1,0,0,3875,32.93,2487,32,22,11,2,23,0.016,0.8614,0.1386,0.3911,0.000826,4,146.03
2026-03-01,3,1,6,9,1,0,1,0,credit_card,mobile_app,south,premium,ios,1,0,0,2443,65.32,906,14,26,8,4,15,0.0189,0.8465,0.1535,0.4674,0.000644,2,112.85
2026-03-01,3,1,6,9,1,0,1,0,credit_card,mobile_app,south,retail,ios,1,0,0,4343,69.44,1458,36,27,12,1,26,0.0262,0.8486,0.1514,0.4058,0.000855,3,267.6
2026-03-01,3,1,6,9,1,0,1,0,credit_card,mobile_app,west,premium,android,1,0,0,3052,60.1,1845,15,22,8,1,13,0.017,0.8452,0.1548,0.6172,0.000615,3,245.21
2026-03-01,3,1,6,9,1,0,1,0,credit_card,mobile_app,west,retail,android,1,0,0,5099,70.07,3057,33,17,5,3,26,0.027,0.8531,0.1469,0.568,0.000909,9,504.84
2026-03-01,3,1,6,9,1,0,1,0,credit_card,web,east,premium,desktop,1,0,0,1748,135.9,1160,14,22,6,1,11,0.0176,0.843,0.157,0.294,0.000479,0,0.0
2026-03-01,3,1,6,9,1,0,1,0,credit_card,web,east,retail,desktop,1,0,0,1951,91.91,573,24,12,7,0,16,0.0236,0.8595,0.1405,0.3338,0.000677,3,471.36
2026-03-01,3,1,6,9,1,0,1,0,credit_card,web,north,premium,ios,1,0,0,2148,78.43,969,16,13,10,2,3,0.0119,0.8509,0.1491,0.3111,0.00051,0,0.0
2026-03-01,3,1,6,9,1,0,1,0,credit_card,web,north,retail,desktop,1,0,0,2339,148.72,1226,27,18,12,1,19,0.0212,0.8602,0.1398,0.3196,0.000671,4,550.48
2026-03-01,3,1,6,9,1,0,1,0,credit_card,web,south,premium,desktop,1,0,0,1561,74.32,459,12,19,5,1,12,0.018,0.8418,0.1582,0.347,0.000559,1,167.69
2026-03-01,3,1,6,9,1,0,1,0,credit_card,web,south,retail,ios,1,0,0,2531,79.31,1074,25,14,4,3,17,0.0233,0.8747,0.1253,0.3299,0.000771,4,489.69
2026-03-01,3,1,6,9,1,0,1,0,credit_card,web,west,premium,android,1,0,0,2903,75.54,1172,17,16,4,1,9,0.0162,0.8705,0.1295,0.5003,0.000565,0,0.0
2026-03-01,3,1,6,9,1,0,1,0,credit_card,web,west,retail,desktop,1,0,0,2352,80.62,720,28,18,4,3,11,0.0217,0.8597,0.1403,0.3251,0.000754,0,0.0
2026-03-01,3,1,6,9,1,0,1,0,debit_card,branch,east,premium,desktop,0,0,0,563,41.1,220,6,16,5,0,3,0.0236,0.8488,0.1512,0.2109,0.000263,0,52.13
2026-03-01,3,1,6,9,1,0,1,0,debit_card,branch,east,retail,desktop,0,0,0,784,36.72,307,22,10,3,2,6,0.0223,0.854,0.146,0.2122,0.000382,0,0.0
2026-03-01,3,1,6,9,1,0,1,0,debit_card,branch,north,premium,desktop,0,0,0,639,43.79,389,12,16,5,0,3,0.0216,0.8452,0.1548,0.2458,0.000266,0,29.72
2026-03-01,3,1,6,9,1,0,1,0,debit_card,branch,north,retail,desktop,0,0,0,795,57.59,243,21,10,4,1,6,0.0238,0.8455,0.1545,0.3004,0.000375,1,121.69
2026-03-01,3,1,6,9,1,0,1,0,debit_card,branch,south,premium,desktop,0,0,0,623,47.89,322,16,16,4,0,5,0.016,0.8518,0.1482,0.2524,0.000282,0,27.55
2026-03-01,3,1,6,9,1,0,1,0,debit_card,branch,south,retail,desktop,0,0,0,780,41.86,248,19,13,4,1,6,0.0244,0.8552,0.1448,0.2467,0.000405,0,0.0
2026-03-01,3,1,6,9,1,0,1,0,debit_card,branch,west,premium,desktop,0,0,0,506,39.0,200,9,11,6,1,4,0.0236,0.8362,0.1638,0.2241,0.000282,0,0.0
2026-03-01,3,1,6,9,1,0,1,0,debit_card,branch,west,retail,desktop,0,0,0,676,46.33,314,16,8,8,1,2,0.0217,0.839,0.161,0.2214,0.00044,0,10.32
2026-03-01,3,1,6,9,1,0,1,0,debit_card,mobile_app,east,premium,android,1,0,0,2399,76.33,1218,16,18,8,2,8,0.0146,0.8497,0.1503,0.5646,0.000402,0,55.78
2026-03-01,3,1,6,9,1,0,1,0,debit_card,mobile_app,east,retail,ios,1,0,0,3360,61.24,1106,32,27,7,1,20,0.0173,0.8536,0.1464,0.4789,0.00061,1,92.19
2026-03-01,3,1,6,9,1,0,1,0,debit_card,mobile_app,north,premium,ios,1,0,0,2794,48.06,1049,16,21,8,2,8,0.0182,0.8512,0.1488,0.4662,0.000447,0,0.0
2026-03-01,3,1,6,9,1,0,1,0,debit_card,mobile_app,north,retail,android,1,0,0,3395,70.17,1496,25,22,5,1,12,0.0179,0.8473,0.1527,0.5731,0.000637,2,239.91
2026-03-01,3,1,6,9,1,0,1,0,debit_card,mobile_app,south,premium,ios,1,0,0,2335,82.53,1308,8,29,15,3,7,0.0198,0.8434,0.1566,0.3735,0.000482,0,7.79
2026-03-01,3,1,6,9,1,0,1,0,debit_card,mobile_app,south,retail,ios,1,0,0,3193,47.79,1951,29,26,10,1,15,0.0234,0.8483,0.1517,0.4295,0.000698,2,127.44
2026-03-01,3,1,6,9,1,0,1,0,debit_card,mobile_app,west,premium,android,1,0,0,1913,46.53,865,14,20,10,2,11,0.0178,0.8542,0.1458,0.5712,0.00051,0,0.0
2026-03-01,3,1,6,9,1,0,1,0,debit_card,mobile_app,west,retail,android,1,0,0,3361,74.22,1578,30,24,11,1,28,0.0215,0.8366,0.1634,0.659,0.000691,5,359.29
2026-03-01,3,1,6,9,1,0,1,0,debit_card,web,east,premium,ios,1,0,0,2283,54.47,976,13,21,6,1,16,0.0169,0.8539,0.1461,0.3067,0.000369,1,59.7
2026-03-01,3,1,6,9,1,0,1,0,debit_card,web,east,retail,desktop,1,0,0,1825,127.14,727,26,18,3,2,4,0.0212,0.8415,0.1585,0.3256,0.000509,0,12.4
2026-03-01,3,1,6,9,1,0,1,0,debit_card,web,north,premium,desktop,1,0,0,1224,69.95,557,13,16,8,3,8,0.0214,0.8534,0.1466,0.3836,0.000392,0,0.0
2026-03-01,3,1,6,9,1,0,1,0,debit_card,web,north,retail,desktop,1,0,0,1941,56.48,612,27,15,10,2,10,0.0172,0.8466,0.1534,0.2694,0.000543,3,168.61
2026-03-01,3,1,6,9,1,0,1,0,debit_card,web,south,premium,android,1,0,0,1978,57.66,861,12,10,8,1,6,0.023,0.8604,0.1396,0.4724,0.000419,1,29.66
2026-03-01,3,1,6,9,1,0,1,0,debit_card,web,south,retail,ios,1,0,0,2653,62.69,816,27,14,10,1,7,0.0173,0.8664,0.1336,0.2881,0.000614,2,166.53
2026-03-01,3,1,6,9,1,0,1,0,debit_card,web,west,premium,ios,1,0,0,1683,82.56,830,9,18,2,2,8,0.0242,0.8631,0.1369,0.3262,0.000421,0,38.06
2026-03-01,3,1,6,9,1,0,1,0,debit_card,web,west,retail,ios,1,0,0,2884,71.92,920,16,9,7,2,12,0.0252,0.8623,0.1377,0.3434,0.000597,3,305.2
2026-03-01,3,1,6,9,1,0,1,0,digital_wallet,branch,east,premium,desktop,0,0,0,458,55.3,216,4,13,10,3,8,0.016,0.8538,0.1462,0.2484,0.000379,0,0.0
2026-03-01,3,1,6,9,1,0,1,0,digital_wallet,branch,east,retail,desktop,0,0,0,672,71.65,366,18,13,7,1,4,0.0233,0.8571,0.1429,0.2629,0.000545,0,0.0
2026-03-01,3,1,6,9,1,0,1,0,digital_wallet,branch,north,premium,desktop,0,0,0,553,86.24,197,9,8,6,1,3,0.0238,0.8378,0.1622,0.2687,0.000389,0,0.0
2026-03-01,3,1,6,9,1,0,1,0,digital_wallet,branch,north,retail,desktop,0,0,0,628,44.62,410,16,9,4,1,3,0.0285,0.8492,0.1508,0.2711,0.00052,0,0.0
2026-03-01,3,1,6,9,1,0,1,0,digital_wallet,branch,south,premium,desktop,0,0,0,448,91.27,148,11,13,5,2,4,0.0179,0.8641,0.1359,0.2827,0.000441,0,23.15
2026-03-01,3,1,6,9,1,0,1,0,digital_wallet,branch,south,retail,desktop,0,0,0,657,65.09,193,16,16,6,3,5,0.0166,0.8461,0.1539,0.3384,0.000564,0,8.07
2026-03-01,3,1,6,9,1,0,1,0,digital_wallet,branch,west,premium,desktop,0,0,0,509,36.67,200,5,14,3,2,4,0.0227,0.8539,0.1461,0.3372,0.000447,0,0.0
2026-03-01,3,1,6,9,1,0,1,0,digital_wallet,branch,west,retail,desktop,0,0,0,733,81.15,321,16,8,2,1,9,0.0173,0.8306,0.1694,0.208,0.0006,1,67.64
2026-03-01,3,1,6,9,1,0,1,0,digital_wallet,mobile_app,east,premium,ios,1,0,0,1988,37.47,664,13,24,7,1,19,0.0249,0.8485,0.1515,0.445,0.000605,3,59.81
2026-03-01,3,1,6,9,1,0,1,0,digital_wallet,mobile_app,east,retail,android,1,0,0,2876,69.33,977,23,21,11,1,18,0.0203,0.8369,0.1631,0.6038,0.000866,4,413.21
2026-03-01,3,1,6,9,1,0,1,0,digital_wallet,mobile_app,north,premium,android,1,0,0,1996,100.75,966,5,32,11,3,16,0.0161,0.8572,0.1428,0.6443,0.000664,1,90.26
2026-03-01,3,1,6,9,1,0,1,0,digital_wallet,mobile_app,north,retail,android,1,0,0,3112,58.94,1497,24,16,6,4,12,0.0189,0.8473,0.1527,0.5687,0.000879,2,67.35
2026-03-01,3,1,6,9,1,0,1,0,digital_wallet,mobile_app,south,premium,ios,1,0,0,1846,44.44,890,10,19,13,1,8,0.0248,0.8486,0.1514,0.4477,0.000696,1,54.6
2026-03-01,3,1,6,9,1,0,1,0,digital_wallet,mobile_app,south,retail,ios,1,0,0,2928,45.94,1036,22,20,9,3,10,0.0205,0.8445,0.1555,0.4486,0.001066,2,103.49
2026-03-01,3,1,6,9,1,0,1,0,digital_wallet,mobile_app,west,premium,ios,1,0,0,1801,40.72,1066,10,17,13,4,3,0.0131,0.8451,0.1549,0.3808,0.000729,0,0.0
2026-03-01,3,1,6,9,1,0,1,0,digital_wallet,mobile_app,west,retail,android,1,0,0,3496,96.91,1087,16,20,10,4,9,0.0225,0.8565,0.1435,0.6138,0.001002,2,225.98
2026-03-01,3,1,6,9,1,0,1,0,digital_wallet,web,east,premium,desktop,1,0,0,1045,63.74,592,5,13,6,4,5,0.0223,0.8453,0.1547,0.2882,0.000543,0,36.24
2026-03-01,3,1,6,9,1,0,1,0,digital_wallet,web,east,retail,desktop,1,0,0,1575,63.03,781,20,19,8,1,8,0.0245,0.8501,0.1499,0.338,0.000726,0,5.87
2026-03-01,3,1,6,9,1,0,1,0,digital_wallet,web,north,premium,android,1,0,0,1760,21.93,599,14,10,7,0,7,0.0179,0.8396,0.1604,0.5419,0.000566,1,29.54
2026-03-01,3,1,6,9,1,0,1,0,digital_wallet,web,north,retail,desktop,1,0,0,1688,49.18,674,13,12,5,3,13,0.0251,0.8604,0.1396,0.3758,0.000823,3,170.97
2026-03-01,3,1,6,9,1,0,1,0,digital_wallet,web,south,premium,android,1,0,0,1762,83.63,688,11,20,7,1,6,0.0181,0.8423,0.1577,0.5,0.000598,1,102.43
2026-03-01,3,1,6,9,1,0,1,0,digital_wallet,web,south,retail,android,1,0,0,2155,46.86,1002,19,15,4,2,9,0.009,0.8559,0.1441,0.4715,0.00082,1,30.87
2026-03-01,3,1,6,9,1,0,1,0,digital_wallet,web,west,premium,desktop,1,0,0,1143,66.63,585,6,17,4,2,16,0.0193,0.8657,0.1343,0.3522,0.000616,2,115.03
2026-03-01,3,1,6,9,1,0,1,0,digital_wallet,web,west,retail,ios,1,0,0,2721,85.39,864,19,14,10,1,10,0.0128,0.8657,0.1343,0.3248,0.000887,3,285.83
2026-03-02,3,2,0,10,0,0,0,0,credit_card,branch,east,premium,desktop,0,0,0,651,150.6,363,7,11,6,1,4,0.0253,0.8659,0.1341,0.228,0.000323,0,0.4
2026-03-02,3,2,0,10,0,0,0,0,credit_card,branch,east,retail,desktop,0,0,0,993,108.28,579,23,10,4,2,4,0.0209,0.8732,0.1268,0.1902,0.000484,0,0.0
2026-03-02,3,2,0,10,0,0,0,0,credit_card,branch,north,premium,desktop,0,0,0,714,81.16,223,15,8,3,1,2,0.0156,0.8631,0.1369,0.2274,0.000332,0,0.0
2026-03-02,3,2,0,10,0,0,0,0,credit_card,branch,north,retail,desktop,0,0,0,1003,48.23,562,37,18,3,1,11,0.023,0.8518,0.1482,0.2432,0.000478,0,7.65
2026-03-02,3,2,0,10,0,0,0,0,credit_card,branch,south,premium,desktop,0,0,0,697,107.12,414,12,11,6,1,3,0.0213,0.8395,0.1605,0.2605,0.000373,0,6.91
2026-03-02,3,2,0,10,0,0,0,0,credit_card,branch,south,retail,desktop,0,0,0,870,41.4,386,35,11,7,0,4,0.0234,0.8619,0.1381,0.1816,0.000553,0,0.0
2026-03-02,3,2,0,10,0,0,0,0,credit_card,branch,west,premium,desktop,0,0,0,598,60.6,257,17,9,4,0,5,0.0181,0.8683,0.1317,0.2262,0.000386,0,12.79
2026-03-02,3,2,0,10,0,0,0,0,credit_card,branch,west,retail,desktop,0,0,0,1267,74.95,436,21,9,5,0,2,0.0236,0.85,0.15,0.2455,0.000534,0,10.74
2026-03-02,3,2,0,10,0,0,0,0,credit_card,mobile_app,east,premium,android,1,0,0,2705,62.23,1331,12,24,11,1,21,0.0227,0.874,0.126,0.557,0.000552,2,180.83
2026-03-02,3,2,0,10,0,0,0,0,credit_card,mobile_app,east,retail,ios,1,0,0,3716,55.59,1385,30,20,12,2,10,0.0168,0.8589,0.1411,0.3799,0.000777,1,142.59
2026-03-02,3,2,0,10,0,0,0,0,credit_card,mobile_app,north,premium,ios,1,0,0,2740,80.92,864,22,21,4,4,8,0.0181,0.8755,0.1245,0.4273,0.000536,0,0.0
2026-03-02,3,2,0,10,0,0,0,0,credit_card,mobile_app,north,retail,android,1,0,0,4545,59.66,2034,29,21,15,4,10,0.0184,0.8531,0.1469,0.6477,0.000805,2,204.03
2026-03-02,3,2,0,10,0,0,0,0,credit_card,mobile_app,south,premium,android,1,0,0,2948,82.28,1527,18,16,9,0,4,0.0175,0.8763,0.1237,0.6104,0.000591,0,0.0
2026-03-02,3,2,0,10,0,0,0,0,credit_card,mobile_app,south,retail,ios,1,0,0,3959,80.9,1241,33,19,8,6,16,0.0182,0.8626,0.1374,0.4695,0.000877,3,276.65
2026-03-02,3,2,0,10,0,0,0,0,credit_card,mobile_app,west,premium,android,1,0,0,3239,54.7,1261,19,26,9,3,25,0.0216,0.8657,0.1343,0.6604,0.000635,5,431.99
2026-03-02,3,2,0,10,0,0,0,0,credit_card,mobile_app,west,retail,ios,1,0,0,4612,74.73,1454,22,29,9,4,19,0.0227,0.8628,0.1372,0.4285,0.000874,3,211.26
2026-03-02,3,2,0,10,0,0,0,0,credit_card,web,east,premium,desktop,1,0,0,1884,87.51,696,12,11,5,0,4,0.0188,0.8727,0.1273,0.3429,0.00047,1,143.4
2026-03-02,3,2,0,10,0,0,0,0,credit_card,web,east,retail,desktop,1,0,0,2371,117.2,1492,30,17,3,2,15,0.0196,0.8726,0.1274,0.3086,0.00065,1,101.86
2026-03-02,3,2,0,10,0,0,0,0,credit_card,web,north,premium,desktop,1,0,0,1616,131.63,508,13,19,7,6,11,0.0187,0.8578,0.1422,0.3072,0.000492,0,0.0
2026-03-02,3,2,0,10,0,0,0,0,credit_card,web,north,retail,ios,1,0,0,3809,88.88,1613,33,13,3,3,8,0.0217,0.8553,0.1447,0.3457,0.000653,1,101.8
2026-03-02,3,2,0,10,0,0,0,0,credit_card,web,south,premium,android,1,0,0,2594,79.78,1467,10,15,13,2,15,0.0237,0.8344,0.1656,0.454,0.000568,3,282.62
2026-03-02,3,2,0,10,0,0,0,0,credit_card,web,south,retail,desktop,1,0,0,2166,151.39,1056,36,11,5,3,5,0.0241,0.8639,0.1361,0.3941,0.000724,1,222.02
2026-03-02,3,2,0,10,0,0,0,0,credit_card,web,west,premium,desktop,1,0,0,1855,64.03,684,17,16,8,3,8,0.0188,0.8479,0.1521,0.3765,0.000569,1,53.75
2026-03-02,3,2,0,10,0,0,0,0,credit_card,web,west,retail,android,1,0,0,3595,85.24,2167,19,12,5,4,16,0.0122,0.8569,0.1431,0.5318,0.000778,5,611.55
2026-03-02,3,2,0,10,0,0,0,0,debit_card,branch,east,premium,desktop,0,0,0,569,39.57,298,9,13,7,0,5,0.0215,0.8772,0.1228,0.2839,0.000241,0,6.94
2026-03-02,3,2,0,10,0,0,0,0,debit_card,branch,east,retail,desktop,0,0,0,716,95.37,274,19,10,2,0,4,0.0185,0.8594,0.1406,0.3542,0.000359,0,0.0
2026-03-02,3,2,0,10,0,0,0,0,debit_card,branch,north,premium,desktop,0,0,0,604,53.74,238,10,14,4,0,3,0.015,0.8729,0.1271,0.328,0.000265,0,28.23
2026-03-02,3,2,0,10,0,0,0,0,debit_card,branch,north,retail,desktop,0,0,0,779,71.56,301,20,11,2,1,3,0.0262,0.8577,0.1423,0.21,0.000354,0,38.77
2026-03-02,3,2,0,10,0,0,0,0,debit_card,branch,south,premium,desktop,0,0,0,619,62.71,225,9,8,2,2,4,0.0252,0.8675,0.1325,0.2741,0.000278,0,0.0
2026-03-02,3,2,0,10,0,0,0,0,debit_card,branch,south,retail,desktop,0,0,0,691,39.05,367,18,7,9,1,2,0.0198,0.8611,0.1389,0.2533,0.000415,0,22.3
2026-03-02,3,2,0,10,0,0,0,0,debit_card,branch,west,premium,desktop,0,0,0,593,47.89,256,14,6,4,2,4,0.0185,0.8609,0.1391,0.2056,0.000299,0,0.0
2026-03-02,3,2,0,10,0,0,0,0,debit_card,branch,west,retail,desktop,0,0,0,739,91.72,397,17,8,6,1,4,0.016,0.8704,0.1296,0.304,0.000433,0,58.66
2026-03-02,3,2,0,10,0,0,0,0,debit_card,mobile_app,east,premium,android,1,0,0,2501,112.97,1213,16,16,11,2,7,0.023,0.8412,0.1588,0.5791,0.000423,1,105.18
2026-03-02,3,2,0,10,0,0,0,0,debit_card,mobile_app,east,retail,android,1,0,0,3991,62.76,1721,39,22,14,3,22,0.0191,0.8613,0.1387,0.6057,0.000621,4,300.41
2026-03-02,3,2,0,10,0,0,0,0,debit_card,mobile_app,north,premium,android,1,0,0,2798,56.64,1065,16,17,9,0,12,0.0175,0.8797,0.1203,0.558,0.000435,1,95.05
2026-03-02,3,2,0,10,0,0,0,0,debit_card,mobile_app,north,retail,ios,1,0,0,3187,58.67,951,33,22,11,2,11,0.0198,0.867,0.133,0.4396,0.000604,0,78.36
2026-03-02,3,2,0,10,0,0,0,0,debit_card,mobile_app,south,premium,android,1,0,0,2251,63.18,1316,14,27,10,4,16,0.0163,0.8529,0.1471,0.6055,0.000477,0,41.57
2026-03-02,3,2,0,10,0,0,0,0,debit_card,mobile_app,south,retail,android,1,0,0,3433,37.62,1403,27,15,9,4,3,0.0249,0.8618,0.1382,0.5727,0.000672,0,5.11
2026-03-02,3,2,0,10,0,0,0,0,debit_card,mobile_app,west,premium,android,1,0,0,2646,84.76,855,13,18,6,1,20,0.016,0.8513,0.1487,0.5628,0.000513,3,242.74
2026-03-02,3,2,0,10,0,0,0,0,debit_card,mobile_app,west,retail,ios,1,0,0,3928,49.57,1864,30,19,12,3,17,0.0231,0.8635,0.1365,0.3924,0.000701,2,136.75
2026-03-02,3,2,0,10,0,0,0,0,debit_card,web,east,premium,desktop,1,0,0,1426,56.24,530,13,13,5,0,4,0.0283,0.8631,0.1369,0.3554,0.000384,0,0.0
2026-03-02,3,2,0,10,0,0,0,0,debit_card,web,east,retail,desktop,1,0,0,1900,47.01,796,24,12,5,2,17,0.0166,0.8607,0.1393,0.3583,0.000493,3,174.9
2026-03-02,3,2,0,10,0,0,0,0,debit_card,web,north,premium,android,1,0,0,2176,39.73,704,10,12,7,2,8,0.0175,0.8531,0.1469,0.5047,0.000366,2,138.88
2026-03-02,3,2,0,10,0,0,0,0,debit_card,web,north,retail,android,1,0,0,3271,65.12,1530,25,14,9,4,16,0.0307,0.8708,0.1292,0.4827,0.000541,2,114.29
2026-03-02,3,2,0,10,0,0,0,0,debit_card,web,south,premium,desktop,1,0,0,1189,69.71,777,13,14,6,0,7,0.0282,0.8487,0.1513,0.3539,0.000404,0,0.0
2026-03-02,3,2,0,10,0,0,0,0,debit_card,web,south,retail,desktop,1,0,0,2084,95.03,830,24,12,6,4,11,0.0197,0.873,0.127,0.3633,0.00059,1,80.97
2026-03-02,3,2,0,10,0,0,0,0,debit_card,web,west,premium,android,1,0,0,2319,57.51,740,9,13,9,2,2,0.0193,0.8499,0.1501,0.5185,0.000429,0,0.0
2026-03-02,3,2,0,10,0,0,0,0,debit_card,web,west,retail,desktop,1,0,0,2184,70.99,1231,12,17,6,3,5,0.0218,0.8642,0.1358,0.3856,0.000613,0,0.0
2026-03-02,3,2,0,10,0,0,0,0,digital_wallet,branch,east,premium,desktop,0,0,0,410,46.3,133,8,9,2,2,3,0.0129,0.8603,0.1397,0.2306,0.000364,0,0.0
2026-03-02,3,2,0,10,0,0,0,0,digital_wallet,branch,east,retail,desktop,0,0,0,642,54.77,275,15,5,3,2,1,0.0236,0.8679,0.1321,0.2318,0.000506,0,0.0
2026-03-02,3,2,0,10,0,0,0,0,digital_wallet,branch,north,premium,desktop,0,0,0,455,87.74,252,10,8,5,0,6,0.0186,0.858,0.142,0.2362,0.000416,1,13.36
2026-03-02,3,2,0,10,0,0,0,0,digital_wallet,branch,north,retail,desktop,0,0,0,672,80.89,304,15,15,6,1,7,0.0132,0.8662,0.1338,0.2791,0.00057,1,18.89
2026-03-02,3,2,0,10,0,0,0,0,digital_wallet,branch,south,premium,desktop,0,0,0,479,54.98,149,15,11,2,3,6,0.0199,0.8643,0.1357,0.1843,0.000404,0,12.27
2026-03-02,3,2,0,10,0,0,0,0,digital_wallet,branch,south,retail,desktop,0,0,0,690,96.67,412,19,7,7,1,5,0.013,0.8604,0.1396,0.2164,0.000595,1,109.16
2026-03-02,3,2,0,10,0,0,0,0,digital_wallet,branch,west,premium,desktop,0,0,0,507,59.28,195,7,8,7,1,5,0.025,0.8621,0.1379,0.2397,0.000442,0,0.0
2026-03-02,3,2,0,10,0,0,0,0,digital_wallet,branch,west,retail,desktop,0,0,0,755,48.28,271,22,10,3,0,3,0.0195,0.8589,0.1411,0.2788,0.000634,0,48.13
2026-03-02,3,2,0,10,0,0,0,0,digital_wallet,mobile_app,east,premium,ios,1,0,0,1757,34.27,1090,15,17,6,2,12,0.0204,0.8511,0.1489,0.4607,0.000632,4,146.94
2026-03-02,3,2,0,10,0,0,0,0,digital_wallet,mobile_app,east,retail,ios,1,0,0,2612,31.65,992,27,19,6,2,12,0.0239,0.8627,0.1373,0.451,0.0009,1,30.61
2026-03-02,3,2,0,10,0,0,0,0,digital_wallet,mobile_app,north,premium,ios,1,0,0,2085,82.6,816,10,20,7,3,3,0.0223,0.8616,0.1384,0.4378,0.000671,0,0.0
2026-03-02,3,2,0,10,0,0,0,0,digital_wallet,mobile_app,north,retail,android,1,0,0,3197,66.63,1271,24,19,7,7,16,0.02,0.8659,0.1341,0.5789,0.00092,1,72.7
2026-03-02,3,2,0,10,0,0,0,0,digital_wallet,mobile_app,south,premium,ios,1,0,0,1998,65.14,718,19,15,9,2,19,0.0252,0.8633,0.1367,0.419,0.000714,4,345.74
2026-03-02,3,2,0,10,0,0,0,0,digital_wallet,mobile_app,south,retail,ios,1,0,0,2804,47.06,937,18,12,11,2,11,0.0227,0.8755,0.1245,0.4784,0.00099,3,176.5
2026-03-02,3,2,0,10,0,0,0,0,digital_wallet,mobile_app,west,premium,ios,1,0,0,1986,30.05,649,9,25,9,4,10,0.0223,0.8481,0.1519,0.3853,0.000732,0,2.39
2026-03-02,3,2,0,10,0,0,0,0,digital_wallet,mobile_app,west,retail,android,1,0,0,2925,54.43,1895,32,21,15,2,8,0.0131,0.8429,0.1571,0.5915,0.001105,0,0.0
2026-03-02,3,2,0,10,0,0,0,0,digital_wallet,web,east,premium,ios,1,0,0,1448,65.78,455,8,18,7,0,10,0.0208,0.86,0.14,0.3035,0.000514,0,16.72
2026-03-02,3,2,0,10,0,0,0,0,digital_wallet,web,east,retail,desktop,1,0,0,1741,155.35,764,21,18,9,1,23,0.015,0.8866,0.1134,0.3502,0.000759,4,836.1
2026-03-02,3,2,0,10,0,0,0,0,digital_wallet,web,north,premium,android,1,0,0,1902,67.95,773,9,11,6,2,6,0.0229,0.8618,0.1382,0.536,0.000547,0,9.12
2026-03-02,3,2,0,10,0,0,0,0,digital_wallet,web,north,retail,ios,1,0,0,1892,75.16,1131,15,23,6,5,19,0.0217,0.8636,0.1364,0.3403,0.000801,2,279.5
2026-03-02,3,2,0,10,0,0,0,0,digital_wallet,web,south,premium,android,1,0,0,1420,29.91,522,8,21,3,1,17,0.0244,0.8534,0.1466,0.5048,0.000605,1,22.56
2026-03-02,3,2,0,10,0,0,0,0,digital_wallet,web,south,retail,android,1,0,0,2464,98.21,781,18,12,4,4,10,0.0165,0.8603,0.1397,0.5259,0.000888,4,332.52
2026-03-02,3,2,0,10,0,0,0,0,digital_wallet,web,west,premium,desktop,1,0,0,1131,39.27,401,5,15,4,2,2,0.0187,0.861,0.139,0.3312,0.000617,0,0.0
2026-03-02,3,2,0,10,0,0,0,0,digital_wallet,web,west,retail,desktop,1,0,0,1913,47.94,933,22,18,3,1,15,0.0173,0.8684,0.1316,0.3191,0.000859,2,138.79
2026-03-03,3,3,1,10,0,0,0,0,credit_card,branch,east,premium,desktop,0,0,0,656,37.75,194,12,14,8,2,5,0.0169,0.8511,0.1489,0.2515,0.00033,0,0.0
2026-03-03,3,3,1,10,0,0,0,0,credit_card,branch,east,retail,desktop,0,0,0,1015,90.34,367,23,8,6,0,5,0.0214,0.8547,0.1453,0.2387,0.000457,0,11.7
2026-03-03,3,3,1,10,0,0,0,0,credit_card,branch,north,premium,desktop,0,0,0,641,127.86,264,14,7,3,1,2,0.0162,0.8711,0.1289,0.2439,0.000321,0,17.45
2026-03-03,3,3,1,10,0,0,0,0,credit_card,branch,north,retail,desktop,0,0,0,1036,83.42,578,30,11,2,5,2,0.0201,0.8759,0.1241,0.2291,0.000477,0,0.0
2026-03-03,3,3,1,10,0,0,0,0,credit_card,branch,south,premium,desktop,0,0,0,577,98.55,275,13,7,4,2,2,0.0191,0.8526,0.1474,0.2714,0.000367,0,6.61
2026-03-03,3,3,1,10,0,0,0,0,credit_card,branch,south,retail,desktop,0,0,0,1058,85.87,644,30,14,1,0,5,0.0118,0.8564,0.1436,0.2813,0.000515,1,98.85
2026-03-03,3,3,1,10,0,0,0,0,credit_card,branch,west,premium,desktop,0,0,0,683,56.71,378,14,6,3,3,3,0.0141,0.862,0.138,0.2359,0.00039,0,54.45
2026-03-03,3,3,1,10,0,0,0,0,credit_card,branch,west,retail,desktop,0,0,0,1187,61.38,457,26,12,8,3,12,0.0239,0.8648,0.1352,0.2699,0.000538,1,104.26
2026-03-03,3,3,1,10,0,0,0,0,credit_card,mobile_app,east,premium,android,1,0,0,3183,63.66,1352,23,14,13,1,4,0.0213,0.8492,0.1508,0.5999,0.000569,0,42.35
2026-03-03,3,3,1,10,0,0,0,0,credit_card,mobile_app,east,retail,ios,1,0,0,4062,62.91,1407,37,18,10,3,10,0.0244,0.8603,0.1397,0.3962,0.000744,3,266.44
2026-03-03,3,3,1,10,0,0,0,0,credit_card,mobile_app,north,premium,android,1,0,0,2683,88.65,983,19,16,7,1,11,0.0165,0.8541,0.1459,0.6182,0.000568,1,128.63
2026-03-03,3,3,1,10,0,0,0,0,credit_card,mobile_app,north,retail,ios,1,0,0,4372,100.39,2352,49,25,7,3,18,0.0172,0.8435,0.1565,0.4189,0.000818,1,54.59
2026-03-03,3,3,1,10,0,0,0,0,credit_card,mobile_app,south,premium,android,1,0,0,3328,65.34,1813,12,25,11,1,11,0.0076,0.8598,0.1402,0.5701,0.000621,1,86.92
2026-03-03,3,3,1,10,0,0,0,0,credit_card,mobile_app,south,retail,android,1,0,0,4016,85.0,1429,35,27,12,4,31,0.017,0.8615,0.1385,0.6124,0.000911,8,934.21
2026-03-03,3,3,1,10,0,0,0,0,credit_card,mobile_app,west,premium,ios,1,0,0,2972,69.85,973,24,18,12,2,9,0.0195,0.864,0.136,0.4186,0.000622,1,84.68
2026-03-03,3,3,1,10,0,0,0,0,credit_card,mobile_app,west,retail,ios,1,0,0,4348,54.11,1994,37,17,9,8,16,0.0169,0.8713,0.1287,0.3773,0.000928,5,416.45
2026-03-03,3,3,1,10,0,0,0,0,credit_card,web,east,premium,desktop,1,0,0,1543,77.32,505,15,14,6,3,8,0.0235,0.8516,0.1484,0.3552,0.000512,0,0.0
2026-03-03,3,3,1,10,0,0,0,0,credit_card,web,east,retail,android,1,0,0,3872,62.46,1676,36,15,11,2,14,0.0186,0.8499,0.1501,0.5408,0.000679,3,319.53
2026-03-03,3,3,1,10,0,0,0,0,credit_card,web,north,premium,desktop,1,0,0,1809,58.52,529,14,11,5,3,3,0.0243,0.8557,0.1443,0.3326,0.000479,0,0.0
2026-03-03,3,3,1,10,0,0,0,0,credit_card,web,north,retail,desktop,1,0,0,2477,44.41,1583,25,13,3,5,9,0.0156,0.8481,0.1519,0.3355,0.000692,1,70.74
2026-03-03,3,3,1,10,0,0,0,0,credit_card,web,south,premium,android,1,0,0,2189,104.27,1220,12,13,10,6,20,0.0195,0.8664,0.1336,0.4503,0.000521,3,447.16
2026-03-03,3,3,1,10,0,0,0,0,credit_card,web,south,retail,desktop,1,0,0,2213,105.51,700,33,18,14,1,9,0.0253,0.8555,0.1445,0.3297,0.00075,1,140.75
2026-03-03,3,3,1,10,0,0,0,0,credit_card,web,west,premium,android,1,0,0,2720,93.56,1212,14,14,7,3,9,0.0166,0.8543,0.1457,0.4875,0.000545,0,7.97
2026-03-03,3,3,1,10,0,0,0,0,credit_card,web,west,retail,desktop,1,0,0,2493,43.86,1353,21,17,5,4,12,0.0264,0.8444,0.1556,0.2937,0.000789,3,233.05
2026-03-03,3,3,1,10,0,0,0,0,debit_card,branch,east,premium,desktop,0,0,0,614,52.96,243,14,6,4,0,1,0.023,0.8534,0.1466,0.2787,0.000262,0,0.0
2026-03-03,3,3,1,10,0,0,0,0,debit_card,branch,east,retail,desktop,0,0,0,813,53.18,395,15,8,5,4,5,0.015,0.8727,0.1273,0.2547,0.000367,0,8.28
2026-03-03,3,3,1,10,0,0,0,0,debit_card,branch,north,premium,desktop,0,0,0,570,72.45,316,12,12,3,0,6,0.0223,0.8679,0.1321,0.2334,0.000263,0,70.49
2026-03-03,3,3,1,10,0,0,0,0,debit_card,branch,north,retail,desktop,0,0,0,782,37.07,353,29,17,3,4,3,0.0215,0.8412,0.1588,0.2521,0.000385,0,38.3
2026-03-03,3,3,1,10,0,0,0,0,debit_card,branch,south,premium,desktop,0,0,0,505,26.21,239,15,8,6,1,3,0.0225,0.855,0.145,0.1972,0.000284,0,47.59
2026-03-03,3,3,1,10,0,0,0,0,debit_card,branch,south,retail,desktop,0,0,0,901,64.5,331,21,6,4,2,4,0.0183,0.8532,0.1468,0.2595,0.000395,0,0.0
2026-03-03,3,3,1,10,0,0,0,0,debit_card,branch,west,premium,desktop,0,0,0,572,33.87,201,9,8,2,2,5,0.023,0.8468,0.1532,0.1779,0.000286,0,0.0
2026-03-03,3,3,1,10,0,0,0,0,debit_card,branch,west,retail,desktop,0,0,0,888,65.05,298,22,9,8,2,5,0.019,0.861,0.139,0.2677,0.000445,0,2.87
2026-03-03,3,3,1,10,0,0,0,0,debit_card,mobile_app,east,premium,ios,1,0,0,2544,80.84,926,12,22,12,1,8,0.0184,0.882,0.118,0.4216,0.000441,1,26.19
2026-03-03,3,3,1,10,0,0,0,0,debit_card,mobile_app,east,retail,android,1,0,0,3226,64.47,1011,15,15,16,2,11,0.0162,0.8611,0.1389,0.6556,0.000591,2,158.39
2026-03-03,3,3,1,10,0,0,0,0,debit_card,mobile_app,north,premium,ios,1,0,0,2527,81.87,1254,12,29,8,0,14,0.0119,0.8452,0.1548,0.4075,0.000466,1,156.56
2026-03-03,3,3,1,10,0,0,0,0,debit_card,mobile_app,north,retail,ios,1,0,0,3378,108.28,1901,31,16,12,3,16,0.0182,0.847,0.153,0.445,0.000634,3,355.55
2026-03-03,3,3,1,10,0,0,0,0,debit_card,mobile_app,south,premium,android,1,0,0,2694,58.12,891,13,26,14,4,16,0.0166,0.8686,0.1314,0.5798,0.000482,2,131.55
2026-03-03,3,3,1,10,0,0,0,0,debit_card,mobile_app,south,retail,android,1,0,0,3613,51.9,1329,21,21,12,3,19,0.0149,0.8643,0.1357,0.5942,0.000665,6,380.36
2026-03-03,3,3,1,10,0,0,0,0,debit_card,mobile_app,west,premium,ios,1,0,0,2589,61.31,1353,15,18,11,2,15,0.0181,0.8676,0.1324,0.4413,0.00051,1,26.18
2026-03-03,3,3,1,10,0,0,0,0,debit_card,mobile_app,west,retail,android,1,0,0,4355,71.09,2648,35,20,7,4,11,0.0203,0.8633,0.1367,0.6145,0.000711,1,131.89
2026-03-03,3,3,1,10,0,0,0,0,debit_card,web,east,premium,android,1,0,0,2081,67.57,1098,9,14,3,0,7,0.0154,0.8424,0.1576,0.4612,0.000351,1,90.44
2026-03-03,3,3,1,10,0,0,0,0,debit_card,web,east,retail,desktop,1,0,0,2083,52.59,1053,16,16,11,0,16,0.0235,0.8809,0.1191,0.3561,0.000512,2,93.02
2026-03-03,3,3,1,10,0,0,0,0,debit_card,web,north,premium,android,1,0,0,2232,97.02,1452,14,15,7,3,4,0.0233,0.8502,0.1498,0.4624,0.00038,0,0.0
2026-03-03,3,3,1,10,0,0,0,0,debit_card,web,north,retail,desktop,1,0,0,2206,57.91,1113,22,9,3,0,3,0.0238,0.8542,0.1458,0.3411,0.000515,1,59.83
2026-03-03,3,3,1,10,0,0,0,0,debit_card,web,south,premium,desktop,1,0,0,1456,60.6,548,11,14,4,2,5,0.0289,0.8516,0.1484,0.3145,0.000422,0,0.0
2026-03-03,3,3,1,10,0,0,0,0,debit_card,web,south,retail,desktop,1,0,0,1938,59.81,754,18,10,13,4,14,0.0119,0.8633,0.1367,0.3592,0.000598,3,249.19
2026-03-03,3,3,1,10,0,0,0,0,debit_card,web,west,premium,android,1,0,0,2255,69.04,787,8,18,4,2,12,0.0193,0.8484,0.1516,0.5105,0.000412,0,0.0
2026-03-03,3,3,1,10,0,0,0,0,debit_card,web,west,retail,android,1,0,0,3404,36.37,1134,20,15,9,0,10,0.0236,0.8574,0.1426,0.5283,0.000626,1,38.83
2026-03-03,3,3,1,10,0,0,0,0,digital_wallet,branch,east,premium,desktop,0,0,0,360,59.02,178,8,14,0,1,3,0.0194,0.8574,0.1426,0.2501,0.00035,0,0.0
2026-03-03,3,3,1,10,0,0,0,0,digital_wallet,branch,east,retail,desktop,0,0,0,720,84.62,248,15,10,4,2,5,0.0232,0.8602,0.1398,0.2506,0.000543,0,21.26
2026-03-03,3,3,1,10,0,0,0,0,digital_wallet,branch,north,premium,desktop,0,0,0,496,106.77,200,4,13,7,1,8,0.0282,0.8669,0.1331,0.2489,0.000398,0,32.04
2026-03-03,3,3,1,10,0,0,0,0,digital_wallet,branch,north,retail,desktop,0,0,0,723,65.17,233,15,8,7,3,8,0.0229,0.8669,0.1331,0.2228,0.00059,2,116.33
2026-03-03,3,3,1,10,0,0,0,0,digital_wallet,branch,south,premium,desktop,0,0,0,480,74.02,210,7,12,4,1,4,0.0132,0.8611,0.1389,0.1993,0.000415,0,64.98
2026-03-03,3,3,1,10,0,0,0,0,digital_wallet,branch,south,retail,desktop,0,0,0,620,100.64,195,16,6,5,2,6,0.0231,0.8771,0.1229,0.2381,0.000567,1,91.07
2026-03-03,3,3,1,10,0,0,0,0,digital_wallet,branch,west,premium,desktop,0,0,0,543,62.55,185,10,10,9,2,2,0.0176,0.8651,0.1349,0.2573,0.000432,0,0.0
2026-03-03,3,3,1,10,0,0,0,0,digital_wallet,branch,west,retail,desktop,0,0,0,665,64.64,366,13,9,8,2,2,0.0155,0.8473,0.1527,0.2561,0.000609,0,3.11
2026-03-03,3,3,1,10,0,0,0,0,digital_wallet,mobile_app,east,premium,ios,1,0,0,2248,54.24,1188,10,27,8,2,23,0.0244,0.8541,0.1459,0.4609,0.00061,2,97.98
2026-03-03,3,3,1,10,0,0,0,0,digital_wallet,mobile_app,east,retail,ios,1,0,0,3039,109.25,1774,21,17,14,4,23,0.02,0.8526,0.1474,0.4103,0.000883,6,708.86
2026-03-03,3,3,1,10,0,0,0,0,digital_wallet,mobile_app,north,premium,android,1,0,0,2331,69.53,1430,11,18,9,2,15,0.0246,0.8707,0.1293,0.6399,0.000617,2,173.52
2026-03-03,3,3,1,10,0,0,0,0,digital_wallet,mobile_app,north,retail,android,1,0,0,3548,64.85,1122,23,26,5,3,23,0.0229,0.8583,0.1417,0.6266,0.000903,3,199.01
2026-03-03,3,3,1,10,0,0,0,0,digital_wallet,mobile_app,south,premium,android,1,0,0,1863,38.53,703,12,15,7,3,8,0.0229,0.8563,0.1437,0.5564,0.000686,1,41.38
2026-03-03,3,3,1,10,0,0,0,0,digital_wallet,mobile_app,south,retail,android,1,0,0,2741,23.33,1156,19,20,10,4,12,0.0191,0.864,0.136,0.5774,0.000949,3,49.36
2026-03-03,3,3,1,10,0,0,0,0,digital_wallet,mobile_app,west,premium,android,1,0,0,2173,62.33,865,17,18,10,3,15,0.0178,0.8704,0.1296,0.5826,0.000739,2,167.28
2026-03-03,3,3,1,10,0,0,0,0,digital_wallet,mobile_app,west,retail,android,1,0,0,3062,62.73,1163,22,21,8,5,26,0.0192,0.8529,0.1471,0.6195,0.00108,5,395.22
2026-03-03,3,3,1,10,0,0,0,0,digital_wallet,web,east,premium,desktop,1,0,0,1131,42.11,376,8,13,12,1,7,0.0165,0.8451,0.1549,0.3143,0.000544,0,0.0
2026-03-03,3,3,1,10,0,0,0,0,digital_wallet,web,east,retail,ios,1,0,0,2292,64.68,1267,16,14,11,3,17,0.0172,0.8656,0.1344,0.3644,0.000786,4,290.11
2026-03-03,3,3,1,10,0,0,0,0,digital_wallet,web,north,premium,desktop,1,0,0,1413,67.64,640,9,18,2,0,7,0.0156,0.8521,0.1479,0.3215,0.000575,1,114.67
2026-03-03,3,3,1,10,0,0,0,0,digital_wallet,web,north,retail,android,1,0,0,2394,48.14,1109,16,17,5,4,7,0.0194,0.8589,0.1411,0.5158,0.000807,1,78.3
2026-03-03,3,3,1,10,0,0,0,0,digital_wallet,web,south,premium,android,1,0,0,1333,83.03,472,14,14,12,1,5,0.0221,0.8696,0.1304,0.4663,0.000579,0,0.0
2026-03-03,3,3,1,10,0,0,0,0,digital_wallet,web,south,retail,desktop,1,0,0,1608,50.56,727,17,12,5,5,3,0.019,0.851,0.149,0.3848,0.000804,0,0.0
2026-03-03,3,3,1,10,0,0,0,0,digital_wallet,web,west,premium,desktop,1,0,0,1120,92.18,395,11,14,6,0,11,0.0166,0.8588,0.1412,0.3557,0.000625,1,139.15
2026-03-03,3,3,1,10,0,0,0,0,digital_wallet,web,west,retail,desktop,1,0,0,1632,49.49,571,16,11,3,0,5,0.0229,0.8545,0.1455,0.323,0.000871,0,32.25
2026-03-04,3,4,2,10,0,0,0,0,credit_card,branch,east,premium,desktop,0,0,0,728,64.35,270,9,11,3,1,7,0.0221,0.8423,0.1577,0.2389,0.000317,0,41.74
2026-03-04,3,4,2,10,0,0,0,0,credit_card,branch,east,retail,desktop,0,0,0,962,49.25,286,23,10,5,2,8,0.0224,0.8561,0.1439,0.2135,0.000453,1,97.36
2026-03-04,3,4,2,10,0,0,0,0,credit_card,branch,north,premium,desktop,0,0,0,773,47.86,246,9,17,8,1,12,0.021,0.8545,0.1455,0.2563,0.000334,1,66.35
2026-03-04,3,4,2,10,0,0,0,0,credit_card,branch,north,retail,desktop,0,0,0,1141,165.3,721,30,13,4,0,8,0.0139,0.869,0.131,0.2243,0.000488,1,280.93
2026-03-04,3,4,2,10,0,0,0,0,credit_card,branch,south,premium,desktop,0,0,0,585,67.83,207,19,3,5,1,1,0.0204,0.8682,0.1318,0.2539,0.000372,0,0.0
2026-03-04,3,4,2,10,0,0,0,0,credit_card,branch,south,retail,desktop,0,0,0,910,110.17,362,31,14,3,0,4,0.0199,0.8515,0.1485,0.2603,0.000531,0,0.0
2026-03-04,3,4,2,10,0,0,0,0,credit_card,branch,west,premium,desktop,0,0,0,811,77.01,451,15,11,4,0,6,0.016,0.8606,0.1394,0.2997,0.000383,0,0.0
2026-03-04,3,4,2,10,0,0,0,0,credit_card,branch,west,retail,desktop,0,0,0,1108,65.41,695,26,9,3,2,6,0.0236,0.8444,0.1556,0.2627,0.00055,1,71.27
2026-03-04,3,4,2,10,0,0,0,0,credit_card,mobile_app,east,premium,android,1,0,0,3402,79.69,1029,20,28,8,1,11,0.0149,0.8634,0.1366,0.5911,0.000554,1,100.21
2026-03-04,3,4,2,10,0,0,0,0,credit_card,mobile_app,east,retail,ios,1,0,0,4042,74.44,1535,33,17,15,6,16,0.0237,0.8541,0.1459,0.4223,0.000729,4,398.55
2026-03-04,3,4,2,10,0,0,0,0,credit_card,mobile_app,north,premium,android,1,0,0,2648,138.78,1562,20,25,6,3,12,0.0139,0.8675,0.1325,0.6108,0.000566,1,176.94
2026-03-04,3,4,2,10,0,0,0,0,credit_card,mobile_app,north,retail,android,1,0,0,3954,49.24,1292,36,24,17,1,17,0.0221,0.8613,0.1387,0.6327,0.000833,4,209.56
2026-03-04,3,4,2,10,0,0,0,0,credit_card,mobile_app,south,premium,ios,1,0,0,2580,72.17,1294,24,24,13,1,5,0.0232,0.8444,0.1556,0.4606,0.000624,0,0.65
2026-03-04,3,4,2,10,0,0,0,0,credit_card,mobile_app,south,retail,android,1,0,0,4577,108.71,2632,33,21,14,7,15,0.0228,0.8474,0.1526,0.6196,0.000873,2,336.25
2026-03-04,3,4,2,10,0,0,0,0,credit_card,mobile_app,west,premium,android,1,0,0,2938,84.03,1613,18,14,9,5,14,0.0146,0.8532,0.1468,0.6365,0.000632,2,192.4
2026-03-04,3,4,2,10,0,0,0,0,credit_card,mobile_app,west,retail,ios,1,0,0,4503,69.37,1634,31,17,13,3,5,0.0258,0.8459,0.1541,0.4821,0.000874,1,144.09
2026-03-04,3,4,2,10,0,0,0,0,credit_card,web,east,premium,desktop,1,0,0,1793,65.2,535,9,9,5,0,8,0.0217,0.8527,0.1473,0.3075,0.000452,1,135.86
2026-03-04,3,4,2,10,0,0,0,0,credit_card,web,east,retail,desktop,1,0,0,2962,67.92,1012,21,16,5,4,9,0.0234,0.8582,0.1418,0.3433,0.000653,0,16.56
2026-03-04,3,4,2,10,0,0,0,0,credit_card,web,north,premium,ios,1,0,0,2181,132.42,1259,8,18,5,1,5,0.0152,0.8569,0.1431,0.332,0.000481,0,23.8
2026-03-04,3,4,2,10,0,0,0,0,credit_card,web,north,retail,desktop,1,0,0,2528,170.6,1156,27,17,4,3,6,0.0212,0.862,0.138,0.3479,0.000718,1,277.72
2026-03-04,3,4,2,10,0,0,0,0,credit_card,web,south,premium,ios,1,0,0,2072,74.51,791,12,13,7,3,7,0.0131,0.8378,0.1622,0.3111,0.000515,0,0.0
2026-03-04,3,4,2,10,0,0,0,0,credit_card,web,south,retail,desktop,1,0,0,2607,87.07,996,26,13,6,4,8,0.013,0.8639,0.1361,0.371,0.000708,2,243.81
2026-03-04,3,4,2,10,0,0,0,0,credit_card,web,west,premium,desktop,1,0,0,1831,106.86,816,12,6,12,3,5,0.0196,0.8632,0.1368,0.3507,0.000544,1,178.38
2026-03-04,3,4,2,10,0,0,0,0,credit_card,web,west,retail,ios,1,0,0,4271,93.42,1521,31,12,4,2,23,0.0204,0.8699,0.1301,0.3661,0.000785,7,721.0
2026-03-04,3,4,2,10,0,0,0,0,debit_card,branch,east,premium,desktop,0,0,0,439,33.77,232,6,13,5,0,6,0.0202,0.8637,0.1363,0.2466,0.000273,0,0.0
2026-03-04,3,4,2,10,0,0,0,0,debit_card,branch,east,retail,desktop,0,0,0,800,41.2,281,14,4,8,2,2,0.0149,0.8666,0.1334,0.2288,0.000355,0,0.0
2026-03-04,3,4,2,10,0,0,0,0,debit_card,branch,north,premium,desktop,0,0,0,597,51.24,252,10,13,5,1,12,0.0178,0.8731,0.1269,0.2135,0.000277,1,93.95
2026-03-04,3,4,2,10,0,0,0,0,debit_card,branch,north,retail,desktop,0,0,0,848,53.13,355,31,12,5,3,4,0.019,0.8545,0.1455,0.2325,0.000374,0,0.0
2026-03-04,3,4,2,10,0,0,0,0,debit_card,branch,south,premium,desktop,0,0,0,479,158.33,283,9,8,4,1,2,0.0228,0.8625,0.1375,0.2273,0.000275,0,3.1
2026-03-04,3,4,2,10,0,0,0,0,debit_card,branch,south,retail,desktop,0,0,0,773,46.06,202,29,12,4,1,11,0.0181,0.8412,0.1588,0.2566,0.000431,1,40.15
2026-03-04,3,4,2,10,0,0,0,0,debit_card,branch,west,premium,desktop,0,0,0,552,104.22,195,8,9,3,2,3,0.0189,0.8814,0.1186,0.2866,0.0003,0,0.0
2026-03-04,3,4,2,10,0,0,0,0,debit_card,branch,west,retail,desktop,0,0,0,922,43.66,373,20,9,2,0,4,0.0191,0.8554,0.1446,0.2241,0.000414,0,0.0
2026-03-04,3,4,2,10,0,0,0,0,debit_card,mobile_app,east,premium,android,1,0,0,2561,27.44,1265,14,19,7,2,11,0.0217,0.8596,0.1404,0.6379,0.000423,2,140.23
2026-03-04,3,4,2,10,0,0,0,0,debit_card,mobile_app,east,retail,android,1,0,0,4100,38.43,1346,20,18,5,2,10,0.0262,0.8651,0.1349,0.6536,0.000578,3,207.91
2026-03-04,3,4,2,10,0,0,0,0,debit_card,mobile_app,north,premium,android,1,0,0,2759,70.37,810,11,19,12,2,25,0.0165,0.8511,0.1489,0.5727,0.000449,7,474.45
2026-03-04,3,4,2,10,0,0,0,0,debit_card,mobile_app,north,retail,android,1,0,0,3920,52.68,1446,34,16,13,2,14,0.0185,0.8648,0.1352,0.6126,0.00065,5,347.0
2026-03-04,3,4,2,10,0,0,0,0,debit_card,mobile_app,south,premium,ios,1,0,0,2554,124.79,995,12,29,9,1,13,0.0197,0.8713,0.1287,0.4305,0.000472,1,139.37
2026-03-04,3,4,2,10,0,0,0,0,debit_card,mobile_app,south,retail,ios,1,0,0,3454,38.96,1608,29,20,9,1,19,0.0123,0.8543,0.1457,0.4318,0.000656,2,66.38
2026-03-04,3,4,2,10,0,0,0,0,debit_card,mobile_app,west,premium,android,1,0,0,2731,89.63,947,16,20,5,1,18,0.0179,0.8608,0.1392,0.5859,0.000484,3,150.6
2026-03-04,3,4,2,10,0,0,0,0,debit_card,mobile_app,west,retail,ios,1,0,0,3463,55.15,1063,33,18,9,3,20,0.023,0.8575,0.1425,0.399,0.000693,3,168.62
2026-03-04,3,4,2,10,0,0,0,0,debit_card,web,east,premium,ios,1,0,0,2064,48.11,707,9,11,14,3,9,0.0187,0.8433,0.1567,0.3225,0.00038,1,0.0
2026-03-04,3,4,2,10,0,0,0,0,debit_card,web,east,retail,desktop,1,0,0,1919,45.32,727,26,18,7,1,13,0.0141,0.8397,0.1603,0.3219,0.000515,3,214.2
2026-03-04,3,4,2,10,0,0,0,0,debit_card,web,north,premium,desktop,1,0,0,1445,36.26,605,15,18,4,1,11,0.0216,0.8724,0.1276,0.3216,0.000398,0,0.0
2026-03-04,3,4,2,10,0,0,0,0,debit_card,web,north,retail,desktop,1,0,0,2495,64.23,887,15,6,5,2,8,0.0162,0.8717,0.1283,0.3236,0.000508,3,112.22
2026-03-04,3,4,2,10,0,0,0,0,debit_card,web,south,premium,desktop,1,0,0,1479,56.36,560,8,13,7,1,4,0.0197,0.8543,0.1457,0.3535,0.000418,0,45.35
2026-03-04,3,4,2,10,0,0,0,0,debit_card,web,south,retail,desktop,1,0,0,1913,68.3,597,23,10,7,4,2,0.0217,0.865,0.135,0.3179,0.0006,0,0.0
2026-03-04,3,4,2,10,0,0,0,0,debit_card,web,west,premium,desktop,1,0,0,1331,51.77,611,8,22,3,1,12,0.0213,0.8701,0.1299,0.3314,0.000441,1,95.81
2026-03-04,3,4,2,10,0,0,0,0,debit_card,web,west,retail,android,1,0,0,3527,62.55,1194,23,21,7,2,15,0.018,0.8489,0.1511,0.4852,0.000612,2,72.46
2026-03-04,3,4,2,10,0,0,0,0,digital_wallet,branch,east,premium,desktop,0,0,0,457,57.4,209,7,9,3,0,2,0.0206,0.8444,0.1556,0.2699,0.000361,0,0.0
2026-03-04,3,4,2,10,0,0,0,0,digital_wallet,branch,east,retail,desktop,0,0,0,666,59.0,227,15,15,8,2,10,0.0214,0.8413,0.1587,0.2404,0.000509,1,82.47
2026-03-04,3,4,2,10,0,0,0,0,digital_wallet,branch,north,premium,desktop,0,0,0,470,117.32,191,5,10,8,2,6,0.0247,0.8537,0.1463,0.2269,0.000388,0,0.42
2026-03-04,3,4,2,10,0,0,0,0,digital_wallet,branch,north,retail,desktop,0,0,0,744,37.2,440,10,7,3,2,3,0.014,0.8567,0.1433,0.2277,0.000553,0,0.0
2026-03-04,3,4,2,10,0,0,0,0,digital_wallet,branch,south,premium,desktop,0,0,0,471,75.34,179,9,14,3,0,6,0.0174,0.8607,0.1393,0.2739,0.000419,0,0.0
2026-03-04,3,4,2,10,0,0,0,0,digital_wallet,branch,south,retail,desktop,0,0,0,731,39.6,360,13,8,4,4,5,0.0125,0.8652,0.1348,0.2789,0.000613,0,40.2
2026-03-04,3,4,2,10,0,0,0,0,digital_wallet,branch,west,premium,desktop,0,0,0,501,63.36,204,5,9,4,1,5,0.0287,0.8514,0.1486,0.2997,0.000432,0,9.04
2026-03-04,3,4,2,10,0,0,0,0,digital_wallet,branch,west,retail,desktop,0,0,0,844,87.99,341,19,9,5,0,5,0.0143,0.8501,0.1499,0.2356,0.000571,0,61.79
2026-03-04,3,4,2,10,0,0,0,0,digital_wallet,mobile_app,east,premium,ios,1,0,0,1936,46.89,1193,11,26,4,2,8,0.023,0.8476,0.1524,0.4083,0.000601,1,0.0
2026-03-04,3,4,2,10,0,0,0,0,digital_wallet,mobile_app,east,retail,android,1,0,0,2929,46.84,1818,26,21,11,3,17,0.0146,0.8641,0.1359,0.5722,0.000872,5,314.95
2026-03-04,3,4,2,10,0,0,0,0,digital_wallet,mobile_app,north,premium,ios,1,0,0,2121,71.42,1255,8,19,10,2,6,0.0248,0.855,0.145,0.4051,0.000678,0,0.0
2026-03-04,3,4,2,10,0,0,0,0,digital_wallet,mobile_app,north,retail,ios,1,0,0,3212,45.68,1513,22,18,12,3,16,0.0187,0.8616,0.1384,0.46,0.000893,4,227.53
2026-03-04,3,4,2,10,0,0,0,0,digital_wallet,mobile_app,south,premium,ios,1,0,0,2072,48.13,1301,17,27,8,2,20,0.0218,0.8595,0.1405,0.4551,0.000703,2,97.02
2026-03-04,3,4,2,10,0,0,0,0,digital_wallet,mobile_app,south,retail,android,1,0,0,3007,61.27,1412,24,28,11,7,13,0.0163,0.8762,0.1238,0.5905,0.000979,5,390.42
2026-03-04,3,4,2,10,0,0,0,0,digital_wallet,mobile_app,west,premium,android,1,0,0,2439,96.66,1624,15,21,10,4,17,0.0168,0.8429,0.1571,0.662,0.000722,2,187.6
2026-03-04,3,4,2,10,0,0,0,0,digital_wallet,mobile_app,west,retail,android,1,0,0,2963,55.32,1544,23,16,5,1,26,0.019,0.8588,0.1412,0.5897,0.000997,7,564.98
2026-03-04,3,4,2,10,0,0,0,0,digital_wallet,web,east,premium,ios,1,0,0,1619,69.47,877,9,11,8,2,2,0.0205,0.8532,0.1468,0.3278,0.000535,0,0.0
2026-03-04,3,4,2,10,0,0,0,0,digital_wallet,web,east,retail,android,1,0,0,2181,99.29,651,21,14,10,3,10,0.0179,0.8539,0.1461,0.4955,0.000773,2,210.47
2026-03-04,3,4,2,10,0,0,0,0,digital_wallet,web,north,premium,ios,1,0,0,1616,92.42,574,10,9,6,0,7,0.0151,0.8644,0.1356,0.332,0.00053,1,126.51
2026-03-04,3,4,2,10,0,0,0,0,digital_wallet,web,north,retail,ios,1,0,0,2185,80.97,927,12,14,4,3,8,0.0225,0.8684,0.1316,0.3061,0.000795,0,0.0
2026-03-04,3,4,2,10,0,0,0,0,digital_wallet,web,south,premium,desktop,1,0,0,1038,29.71,474,8,13,11,6,5,0.0196,0.8554,0.1446,0.3552,0.000596,0,0.0
2026-03-04,3,4,2,10,0,0,0,0,digital_wallet,web,south,retail,ios,1,0,0,2310,65.41,888,15,21,5,5,8,0.021,0.8589,0.1411,0.3177,0.000875,0,120.23
2026-03-04,3,4,2,10,0,0,0,0,digital_wallet,web,west,premium,ios,1,0,0,1718,69.31,1130,8,9,3,4,7,0.019,0.8697,0.1303,0.38,0.000622,1,52.88
2026-03-04,3,4,2,10,0,0,0,0,digital_wallet,web,west,retail,desktop,1,0,0,1551,33.55,805,21,12,6,3,7,0.0122,0.8479,0.1521,0.3388,0.000816,1,49.85
2026-03-05,3,5,3,10,0,0,0,0,credit_card,branch,east,premium,desktop,0,0,0,691,38.54,215,7,6,3,2,2,0.02,0.868,0.132,0.2955,0.00031,0,0.0
2026-03-05,3,5,3,10,0,0,0,0,credit_card,branch,east,retail,desktop,0,0,0,1208,55.52,480,26,11,6,1,7,0.0195,0.8543,0.1457,0.2598,0.000472,1,49.69
2026-03-05,3,5,3,10,0,0,0,0,credit_card,branch,north,premium,desktop,0,0,0,722,76.04,333,10,7,2,2,3,0.017,0.8299,0.1701,0.2204,0.000339,0,0.78
2026-03-05,3,5,3,10,0,0,0,0,credit_card,branch,north,retail,desktop,0,0,0,992,91.52,534,28,9,3,2,6,0.0218,0.8589,0.1411,0.2412,0.000477,1,183.45
2026-03-05,3,5,3,10,0,0,0,0,credit_card,branch,south,premium,desktop,0,0,0,721,87.5,281,14,9,6,2,5,0.0178,0.8582,0.1418,0.2866,0.000374,0,1.03
2026-03-05,3,5,3,10,0,0,0,0,credit_card,branch,south,retail,desktop,0,0,0,1095,114.8,485,22,14,5,1,7,0.0182,0.8679,0.1321,0.2246,0.000522,0,0.0
2026-03-05,3,5,3,10,0,0,0,0,credit_card,branch,west,premium,desktop,0,0,0,612,58.89,307,8,6,3,1,4,0.0204,0.8733,0.1267,0.2431,0.000379,0,33.3
2026-03-05,3,5,3,10,0,0,0,0,credit_card,branch,west,retail,desktop,0,0,0,1161,129.68,346,20,10,4,0,6,0.0259,0.8645,0.1355,0.2119,0.000549,0,33.11
2026-03-05,3,5,3,10,0,0,0,0,credit_card,mobile_app,east,premium,android,1,0,0,3351,62.86,2123,16,33,13,1,12,0.0172,0.8649,0.1351,0.6051,0.000558,0,0.0
2026-03-05,3,5,3,10,0,0,0,0,credit_card,mobile_app,east,retail,android,1,0,0,4643,62.39,2218,30,19,7,2,35,0.0223,0.8649,0.1351,0.5887,0.000771,10,757.34
2026-03-05,3,5,3,10,0,0,0,0,credit_card,mobile_app,north,premium,android,1,0,0,3176,43.01,1558,19,20,15,1,21,0.0203,0.8552,0.1448,0.6535,0.000557,3,112.95
2026-03-05,3,5,3,10,0,0,0,0,credit_card,mobile_app,north,retail,ios,1,0,0,4120,82.02,1226,42,10,10,1,25,0.0173,0.8565,0.1435,0.4002,0.000794,7,650.82
2026-03-05,3,5,3,10,0,0,0,0,credit_card,mobile_app,south,premium,android,1,0,0,3285,47.61,1239,16,14,12,2,13,0.0217,0.8514,0.1486,0.6183,0.000631,2,122.06
2026-03-05,3,5,3,10,0,0,0,0,credit_card,mobile_app,south,retail,ios,1,0,0,3888,116.76,1530,39,27,11,5,20,0.0218,0.8623,0.1377,0.3628,0.000883,3,368.44
2026-03-05,3,5,3,10,0,0,0,0,credit_card,mobile_app,west,premium,android,1,0,0,2728,54.4,948,17,25,9,3,23,0.0253,0.8512,0.1488,0.6288,0.000674,4,200.62
2026-03-05,3,5,3,10,0,0,0,0,credit_card,mobile_app,west,retail,ios,1,0,0,4538,109.85,1501,28,23,6,4,17,0.0242,0.8543,0.1457,0.4347,0.000873,6,934.45
2026-03-05,3,5,3,10,0,0,0,0,credit_card,web,east,premium,desktop,1,0,0,1638,62.16,632,9,13,11,3,8,0.0162,0.8613,0.1387,0.3205,0.000475,0,40.53
2026-03-05,3,5,3,10,0,0,0,0,credit_card,web,east,retail,desktop,1,0,0,2339,58.75,959,31,15,14,1,8,0.0107,0.8703,0.1297,0.3418,0.000674,1,121.83
2026-03-05,3,5,3,10,0,0,0,0,credit_card,web,north,premium,desktop,1,0,0,1819,77.9,587,17,9,13,3,5,0.0238,0.8523,0.1477,0.3026,0.000486,0,13.57
2026-03-05,3,5,3,10,0,0,0,0,credit_card,web,north,retail,desktop,1,0,0,2314,65.47,760,24,12,3,4,11,0.0207,0.8564,0.1436,0.2703,0.000674,1,152.36
2026-03-05,3,5,3,10,0,0,0,0,credit_card,web,south,premium,android,1,0,0,2592,87.14,1057,9,18,8,2,12,0.0222,0.8434,0.1566,0.5198,0.000559,2,247.77
2026-03-05,3,5,3,10,0,0,0,0,credit_card,web,south,retail,desktop,1,0,0,2464,65.01,852,27,14,4,1,10,0.0206,0.8449,0.1551,0.3235,0.00073,2,129.36
2026-03-05,3,5,3,10,0,0,0,0,credit_card,web,west,premium,android,1,0,0,3120,102.93,1147,21,15,6,4,8,0.0252,0.8483,0.1517,0.5109,0.000576,2,203.82
2026-03-05,3,5,3,10,0,0,0,0,credit_card,web,west,retail,android,1,0,0,3938,100.35,1274,21,8,12,5,9,0.0288,0.8701,0.1299,0.4795,0.000812,3,323.35
2026-03-05,3,5,3,10,0,0,0,0,debit_card,branch,east,premium,desktop,0,0,0,557,60.77,174,9,8,5,2,2,0.0088,0.8725,0.1275,0.2909,0.000239,0,0.0
2026-03-05,3,5,3,10,0,0,0,0,debit_card,branch,east,retail,desktop,0,0,0,821,55.1,364,20,7,5,0,4,0.0259,0.8534,0.1466,0.2707,0.000367,0,0.0
2026-03-05,3,5,3,10,0,0,0,0,debit_card,branch,north,premium,desktop,0,0,0,547,60.92,141,8,7,7,0,4,0.0153,0.8726,0.1274,0.2758,0.000265,0,55.54
2026-03-05,3,5,3,10,0,0,0,0,debit_card,branch,north,retail,desktop,0,0,0,871,42.37,341,15,3,9,4,2,0.0234,0.8642,0.1358,0.2469,0.000376,0,0.0
2026-03-05,3,5,3,10,0,0,0,0,debit_card,branch,south,premium,desktop,0,0,0,552,100.19,162,15,11,1,1,6,0.0167,0.8469,0.1531,0.2781,0.00027,1,88.08
2026-03-05,3,5,3,10,0,0,0,0,debit_card,branch,south,retail,desktop,0,0,0,812,69.05,401,22,10,5,0,6,0.0192,0.8699,0.1301,0.2991,0.000401,0,35.26
2026-03-05,3,5,3,10,0,0,0,0,debit_card,branch,west,premium,desktop,0,0,0,715,91.99,262,12,14,8,2,4,0.0244,0.8541,0.1459,0.2464,0.000305,0,0.0
2026-03-05,3,5,3,10,0,0,0,0,debit_card,branch,west,retail,desktop,0,0,0,871,94.57,528,23,8,6,2,2,0.0146,0.8618,0.1382,0.2811,0.000441,0,72.36
2026-03-05,3,5,3,10,0,0,0,0,debit_card,mobile_app,east,premium,android,1,0,0,2657,77.34,1264,14,22,8,3,19,0.0303,0.8696,0.1304,0.664,0.000427,3,227.92
2026-03-05,3,5,3,10,0,0,0,0,debit_card,mobile_app,east,retail,android,1,0,0,3638,42.44,1480,29,17,11,1,11,0.0202,0.8603,0.1397,0.6149,0.00061,1,26.45
2026-03-05,3,5,3,10,0,0,0,0,debit_card,mobile_app,north,premium,ios,1,0,0,2385,43.19,720,17,20,13,2,7,0.0203,0.8914,0.1086,0.4587,0.000457,1,99.56
2026-03-05,3,5,3,10,0,0,0,0,debit_card,mobile_app,north,retail,android,1,0,0,3782,65.94,2449,35,21,12,0,11,0.0221,0.891,0.109,0.7153,0.000606,3,241.43
2026-03-05,3,5,3,10,0,0,0,0,debit_card,mobile_app,south,premium,ios,1,0,0,2149,99.27,655,16,29,13,2,14,0.0142,0.8623,0.1377,0.4319,0.000482,1,77.5
2026-03-05,3,5,3,10,0,0,0,0,debit_card,mobile_app,south,retail,android,1,0,0,3591,60.92,1755,30,19,8,2,13,0.021,0.8533,0.1467,0.6273,0.000701,2,135.55
2026-03-05,3,5,3,10,0,0,0,0,debit_card,mobile_app,west,premium,ios,1,0,0,2306,106.72,1316,11,20,9,3,6,0.021,0.866,0.134,0.4461,0.00048,0,0.0
2026-03-05,3,5,3,10,0,0,0,0,debit_card,mobile_app,west,retail,ios,1,0,0,4124,57.92,2694,36,23,7,2,13,0.0189,0.8441,0.1559,0.4034,0.000685,1,9.58
2026-03-05,3,5,3,10,0,0,0,0,debit_card,web,east,premium,ios,1,0,0,2040,83.5,895,14,12,5,1,9,0.0264,0.8462,0.1538,0.3463,0.000378,1,79.72
2026-03-05,3,5,3,10,0,0,0,0,debit_card,web,east,retail,android,1,0,0,3457,84.72,1011,22,21,7,0,10,0.0194,0.8518,0.1482,0.5076,0.00055,2,268.55
2026-03-05,3,5,3,10,0,0,0,0,debit_card,web,north,premium,ios,1,0,0,2234,52.25,958,15,19,10,0,11,0.0198,0.8789,0.1211,0.2834,0.000404,2,198.36
2026-03-05,3,5,3,10,0,0,0,0,debit_card,web,north,retail,desktop,1,0,0,2179,76.78,691,21,14,3,2,11,0.0182,0.8579,0.1421,0.3142,0.000521,1,6.04
2026-03-05,3,5,3,10,0,0,0,0,debit_card,web,south,premium,desktop,1,0,0,1203,55.42,544,13,8,8,3,6,0.0199,0.851,0.149,0.3379,0.000429,1,138.16
2026-03-05,3,5,3,10,0,0,0,0,debit_card,web,south,retail,desktop,1,0,0,2141,66.38,1146,28,19,5,2,11,0.0201,0.8603,0.1397,0.2689,0.000577,1,73.57
2026-03-05,3,5,3,10,0,0,0,0,debit_card,web,west,premium,android,1,0,0,2409,48.61,1526,15,12,9,1,8,0.0262,0.8595,0.1405,0.5223,0.000417,1,24.57
2026-03-05,3,5,3,10,0,0,0,0,debit_card,web,west,retail,desktop,1,0,0,1870,38.31,855,26,18,10,1,10,0.0132,0.8628,0.1372,0.3277,0.000601,1,1.1
2026-03-05,3,5,3,10,0,0,0,0,digital_wallet,branch,east,premium,desktop,0,0,0,500,45.71,220,8,11,2,0,3,0.0232,0.8597,0.1403,0.2476,0.000367,0,55.41
2026-03-05,3,5,3,10,0,0,0,0,digital_wallet,branch,east,retail,desktop,0,0,0,703,81.23,310,14,11,6,2,6,0.0154,0.8609,0.1391,0.2358,0.000526,0,0.0
2026-03-05,3,5,3,10,0,0,0,0,digital_wallet,branch,north,premium,desktop,0,0,0,391,47.24,205,6,22,5,0,6,0.0198,0.8517,0.1483,0.1972,0.000393,1,2.82
2026-03-05,3,5,3,10,0,0,0,0,digital_wallet,branch,north,retail,desktop,0,0,0,794,78.99,260,14,8,6,2,2,0.021,0.8588,0.1412,0.2704,0.000554,0,0.0
2026-03-05,3,5,3,10,0,0,0,0,digital_wallet,branch,south,premium,desktop,0,0,0,458,70.48,166,6,8,2,2,4,0.0222,0.8601,0.1399,0.2867,0.000406,0,0.0
2026-03-05,3,5,3,10,0,0,0,0,digital_wallet,branch,south,retail,desktop,0,0,0,624,66.55,381,13,14,6,1,8,0.0202,0.865,0.135,0.245,0.000596,3,240.08
2026-03-05,3,5,3,10,0,0,0,0,digital_wallet,branch,west,premium,desktop,0,0,0,562,80.04,276,12,15,9,5,14,0.0222,0.8781,0.1219,0.2732,0.00046,1,124.51
2026-03-05,3,5,3,10,0,0,0,0,digital_wallet,branch,west,retail,desktop,0,0,0,642,59.37,197,22,19,4,4,15,0.0213,0.8614,0.1386,0.2846,0.000653,1,29.03
2026-03-05,3,5,3,10,0,0,0,0,digital_wallet,mobile_app,east,premium,android,1,0,0,2061,44.86,1264,16,20,12,2,11,0.0173,0.8684,0.1316,0.6185,0.000637,1,68.49
2026-03-05,3,5,3,10,0,0,0,0,digital_wallet,mobile_app,east,retail,ios,1,0,0,2983,88.7,949,39,21,9,4,18,0.0237,0.8456,0.1544,0.4262,0.000898,5,614.76
2026-03-05,3,5,3,10,0,0,0,0,digital_wallet,mobile_app,north,premium,ios,1,0,0,1969,46.34,1108,9,21,5,0,8,0.021,0.8609,0.1391,0.393,0.000649,0,0.0
2026-03-05,3,5,3,10,0,0,0,0,digital_wallet,mobile_app,north,retail,android,1,0,0,2861,83.83,959,22,31,5,3,27,0.0213,0.858,0.142,0.575,0.000905,5,557.08
2026-03-05,3,5,3,10,0,0,0,0,digital_wallet,mobile_app,south,premium,android,1,0,0,1937,72.45,765,12,18,14,3,10,0.0209,0.858,0.142,0.5589,0.000716,0,45.2
2026-03-05,3,5,3,10,0,0,0,0,digital_wallet,mobile_app,south,retail,ios,1,0,0,2803,36.5,1065,25,13,6,4,18,0.0188,0.8483,0.1517,0.4261,0.000941,3,117.31
2026-03-05,3,5,3,10,0,0,0,0,digital_wallet,mobile_app,west,premium,ios,1,0,0,2262,76.82,1496,8,14,14,4,20,0.0214,0.8583,0.1417,0.4053,0.000738,4,226.73
2026-03-05,3,5,3,10,0,0,0,0,digital_wallet,mobile_app,west,retail,ios,1,0,0,3177,49.42,1389,23,19,11,7,15,0.0161,0.8626,0.1374,0.4757,0.000983,3,179.41
2026-03-05,3,5,3,10,0,0,0,0,digital_wallet,web,east,premium,desktop,1,0,0,1329,76.29,474,17,15,7,3,6,0.0237,0.8427,0.1573,0.2701,0.000531,1,86.04
2026-03-05,3,5,3,10,0,0,0,0,digital_wallet,web,east,retail,android,1,0,0,2715,88.4,1646,18,16,8,3,7,0.0239,0.8444,0.1556,0.5087,0.000757,1,119.01
2026-03-05,3,5,3,10,0,0,0,0,digital_wallet,web,north,premium,desktop,1,0,0,1125,95.39,569,7,10,9,2,7,0.0281,0.8635,0.1365,0.337,0.000599,1,143.09
2026-03-05,3,5,3,10,0,0,0,0,digital_wallet,web,north,retail,ios,1,0,0,2586,61.26,971,10,14,6,0,12,0.0225,0.8594,0.1406,0.3089,0.00078,3,192.57
2026-03-05,3,5,3,10,0,0,0,0,digital_wallet,web,south,premium,desktop,1,0,0,1067,60.11,392,3,12,5,4,8,0.0216,0.8737,0.1263,0.3357,0.000578,1,37.32
2026-03-05,3,5,3,10,0,0,0,0,digital_wallet,web,south,retail,android,1,0,0,2097,47.04,973,18,12,12,4,8,0.0179,0.8429,0.1571,0.4837,0.000846,1,55.49
2026-03-05,3,5,3,10,0,0,0,0,digital_wallet,web,west,premium,desktop,1,0,0,1227,53.68,689,10,16,2,1,3,0.0152,0.8759,0.1241,0.31,0.000625,0,0.0
2026-03-05,3,5,3,10,0,0,0,0,digital_wallet,web,west,retail,desktop,1,0,0,2033,47.85,698,22,16,7,4,15,0.0167,0.8622,0.1378,0.3317,0.000863,2,113.64
2026-03-06,3,6,4,10,0,0,0,0,credit_card,branch,east,premium,desktop,0,0,0,667,61.04,367,14,11,7,0,8,0.0219,0.8407,0.1593,0.249,0.00032,1,75.93
2026-03-06,3,6,4,10,0,0,0,0,credit_card,branch,east,retail,desktop,0,0,0,1049,65.1,665,18,15,6,1,10,0.0197,0.8533,0.1467,0.2476,0.000472,1,79.22
2026-03-06,3,6,4,10,0,0,0,0,credit_card,branch,north,premium,desktop,0,0,0,677,44.83,343,21,12,13,1,6,0.0165,0.8497,0.1503,0.2367,0.00036,1,54.91
2026-03-06,3,6,4,10,0,0,0,0,credit_card,branch,north,retail,desktop,0,0,0,1113,74.96,434,33,6,8,2,4,0.0177,0.8509,0.1491,0.2177,0.000479,0,5.74
2026-03-06,3,6,4,10,0,0,0,0,credit_card,branch,south,premium,desktop,0,0,0,708,90.52,358,11,7,2,0,1,0.0145,0.8815,0.1185,0.254,0.000345,0,0.0
2026-03-06,3,6,4,10,0,0,0,0,credit_card,branch,south,retail,desktop,0,0,0,1254,64.85,496,32,7,4,4,4,0.0235,0.8748,0.1252,0.2289,0.000509,0,0.0
2026-03-06,3,6,4,10,0,0,0,0,credit_card,branch,west,premium,desktop,0,0,0,642,64.53,233,9,10,2,4,2,0.0217,0.8786,0.1214,0.2322,0.000368,0,0.0
2026-03-06,3,6,4,10,0,0,0,0,credit_card,branch,west,retail,desktop,0,0,0,1177,29.01,474,20,13,4,1,5,0.0227,0.8565,0.1435,0.2819,0.000503,1,40.84
2026-03-06,3,6,4,10,0,0,0,0,credit_card,mobile_app,east,premium,ios,1,0,0,3049,71.05,914,22,14,9,4,3,0.0201,0.8577,0.1423,0.4155,0.000543,0,44.16
2026-03-06,3,6,4,10,0,0,0,0,credit_card,mobile_app,east,retail,android,1,0,0,4340,37.78,1761,30,16,5,1,11,0.0229,0.8584,0.1416,0.5626,0.000735,1,72.14
2026-03-06,3,6,4,10,0,0,0,0,credit_card,mobile_app,north,premium,ios,1,0,0,3524,77.58,1822,17,20,11,3,20,0.0261,0.8651,0.1349,0.4219,0.00057,4,404.26
2026-03-06,3,6,4,10,0,0,0,0,credit_card,mobile_app,north,retail,ios,1,0,0,4662,68.07,1434,41,30,7,1,18,0.0179,0.855,0.145,0.373,0.000765,3,319.78
2026-03-06,3,6,4,10,0,0,0,0,credit_card,mobile_app,south,premium,ios,1,0,0,2913,57.51,945,14,33,7,0,16,0.0187,0.8512,0.1488,0.4435,0.00064,3,205.23
2026-03-06,3,6,4,10,0,0,0,0,credit_card,mobile_app,south,retail,android,1,0,0,4208,59.77,1619,43,14,6,5,15,0.0206,0.8714,0.1286,0.6076,0.000856,2,160.85
2026-03-06,3,6,4,10,0,0,0,0,credit_card,mobile_app,west,premium,ios,1,0,0,3753,48.76,1451,14,28,6,4,33,0.0157,0.8555,0.1445,0.4332,0.000654,7,446.66
2026-03-06,3,6,4,10,0,0,0,0,credit_card,mobile_app,west,retail,android,1,0,0,4944,74.89,2443,37,23,8,3,19,0.025,0.8604,0.1396,0.5476,0.000861,2,171.32
2026-03-06,3,6,4,10,0,0,0,0,credit_card,web,east,premium,desktop,1,0,0,1632,52.52,806,12,14,8,1,5,0.0222,0.8696,0.1304,0.2975,0.000505,0,0.0
2026-03-06,3,6,4,10,0,0,0,0,credit_card,web,east,retail,desktop,1,0,0,2535,36.93,773,17,7,5,3,5,0.0244,0.8633,0.1367,0.368,0.00065,2,0.0
2026-03-06,3,6,4,10,0,0,0,0,credit_card,web,north,premium,desktop,1,0,0,1695,72.23,745,9,14,4,1,6,0.0224,0.8656,0.1344,0.3325,0.000465,0,0.0
2026-03-06,3,6,4,10,0,0,0,0,credit_card,web,north,retail,desktop,1,0,0,2680,56.91,849,22,17,8,5,10,0.0203,0.8575,0.1425,0.3086,0.000687,2,109.85
2026-03-06,3,6,4,10,0,0,0,0,credit_card,web,south,premium,desktop,1,0,0,1699,51.85,1106,18,12,6,0,7,0.0171,0.8711,0.1289,0.3392,0.000521,0,0.0
2026-03-06,3,6,4,10,0,0,0,0,credit_card,web,south,retail,ios,1,0,0,3299,72.35,1392,17,17,14,1,11,0.0164,0.8357,0.1643,0.3307,0.000728,2,152.04
2026-03-06,3,6,4,10,0,0,0,0,credit_card,web,west,premium,desktop,1,0,0,1968,66.95,601,13,19,5,0,14,0.0213,0.8574,0.1426,0.3356,0.000583,2,253.5
2026-03-06,3,6,4,10,0,0,0,0,credit_card,web,west,retail,ios,1,0,0,3694,70.45,1459,28,13,9,1,12,0.0208,0.861,0.139,0.3705,0.000762,4,427.58
2026-03-06,3,6,4,10,0,0,0,0,debit_card,branch,east,premium,desktop,0,0,0,576,66.22,198,11,13,3,3,6,0.0236,0.8501,0.1499,0.2231,0.000268,0,0.0
2026-03-06,3,6,4,10,0,0,0,0,debit_card,branch,east,retail,desktop,0,0,0,908,32.43,566,26,15,6,0,4,0.0273,0.8675,0.1325,0.2961,0.000356,0,0.0
2026-03-06,3,6,4,10,0,0,0,0,debit_card,branch,north,premium,desktop,0,0,0,540,64.38,359,16,16,6,3,6,0.0201,0.8602,0.1398,0.2694,0.000271,1,117.68
2026-03-06,3,6,4,10,0,0,0,0,debit_card,branch,north,retail,desktop,0,0,0,857,41.24,465,19,6,3,2,4,0.0083,0.852,0.148,0.2801,0.000353,0,15.48
2026-03-06,3,6,4,10,0,0,0,0,debit_card,branch,south,premium,desktop,0,0,0,542,37.37,241,8,9,4,0,7,0.0191,0.8613,0.1387,0.2959,0.000287,1,29.17
2026-03-06,3,6,4,10,0,0,0,0,debit_card,branch,south,retail,desktop,0,0,0,728,84.62,329,22,10,4,1,5,0.0118,0.8727,0.1273,0.24,0.000403,0,0.0
2026-03-06,3,6,4,10,0,0,0,0,debit_card,branch,west,premium,desktop,0,0,0,599,39.19,342,10,11,7,2,7,0.0125,0.8533,0.1467,0.2119,0.000306,0,31.64
2026-03-06,3,6,4,10,0,0,0,0,debit_card,branch,west,retail,desktop,0,0,0,1082,40.29,454,23,10,4,1,7,0.0125,0.8557,0.1443,0.2927,0.000441,1,15.27
2026-03-06,3,6,4,10,0,0,0,0,debit_card,mobile_app,east,premium,ios,1,0,0,2239,61.78,1344,15,16,11,2,8,0.0128,0.8825,0.1175,0.4561,0.000423,0,0.0
2026-03-06,3,6,4,10,0,0,0,0,debit_card,mobile_app,east,retail,ios,1,0,0,3403,98.14,1075,29,26,10,3,12,0.0202,0.874,0.126,0.4582,0.000607,3,328.24
2026-03-06,3,6,4,10,0,0,0,0,debit_card,mobile_app,north,premium,ios,1,0,0,2541,115.04,778,17,22,14,0,12,0.0187,0.86,0.14,0.3908,0.000446,1,179.89
2026-03-06,3,6,4,10,0,0,0,0,debit_card,mobile_app,north,retail,android,1,0,0,3864,51.63,1524,25,13,9,2,11,0.0256,0.8391,0.1609,0.625,0.000613,2,89.12
2026-03-06,3,6,4,10,0,0,0,0,debit_card,mobile_app,south,premium,android,1,0,0,2416,53.49,964,13,20,12,4,14,0.0237,0.8522,0.1478,0.5725,0.00049,2,105.29
2026-03-06,3,6,4,10,0,0,0,0,debit_card,mobile_app,south,retail,android,1,0,0,3905,71.63,2337,20,20,8,2,18,0.0134,0.8552,0.1448,0.6286,0.000663,3,174.61
2026-03-06,3,6,4,10,0,0,0,0,debit_card,mobile_app,west,premium,android,1,0,0,2769,49.13,1676,27,17,8,1,15,0.0158,0.8718,0.1282,0.59,0.000509,2,133.87
2026-03-06,3,6,4,10,0,0,0,0,debit_card,mobile_app,west,retail,ios,1,0,0,3322,51.19,1185,29,13,6,2,16,0.0248,0.8608,0.1392,0.4759,0.000665,5,278.45
2026-03-06,3,6,4,10,0,0,0,0,debit_card,web,east,premium,desktop,1,0,0,1372,76.11,640,7,9,3,1,6,0.0187,0.8767,0.1233,0.3241,0.00036,0,3.29
2026-03-06,3,6,4,10,0,0,0,0,debit_card,web,east,retail,desktop,1,0,0,1860,89.08,587,19,21,7,1,9,0.0211,0.8674,0.1326,0.3813,0.000528,0,0.0
2026-03-06,3,6,4,10,0,0,0,0,debit_card,web,north,premium,ios,1,0,0,2373,44.84,1054,8,16,8,1,10,0.0167,0.8681,0.1319,0.3495,0.000375,1,20.64
2026-03-06,3,6,4,10,0,0,0,0,debit_card,web,north,retail,desktop,1,0,0,2630,68.72,1111,22,12,7,1,8,0.0152,0.8663,0.1337,0.3156,0.000535,0,0.0
2026-03-06,3,6,4,10,0,0,0,0,debit_card,web,south,premium,desktop,1,0,0,1341,63.19,677,7,13,9,1,6,0.0267,0.8568,0.1432,0.2883,0.000415,0,2.39
2026-03-06,3,6,4,10,0,0,0,0,debit_card,web,south,retail,desktop,1,0,0,2277,64.1,1457,21,14,6,2,13,0.0218,0.8899,0.1101,0.3523,0.000583,2,204.24
2026-03-06,3,6,4,10,0,0,0,0,debit_card,web,west,premium,desktop,1,0,0,1557,58.77,445,13,17,6,2,3,0.0244,0.8705,0.1295,0.2947,0.000443,0,0.0
2026-03-06,3,6,4,10,0,0,0,0,debit_card,web,west,retail,desktop,1,0,0,2322,34.62,762,17,20,6,3,13,0.0186,0.878,0.122,0.3562,0.000621,1,11.65
2026-03-06,3,6,4,10,0,0,0,0,digital_wallet,branch,east,premium,desktop,0,0,0,411,43.57,133,16,11,5,3,11,0.0265,0.8668,0.1332,0.2604,0.000389,2,90.34
2026-03-06,3,6,4,10,0,0,0,0,digital_wallet,branch,east,retail,desktop,0,0,0,635,34.47,354,18,12,4,3,5,0.0184,0.8493,0.1507,0.2549,0.000504,1,2.88
2026-03-06,3,6,4,10,0,0,0,0,digital_wallet,branch,north,premium,desktop,0,0,0,559,63.86,212,13,13,3,0,5,0.0197,0.8602,0.1398,0.1866,0.000397,0,0.0
2026-03-06,3,6,4,10,0,0,0,0,digital_wallet,branch,north,retail,desktop,0,0,0,811,61.13,420,21,13,1,1,7,0.0169,0.8695,0.1305,0.2852,0.00054,0,24.49
2026-03-06,3,6,4,10,0,0,0,0,digital_wallet,branch,south,premium,desktop,0,0,0,461,104.69,181,10,10,5,2,2,0.0223,0.8487,0.1513,0.2192,0.000418,0,0.0
2026-03-06,3,6,4,10,0,0,0,0,digital_wallet,branch,south,retail,desktop,0,0,0,639,24.01,368,15,9,6,1,2,0.0219,0.8383,0.1617,0.2613,0.000578,0,15.23
2026-03-06,3,6,4,10,0,0,0,0,digital_wallet,branch,west,premium,desktop,0,0,0,580,72.98,301,7,10,7,4,2,0.0215,0.8491,0.1509,0.2129,0.000446,0,0.0
2026-03-06,3,6,4,10,0,0,0,0,digital_wallet,branch,west,retail,desktop,0,0,0,757,68.11,271,15,13,2,2,8,0.0222,0.849,0.151,0.2726,0.000628,0,61.94
2026-03-06,3,6,4,10,0,0,0,0,digital_wallet,mobile_app,east,premium,ios,1,0,0,1940,55.19,1047,4,15,14,3,8,0.0229,0.8663,0.1337,0.4657,0.000587,0,34.12
2026-03-06,3,6,4,10,0,0,0,0,digital_wallet,mobile_app,east,retail,android,1,0,0,2616,71.22,1589,20,26,7,2,32,0.0231,0.8483,0.1517,0.6844,0.000909,4,245.02
2026-03-06,3,6,4,10,0,0,0,0,digital_wallet,mobile_app,north,premium,android,1,0,0,2095,120.48,836,8,29,12,1,22,0.0217,0.8699,0.1301,0.5692,0.00063,2,276.35
2026-03-06,3,6,4,10,0,0,0,0,digital_wallet,mobile_app,north,retail,android,1,0,0,3159,48.34,1849,24,16,11,1,9,0.0242,0.8543,0.1457,0.5642,0.000895,1,69.01
2026-03-06,3,6,4,10,0,0,0,0,digital_wallet,mobile_app,south,premium,android,1,0,0,1913,78.4,669,8,28,16,2,18,0.0196,0.8661,0.1339,0.6507,0.000713,3,330.21
2026-03-06,3,6,4,10,0,0,0,0,digital_wallet,mobile_app,south,retail,ios,1,0,0,2840,70.13,1415,19,22,9,2,15,0.0176,0.864,0.136,0.4476,0.000993,2,73.56
2026-03-06,3,6,4,10,0,0,0,0,digital_wallet,mobile_app,west,premium,android,1,0,0,2089,57.62,754,14,26,8,1,14,0.0186,0.8624,0.1376,0.638,0.000763,2,142.51
2026-03-06,3,6,4,10,0,0,0,0,digital_wallet,mobile_app,west,retail,android,1,0,0,2777,57.22,1564,27,19,9,7,11,0.0184,0.853,0.147,0.6206,0.00107,0,69.1
2026-03-06,3,6,4,10,0,0,0,0,digital_wallet,web,east,premium,desktop,1,0,0,1145,72.93,354,8,12,7,1,11,0.0113,0.8631,0.1369,0.3928,0.000536,1,104.13
2026-03-06,3,6,4,10,0,0,0,0,digital_wallet,web,east,retail,desktop,1,0,0,1756,45.4,909,12,10,7,2,8,0.0179,0.8577,0.1423,0.315,0.000744,1,0.0
2026-03-06,3,6,4,10,0,0,0,0,digital_wallet,web,north,premium,desktop,1,0,0,1159,73.15,464,5,12,4,2,8,0.0206,0.8546,0.1454,0.3396,0.000558,1,94.11
2026-03-06,3,6,4,10,0,0,0,0,digital_wallet,web,north,retail,ios,1,0,0,2455,48.18,870,15,15,7,0,6,0.0234,0.8493,0.1507,0.3425,0.000792,1,35.11
2026-03-06,3,6,4,10,0,0,0,0,digital_wallet,web,south,premium,ios,1,0,0,1751,49.79,681,9,13,3,8,8,0.0176,0.851,0.149,0.358,0.000624,1,63.17
2026-03-06,3,6,4,10,0,0,0,0,digital_wallet,web,south,retail,desktop,1,0,0,1563,43.2,465,21,13,7,1,13,0.0074,0.8795,0.1205,0.2995,0.000817,2,66.95
2026-03-06,3,6,4,10,0,0,0,0,digital_wallet,web,west,premium,desktop,1,0,0,1203,89.05,364,9,15,7,4,9,0.0244,0.8571,0.1429,0.3208,0.000655,0,59.93
2026-03-06,3,6,4,10,0,0,0,0,digital_wallet,web,west,retail,ios,1,0,0,2734,80.41,1172,17,15,2,2,17,0.0175,0.8601,0.1399,0.3437,0.000834,6,511.82
2026-03-07,3,7,5,10,1,0,0,0,credit_card,branch,east,premium,desktop,0,0,0,632,122.33,342,7,11,8,1,5,0.0187,0.8549,0.1451,0.2307,0.000338,0,88.0
2026-03-07,3,7,5,10,1,0,0,0,credit_card,branch,east,retail,desktop,0,0,0,948,77.48,316,29,13,5,0,6,0.0202,0.8572,0.1428,0.2405,0.000456,0,16.54
2026-03-07,3,7,5,10,1,0,0,0,credit_card,branch,north,premium,desktop,0,0,0,603,143.6,180,16,12,3,1,6,0.0235,0.8433,0.1567,0.2045,0.000342,0,38.75
2026-03-07,3,7,5,10,1,0,0,0,credit_card,branch,north,retail,desktop,0,0,0,826,62.47,273,28,12,5,0,6,0.0216,0.8546,0.1454,0.2413,0.000484,0,0.0
2026-03-07,3,7,5,10,1,0,0,0,credit_card,branch,south,premium,desktop,0,0,0,565,71.98,229,11,11,2,0,7,0.0202,0.8588,0.1412,0.2216,0.000377,0,0.0
2026-03-07,3,7,5,10,1,0,0,0,credit_card,branch,south,retail,desktop,0,0,0,782,26.46,355,30,12,1,3,2,0.0174,0.8526,0.1474,0.2467,0.000506,0,0.0
2026-03-07,3,7,5,10,1,0,0,0,credit_card,branch,west,premium,desktop,0,0,0,753,126.38,244,13,9,4,1,11,0.0196,0.8588,0.1412,0.2318,0.000404,2,269.37
2026-03-07,3,7,5,10,1,0,0,0,credit_card,branch,west,retail,desktop,0,0,0,921,73.93,359,22,10,4,4,7,0.0174,0.8511,0.1489,0.2652,0.000534,1,127.79
2026-03-07,3,7,5,10,1,0,0,0,credit_card,mobile_app,east,premium,ios,1,0,0,2706,78.03,1570,21,22,11,3,11,0.0257,0.8597,0.1403,0.3455,0.000572,2,208.1
2026-03-07,3,7,5,10,1,0,0,0,credit_card,mobile_app,east,retail,android,1,0,0,3747,70.48,2411,28,9,9,2,12,0.0202,0.851,0.149,0.6616,0.000759,2,151.44
2026-03-07,3,7,5,10,1,0,0,0,credit_card,mobile_app,north,premium,android,1,0,0,2618,61.97,888,18,22,15,1,27,0.0236,0.8448,0.1552,0.6388,0.000585,4,344.04
2026-03-07,3,7,5,10,1,0,0,0,credit_card,mobile_app,north,retail,android,1,0,0,4089,110.45,1279,32,27,7,2,21,0.0217,0.8547,0.1453,0.6439,0.000814,1,176.75
2026-03-07,3,7,5,10,1,0,0,0,credit_card,mobile_app,south,premium,ios,1,0,0,2716,59.9,943,19,26,13,1,7,0.0179,0.8534,0.1466,0.4082,0.000634,0,0.0
2026-03-07,3,7,5,10,1,0,0,0,credit_card,mobile_app,south,retail,ios,1,0,0,3505,109.91,1025,47,20,10,8,8,0.0145,0.8685,0.1315,0.4524,0.000872,0,38.93
2026-03-07,3,7,5,10,1,0,0,0,credit_card,mobile_app,west,premium,android,1,0,0,3263,101.56,1034,20,25,8,1,19,0.0168,0.8495,0.1505,0.6016,0.000659,4,429.45
2026-03-07,3,7,5,10,1,0,0,0,credit_card,mobile_app,west,retail,android,1,0,0,4165,38.83,1546,31,21,3,4,17,0.0199,0.8628,0.1372,0.6799,0.000913,4,156.23
2026-03-07,3,7,5,10,1,0,0,0,credit_card,web,east,premium,ios,1,0,0,2397,59.67,715,16,14,6,3,7,0.0179,0.8744,0.1256,0.335,0.000463,0,0.0
2026-03-07,3,7,5,10,1,0,0,0,credit_card,web,east,retail,desktop,1,0,0,2328,100.87,1313,24,16,7,1,8,0.0224,0.845,0.155,0.3127,0.000657,2,188.06
2026-03-07,3,7,5,10,1,0,0,0,credit_card,web,north,premium,android,1,0,0,2461,63.63,807,16,13,8,1,9,0.0229,0.8572,0.1428,0.5044,0.000504,2,188.09
2026-03-07,3,7,5,10,1,0,0,0,credit_card,web,north,retail,android,1,0,0,3401,47.83,1771,24,12,6,2,14,0.018,0.8644,0.1356,0.5512,0.000704,3,267.08
2026-03-07,3,7,5,10,1,0,0,0,credit_card,web,south,premium,ios,1,0,0,2083,135.39,1179,8,12,4,1,7,0.0234,0.8528,0.1472,0.3581,0.000538,0,0.0
2026-03-07,3,7,5,10,1,0,0,0,credit_card,web,south,retail,ios,1,0,0,3192,108.45,1086,17,15,9,3,17,0.0258,0.8461,0.1539,0.3523,0.000765,3,475.95
2026-03-07,3,7,5,10,1,0,0,0,credit_card,web,west,premium,desktop,1,0,0,1819,106.15,965,10,22,6,3,21,0.0208,0.8378,0.1622,0.3518,0.000554,4,640.1
2026-03-07,3,7,5,10,1,0,0,0,credit_card,web,west,retail,desktop,1,0,0,2617,49.24,823,28,15,6,3,13,0.0261,0.8439,0.1561,0.3602,0.000795,2,105.92
2026-03-07,3,7,5,10,1,0,0,0,debit_card,branch,east,premium,desktop,0,0,0,566,59.04,262,7,15,7,0,8,0.0244,0.8605,0.1395,0.2804,0.000251,0,0.0
2026-03-07,3,7,5,10,1,0,0,0,debit_card,branch,east,retail,desktop,0,0,0,693,47.04,196,18,9,3,1,6,0.0203,0.8427,0.1573,0.2796,0.000363,0,4.34
2026-03-07,3,7,5,10,1,0,0,0,debit_card,branch,north,premium,desktop,0,0,0,525,70.59,244,9,12,4,0,3,0.0184,0.8478,0.1522,0.2454,0.000253,0,35.69
2026-03-07,3,7,5,10,1,0,0,0,debit_card,branch,north,retail,desktop,0,0,0,753,40.72,311,9,8,7,1,9,0.0131,0.8483,0.1517,0.2811,0.00038,1,89.09
2026-03-07,3,7,5,10,1,0,0,0,debit_card,branch,south,premium,desktop,0,0,0,509,31.9,157,12,11,7,2,6,0.0244,0.8353,0.1647,0.3024,0.000295,0,0.0
2026-03-07,3,7,5,10,1,0,0,0,debit_card,branch,south,retail,desktop,0,0,0,701,68.61,240,19,11,4,2,2,0.0198,0.8581,0.1419,0.2308,0.000394,0,0.0
2026-03-07,3,7,5,10,1,0,0,0,debit_card,branch,west,premium,desktop,0,0,0,634,44.52,214,9,13,4,0,7,0.0174,0.8367,0.1633,0.2813,0.000314,0,0.0
2026-03-07,3,7,5,10,1,0,0,0,debit_card,branch,west,retail,desktop,0,0,0,783,54.15,291,24,1,5,2,1,0.0216,0.8433,0.1567,0.2392,0.000408,0,21.34
2026-03-07,3,7,5,10,1,0,0,0,debit_card,mobile_app,east,premium,android,1,0,0,2295,83.86,965,15,28,11,3,16,0.0196,0.8548,0.1452,0.6264,0.000435,0,1.15
2026-03-07,3,7,5,10,1,0,0,0,debit_card,mobile_app,east,retail,ios,1,0,0,2788,62.7,994,24,20,9,2,15,0.0189,0.84,0.16,0.433,0.000597,3,211.94
2026-03-07,3,7,5,10,1,0,0,0,debit_card,mobile_app,north,premium,android,1,0,0,2113,55.73,655,14,24,12,2,7,0.0207,0.8718,0.1282,0.606,0.000429,1,54.64
2026-03-07,3,7,5,10,1,0,0,0,debit_card,mobile_app,north,retail,ios,1,0,0,2811,48.38,1125,38,19,2,4,16,0.0167,0.8576,0.1424,0.4205,0.000603,2,142.47
2026-03-07,3,7,5,10,1,0,0,0,debit_card,mobile_app,south,premium,android,1,0,0,2287,39.16,816,15,32,17,2,21,0.0137,0.8512,0.1488,0.5768,0.000482,0,0.0
2026-03-07,3,7,5,10,1,0,0,0,debit_card,mobile_app,south,retail,android,1,0,0,3572,52.28,1050,33,22,8,1,16,0.0229,0.8549,0.1451,0.6145,0.00066,4,171.6
2026-03-07,3,7,5,10,1,0,0,0,debit_card,mobile_app,west,premium,android,1,0,0,2548,53.92,1511,14,19,8,2,5,0.0248,0.8709,0.1291,0.5852,0.000506,0,0.0
2026-03-07,3,7,5,10,1,0,0,0,debit_card,mobile_app,west,retail,android,1,0,0,3392,64.23,1604,25,25,11,2,18,0.0191,0.8586,0.1414,0.5654,0.000735,1,106.08
2026-03-07,3,7,5,10,1,0,0,0,debit_card,web,east,premium,ios,1,0,0,1783,74.41,603,8,15,10,1,7,0.0171,0.8508,0.1492,0.324,0.000369,1,90.9
2026-03-07,3,7,5,10,1,0,0,0,debit_card,web,east,retail,android,1,0,0,3053,47.91,1606,23,17,12,3,11,0.0167,0.8556,0.1444,0.4588,0.000514,2,150.41
2026-03-07,3,7,5,10,1,0,0,0,debit_card,web,north,premium,desktop,1,0,0,1479,40.35,706,10,24,5,2,15,0.025,0.8364,0.1636,0.325,0.000393,0,33.89
2026-03-07,3,7,5,10,1,0,0,0,debit_card,web,north,retail,desktop,1,0,0,1693,44.63,598,21,11,2,0,13,0.0245,0.8508,0.1492,0.3386,0.000522,2,88.31
2026-03-07,3,7,5,10,1,0,0,0,debit_card,web,south,premium,android,1,0,0,1646,45.64,502,12,13,5,3,5,0.0177,0.8514,0.1486,0.4762,0.000405,1,0.0
2026-03-07,3,7,5,10,1,0,0,0,debit_card,web,south,retail,desktop,1,0,0,2026,40.55,673,20,16,5,0,7,0.021,0.8725,0.1275,0.345,0.000565,2,77.02
2026-03-07,3,7,5,10,1,0,0,0,debit_card,web,west,premium,android,1,0,0,1949,79.47,704,8,20,6,0,12,0.0192,0.8479,0.1521,0.508,0.000429,0,6.88
2026-03-07,3,7,5,10,1,0,0,0,debit_card,web,west,retail,desktop,1,0,0,1989,55.7,650,18,17,7,2,10,0.0216,0.8567,0.1433,0.2825,0.000625,1,92.42
2026-03-07,3,7,5,10,1,0,0,0,digital_wallet,branch,east,premium,desktop,0,0,0,490,98.14,214,8,17,4,2,7,0.0232,0.855,0.145,0.2377,0.00038,0,0.0
2026-03-07,3,7,5,10,1,0,0,0,digital_wallet,branch,east,retail,desktop,0,0,0,669,63.58,187,15,6,4,2,6,0.0154,0.8535,0.1465,0.2361,0.000532,1,107.22
2026-03-07,3,7,5,10,1,0,0,0,digital_wallet,branch,north,premium,desktop,0,0,0,430,65.89,171,9,11,4,0,6,0.0201,0.8342,0.1658,0.2637,0.000371,1,99.15
2026-03-07,3,7,5,10,1,0,0,0,digital_wallet,branch,north,retail,desktop,0,0,0,607,71.47,252,24,8,6,2,2,0.0191,0.8433,0.1567,0.263,0.000573,0,0.0
2026-03-07,3,7,5,10,1,0,0,0,digital_wallet,branch,south,premium,desktop,0,0,0,446,96.75,268,18,12,4,2,6,0.0216,0.8512,0.1488,0.2102,0.000407,0,0.0
2026-03-07,3,7,5,10,1,0,0,0,digital_wallet,branch,south,retail,desktop,0,0,0,570,64.58,177,16,12,6,3,5,0.0184,0.8565,0.1435,0.2056,0.000573,1,40.21
2026-03-07,3,7,5,10,1,0,0,0,digital_wallet,branch,west,premium,desktop,0,0,0,507,45.35,224,7,12,6,2,6,0.0227,0.8484,0.1516,0.2711,0.000442,1,43.57
2026-03-07,3,7,5,10,1,0,0,0,digital_wallet,branch,west,retail,desktop,0,0,0,583,120.22,359,22,12,2,2,3,0.0184,0.86,0.14,0.2292,0.000611,0,43.8
2026-03-07,3,7,5,10,1,0,0,0,digital_wallet,mobile_app,east,premium,android,1,0,0,1917,32.18,635,12,14,8,4,12,0.0114,0.8509,0.1491,0.6338,0.000645,2,71.89
2026-03-07,3,7,5,10,1,0,0,0,digital_wallet,mobile_app,east,retail,ios,1,0,0,2857,36.32,1548,28,21,7,2,17,0.0193,0.8445,0.1555,0.3665,0.000888,3,73.39
2026-03-07,3,7,5,10,1,0,0,0,digital_wallet,mobile_app,north,premium,ios,1,0,0,1731,68.87,997,12,24,10,1,7,0.0191,0.8507,0.1493,0.4634,0.000639,0,0.0
2026-03-07,3,7,5,10,1,0,0,0,digital_wallet,mobile_app,north,retail,android,1,0,0,2539,34.44,1094,19,17,7,3,13,0.0219,0.856,0.144,0.5748,0.000874,2,114.59
2026-03-07,3,7,5,10,1,0,0,0,digital_wallet,mobile_app,south,premium,android,1,0,0,1606,52.2,567,14,23,7,3,9,0.0165,0.8434,0.1566,0.6022,0.000703,2,87.52
2026-03-07,3,7,5,10,1,0,0,0,digital_wallet,mobile_app,south,retail,ios,1,0,0,2468,61.2,941,22,12,9,3,7,0.0229,0.8548,0.1452,0.4339,0.000998,1,8.77
2026-03-07,3,7,5,10,1,0,0,0,digital_wallet,mobile_app,west,premium,android,1,0,0,2341,85.7,1243,17,24,15,1,10,0.0219,0.8615,0.1385,0.6484,0.000734,2,165.06
2026-03-07,3,7,5,10,1,0,0,0,digital_wallet,mobile_app,west,retail,ios,1,0,0,2802,62.87,1279,17,18,8,6,13,0.0155,0.8545,0.1455,0.3885,0.001053,1,43.82
2026-03-07,3,7,5,10,1,0,0,0,digital_wallet,web,east,premium,desktop,1,0,0,1044,49.87,467,8,17,8,4,12,0.0234,0.8473,0.1527,0.3561,0.000534,2,71.46
2026-03-07,3,7,5,10,1,0,0,0,digital_wallet,web,east,retail,ios,1,0,0,2100,47.13,1137,19,12,7,3,8,0.022,0.8465,0.1535,0.3371,0.00075,1,52.26
2026-03-07,3,7,5,10,1,0,0,0,digital_wallet,web,north,premium,ios,1,0,0,1366,41.73,445,11,14,9,1,9,0.021,0.8677,0.1323,0.3445,0.000579,1,52.71
2026-03-07,3,7,5,10,1,0,0,0,digital_wallet,web,north,retail,desktop,1,0,0,2040,36.92,640,16,14,5,0,10,0.0138,0.8496,0.1504,0.3684,0.000793,1,12.19
2026-03-07,3,7,5,10,1,0,0,0,digital_wallet,web,south,premium,desktop,1,0,0,1049,25.07,334,8,18,3,2,9,0.0183,0.8407,0.1593,0.3244,0.000631,0,0.0
2026-03-07,3,7,5,10,1,0,0,0,digital_wallet,web,south,retail,ios,1,0,0,2257,37.43,935,20,23,6,1,19,0.0214,0.8352,0.1648,0.3509,0.0009,2,96.5
2026-03-07,3,7,5,10,1,0,0,0,digital_wallet,web,west,premium,desktop,1,0,0,1178,111.23,510,12,31,4,1,9,0.0264,0.8432,0.1568,0.3283,0.000687,0,25.95
2026-03-07,3,7,5,10,1,0,0,0,digital_wallet,web,west,retail,desktop,1,0,0,1563,50.18,522,19,10,7,2,10,0.02,0.8474,0.1526,0.306,0.000877,2,144.79
2026-03-08,3,8,6,10,1,0,0,1,credit_card,branch,east,premium,desktop,0,0,0,520,64.14,141,15,12,2,1,5,0.0216,0.8565,0.1435,0.264,0.000336,0,7.25
2026-03-08,3,8,6,10,1,0,0,1,credit_card,branch,east,retail,desktop,0,0,0,749,65.59,358,19,10,5,2,9,0.0197,0.8343,0.1657,0.2745,0.000458,1,0.0
2026-03-08,3,8,6,10,1,0,0,1,credit_card,branch,north,premium,desktop,0,0,0,580,63.5,213,11,13,2,0,9,0.0229,0.8541,0.1459,0.2692,0.000336,1,104.97
2026-03-08,3,8,6,10,1,0,0,1,credit_card,branch,north,retail,desktop,0,0,0,666,136.42,254,34,5,3,1,2,0.0169,0.8431,0.1569,0.2676,0.000472,0,1.04
2026-03-08,3,8,6,10,1,0,0,1,credit_card,branch,south,premium,desktop,0,0,0,494,73.53,208,12,10,5,0,4,0.0248,0.8424,0.1576,0.3432,0.000356,0,16.25
2026-03-08,3,8,6,10,1,0,0,1,credit_card,branch,south,retail,desktop,0,0,0,660,61.47,229,35,12,5,4,8,0.0207,0.8639,0.1361,0.2155,0.000551,0,7.17
2026-03-08,3,8,6,10,1,0,0,1,credit_card,branch,west,premium,desktop,0,0,0,474,91.22,216,11,12,3,2,4,0.0175,0.8431,0.1569,0.2592,0.000397,0,0.0
2026-03-08,3,8,6,10,1,0,0,1,credit_card,branch,west,retail,desktop,0,0,0,839,48.36,498,22,14,9,1,4,0.028,0.8408,0.1592,0.2051,0.000555,0,0.11
2026-03-08,3,8,6,10,1,0,0,1,credit_card,mobile_app,east,premium,ios,1,0,0,1903,103.61,631,21,19,10,0,8,0.021,0.8441,0.1559,0.4746,0.000576,0,26.64
2026-03-08,3,8,6,10,1,0,0,1,credit_card,mobile_app,east,retail,ios,1,0,0,2925,55.0,1250,32,15,10,4,22,0.019,0.8486,0.1514,0.4325,0.0008,5,281.75
2026-03-08,3,8,6,10,1,0,0,1,credit_card,mobile_app,north,premium,ios,1,0,0,2698,80.25,1136,22,28,12,3,8,0.0149,0.864,0.136,0.496,0.000564,0,12.84
2026-03-08,3,8,6,10,1,0,0,1,credit_card,mobile_app,north,retail,ios,1,0,0,3615,56.36,1665,33,22,10,3,17,0.0226,0.8576,0.1424,0.4355,0.00081,3,130.59
2026-03-08,3,8,6,10,1,0,0,1,credit_card,mobile_app,south,premium,ios,1,0,0,2034,70.54,1348,16,29,11,0,9,0.0151,0.8503,0.1497,0.4516,0.000625,1,119.25
2026-03-08,3,8,6,10,1,0,0,1,credit_card,mobile_app,south,retail,android,1,0,0,3033,91.78,1944,28,23,5,2,16,0.029,0.831,0.169,0.6051,0.00081,3,301.55
2026-03-08,3,8,6,10,1,0,0,1,credit_card,mobile_app,west,premium,android,1,0,0,2396,128.75,805,15,27,10,3,9,0.0186,0.8435,0.1565,0.5876,0.000662,0,1.28
2026-03-08,3,8,6,10,1,0,0,1,credit_card,mobile_app,west,retail,ios,1,0,0,3215,31.15,1510,39,25,10,1,19,0.0175,0.8599,0.1401,0.4261,0.000896,2,53.01
2026-03-08,3,8,6,10,1,0,0,1,credit_card,web,east,premium,ios,1,0,0,1981,113.87,590,11,16,4,1,6,0.0227,0.8723,0.1277,0.2949,0.000466,0,14.66
2026-03-08,3,8,6,10,1,0,0,1,credit_card,web,east,retail,desktop,1,0,0,1783,43.38,678,27,22,11,0,8,0.0253,0.8622,0.1378,0.3952,0.000673,0,14.98
2026-03-08,3,8,6,10,1,0,0,1,credit_card,web,north,premium,ios,1,0,0,2108,55.38,1166,14,8,5,0,4,0.0168,0.863,0.137,0.3437,0.000472,1,98.41
2026-03-08,3,8,6,10,1,0,0,1,credit_card,web,north,retail,ios,1,0,0,2779,56.96,885,30,9,10,0,14,0.0194,0.8638,0.1362,0.3297,0.000645,3,287.73
2026-03-08,3,8,6,10,1,0,0,1,credit_card,web,south,premium,ios,1,0,0,1590,97.16,997,13,20,2,1,3,0.0184,0.8586,0.1414,0.3487,0.000544,0,0.0
2026-03-08,3,8,6,10,1,0,0,1,credit_card,web,south,retail,desktop,1,0,0,1576,58.07,560,32,14,6,1,4,0.0207,0.8567,0.1433,0.3163,0.000745,0,0.0
2026-03-08,3,8,6,10,1,0,0,1,credit_card,web,west,premium,desktop,1,0,0,1069,48.75,629,11,20,7,1,10,0.0168,0.8425,0.1575,0.3681,0.000539,1,118.84
2026-03-08,3,8,6,10,1,0,0,1,credit_card,web,west,retail,desktop,1,0,0,2124,56.4,666,26,17,4,6,8,0.0144,0.8593,0.1407,0.3156,0.000779,1,34.05
2026-03-08,3,8,6,10,1,0,0,1,debit_card,branch,east,premium,desktop,0,0,0,491,85.52,211,10,18,6,3,4,0.0113,0.8762,0.1238,0.236,0.000269,0,33.77
2026-03-08,3,8,6,10,1,0,0,1,debit_card,branch,east,retail,desktop,0,0,0,635,95.03,211,18,14,6,3,8,0.0195,0.8438,0.1562,0.237,0.000381,1,57.3
2026-03-08,3,8,6,10,1,0,0,1,debit_card,branch,north,premium,desktop,0,0,0,425,70.35,176,9,11,1,1,6,0.0204,0.8312,0.1688,0.2729,0.000267,0,0.0
2026-03-08,3,8,6,10,1,0,0,1,debit_card,branch,north,retail,desktop,0,0,0,635,96.52,269,18,10,5,0,9,0.0223,0.8409,0.1591,0.2518,0.000386,1,163.97
2026-03-08,3,8,6,10,1,0,0,1,debit_card,branch,south,premium,desktop,0,0,0,407,31.76,235,14,11,6,1,4,0.019,0.8474,0.1526,0.1971,0.000273,0,24.64
2026-03-08,3,8,6,10,1,0,0,1,debit_card,branch,south,retail,desktop,0,0,0,559,41.51,352,23,13,8,2,9,0.0149,0.8564,0.1436,0.2365,0.000415,1,0.0
2026-03-08,3,8,6,10,1,0,0,1,debit_card,branch,west,premium,desktop,0,0,0,453,73.71,213,9,9,5,0,3,0.0274,0.8456,0.1544,0.2796,0.000307,0,52.4
2026-03-08,3,8,6,10,1,0,0,1,debit_card,branch,west,retail,desktop,0,0,0,671,32.22,201,22,13,8,3,7,0.0167,0.8585,0.1415,0.2345,0.000431,0,0.0
2026-03-08,3,8,6,10,1,0,0,1,debit_card,mobile_app,east,premium,ios,1,0,0,1826,71.27,760,18,31,12,2,9,0.0163,0.8308,0.1692,0.4751,0.00044,1,34.53
2026-03-08,3,8,6,10,1,0,0,1,debit_card,mobile_app,east,retail,ios,1,0,0,2270,99.11,1095,28,21,11,1,21,0.0222,0.8479,0.1521,0.4471,0.0006,2,181.41
2026-03-08,3,8,6,10,1,0,0,1,debit_card,mobile_app,north,premium,ios,1,0,0,1828,114.11,649,16,32,17,2,21,0.0225,0.8512,0.1488,0.4351,0.000455,2,270.96
2026-03-08,3,8,6,10,1,0,0,1,debit_card,mobile_app,north,retail,android,1,0,0,2866,85.52,1382,30,20,9,3,15,0.0265,0.8695,0.1305,0.6198,0.000623,2,205.24
2026-03-08,3,8,6,10,1,0,0,1,debit_card,mobile_app,south,premium,ios,1,0,0,1917,71.76,732,19,25,17,3,14,0.0245,0.844,0.156,0.368,0.000489,0,11.66
2026-03-08,3,8,6,10,1,0,0,1,debit_card,mobile_app,south,retail,ios,1,0,0,2561,44.91,1706,31,22,14,5,27,0.0177,0.852,0.148,0.3761,0.000708,5,220.7
2026-03-08,3,8,6,10,1,0,0,1,debit_card,mobile_app,west,premium,ios,1,0,0,1688,64.03,809,19,18,10,1,13,0.0199,0.8325,0.1675,0.4787,0.000508,2,110.71
2026-03-08,3,8,6,10,1,0,0,1,debit_card,mobile_app,west,retail,ios,1,0,0,2914,38.35,996,34,25,14,1,9,0.0224,0.837,0.163,0.4522,0.000709,1,62.7
2026-03-08,3,8,6,10,1,0,0,1,debit_card,web,east,premium,desktop,1,0,0,990,121.62,399,17,18,7,2,4,0.0231,0.8596,0.1404,0.2825,0.000382,0,0.0
2026-03-08,3,8,6,10,1,0,0,1,debit_card,web,east,retail,desktop,1,0,0,1612,51.48,798,21,13,4,0,5,0.0203,0.8444,0.1556,0.3833,0.000502,0,19.19
2026-03-08,3,8,6,10,1,0,0,1,debit_card,web,north,premium,android,1,0,0,1707,77.52,620,7,11,3,3,12,0.0147,0.8558,0.1442,0.491,0.000385,5,457.83
2026-03-08,3,8,6,10,1,0,0,1,debit_card,web,north,retail,desktop,1,0,0,1578,53.67,811,30,7,8,2,3,0.0253,0.8481,0.1519,0.3853,0.000553,0,60.43
2026-03-08,3,8,6,10,1,0,0,1,debit_card,web,south,premium,ios,1,0,0,1658,46.94,614,10,19,3,6,11,0.0145,0.8437,0.1563,0.3275,0.000416,2,89.84
2026-03-08,3,8,6,10,1,0,0,1,debit_card,web,south,retail,desktop,1,0,0,1503,91.19,719,18,15,4,2,5,0.0149,0.8474,0.1526,0.3417,0.000574,0,0.0
2026-03-08,3,8,6,10,1,0,0,1,debit_card,web,west,premium,desktop,1,0,0,966,61.16,326,11,17,7,3,8,0.0185,0.8536,0.1464,0.301,0.000447,1,98.94
2026-03-08,3,8,6,10,1,0,0,1,debit_card,web,west,retail,desktop,1,0,0,1619,51.95,514,20,11,9,0,8,0.023,0.8696,0.1304,0.3171,0.00058,1,67.22
2026-03-08,3,8,6,10,1,0,0,1,digital_wallet,branch,east,premium,desktop,0,0,0,366,46.87,138,3,10,4,1,5,0.0234,0.8517,0.1483,0.2434,0.000382,0,28.39
2026-03-08,3,8,6,10,1,0,0,1,digital_wallet,branch,east,retail,desktop,0,0,0,543,60.06,182,14,5,8,3,3,0.0122,0.8441,0.1559,0.2051,0.000516,0,0.0
2026-03-08,3,8,6,10,1,0,0,1,digital_wallet,branch,north,premium,desktop,0,0,0,333,34.59,100,6,9,6,1,7,0.0159,0.8573,0.1427,0.2547,0.000394,1,84.14
2026-03-08,3,8,6,10,1,0,0,1,digital_wallet,branch,north,retail,desktop,0,0,0,556,127.62,176,14,7,6,2,2,0.0299,0.8474,0.1526,0.2942,0.000552,0,0.0
2026-03-08,3,8,6,10,1,0,0,1,digital_wallet,branch,south,premium,desktop,0,0,0,295,76.29,100,13,9,5,0,2,0.0179,0.8663,0.1337,0.2878,0.000424,0,3.44
2026-03-08,3,8,6,10,1,0,0,1,digital_wallet,branch,south,retail,desktop,0,0,0,518,51.91,240,18,9,9,0,3,0.0227,0.841,0.159,0.2495,0.000594,0,3.1
2026-03-08,3,8,6,10,1,0,0,1,digital_wallet,branch,west,premium,desktop,0,0,0,356,32.06,154,7,13,6,2,6,0.0184,0.8527,0.1473,0.2494,0.000441,0,0.0
2026-03-08,3,8,6,10,1,0,0,1,digital_wallet,branch,west,retail,desktop,0,0,0,557,45.16,337,14,14,10,1,9,0.0174,0.8647,0.1353,0.2714,0.000629,0,21.48
2026-03-08,3,8,6,10,1,0,0,1,digital_wallet,mobile_app,east,premium,ios,1,0,0,1569,44.86,474,8,25,6,1,10,0.0178,0.8514,0.1486,0.4567,0.000612,0,0.0
2026-03-08,3,8,6,10,1,0,0,1,digital_wallet,mobile_app,east,retail,android,1,0,0,2397,70.35,1184,24,28,11,1,23,0.02,0.8536,0.1464,0.5869,0.000924,4,318.06
2026-03-08,3,8,6,10,1,0,0,1,digital_wallet,mobile_app,north,premium,android,1,0,0,1716,48.45,805,6,26,10,3,20,0.0252,0.8332,0.1668,0.6219,0.000661,1,62.39
2026-03-08,3,8,6,10,1,0,0,1,digital_wallet,mobile_app,north,retail,android,1,0,0,2333,39.01,1446,20,22,13,4,23,0.0221,0.8653,0.1347,0.5926,0.000911,4,89.25
2026-03-08,3,8,6,10,1,0,0,1,digital_wallet,mobile_app,south,premium,ios,1,0,0,1296,107.99,701,9,23,9,2,5,0.0145,0.8635,0.1365,0.4423,0.000674,0,66.98
2026-03-08,3,8,6,10,1,0,0,1,digital_wallet,mobile_app,south,retail,ios,1,0,0,2316,72.94,1265,13,21,12,3,14,0.0259,0.8453,0.1547,0.4101,0.00096,3,245.05
2026-03-08,3,8,6,10,1,0,0,1,digital_wallet,mobile_app,west,premium,ios,1,0,0,1738,58.1,659,15,22,16,1,15,0.018,0.8572,0.1428,0.4298,0.000729,1,103.12
2026-03-08,3,8,6,10,1,0,0,1,digital_wallet,mobile_app,west,retail,ios,1,0,0,2490,49.87,1288,26,23,7,3,13,0.0197,0.8623,0.1377,0.4162,0.001041,2,113.53
2026-03-08,3,8,6,10,1,0,0,1,digital_wallet,web,east,premium,ios,1,0,0,1264,34.34,481,10,10,9,0,7,0.0171,0.8556,0.1444,0.3476,0.000532,2,86.38
2026-03-08,3,8,6,10,1,0,0,1,digital_wallet,web,east,retail,desktop,1,0,0,1167,47.31,363,14,16,5,4,14,0.0265,0.8617,0.1383,0.3174,0.000759,2,57.97
2026-03-08,3,8,6,10,1,0,0,1,digital_wallet,web,north,premium,desktop,1,0,0,901,50.34,298,12,6,4,1,7,0.0172,0.8528,0.1472,0.3024,0.000531,1,88.76
2026-03-08,3,8,6,10,1,0,0,1,digital_wallet,web,north,retail,desktop,1,0,0,1200,73.23,387,17,13,7,3,8,0.0156,0.8425,0.1575,0.3129,0.00079,0,16.07
2026-03-08,3,8,6,10,1,0,0,1,digital_wallet,web,south,premium,desktop,1,0,0,718,85.2,260,14,16,10,1,12,0.0203,0.8741,0.1259,0.3577,0.000619,2,174.43
2026-03-08,3,8,6,10,1,0,0,1,digital_wallet,web,south,retail,android,1,0,0,1850,68.72,895,16,19,10,0,8,0.0181,0.8561,0.1439,0.4853,0.000889,0,0.0
2026-03-08,3,8,6,10,1,0,0,1,digital_wallet,web,west,premium,ios,1,0,0,1386,44.85,726,4,13,5,2,13,0.0263,0.8466,0.1534,0.3716,0.000626,2,120.16
2026-03-08,3,8,6,10,1,0,0,1,digital_wallet,web,west,retail,desktop,1,0,0,1333,55.56,419,9,17,11,5,5,0.0222,0.8621,0.1379,0.3115,0.000872,0,4.57
2026-03-09,3,9,0,11,0,0,0,0,credit_card,branch,east,premium,desktop,0,0,0,544,50.79,200,20,11,4,1,5,0.0125,0.8453,0.1547,0.2937,0.000337,1,0.0
2026-03-09,3,9,0,11,0,0,0,0,credit_card,branch,east,retail,desktop,0,0,0,1170,59.83,367,23,10,3,0,4,0.0191,0.8699,0.1301,0.2476,0.000507,0,0.0
2026-03-09,3,9,0,11,0,0,0,0,credit_card,branch,north,premium,desktop,0,0,0,750,72.03,262,16,9,3,3,4,0.0211,0.8492,0.1508,0.2064,0.000346,0,0.0
2026-03-09,3,9,0,11,0,0,0,0,credit_card,branch,north,retail,desktop,0,0,0,971,45.41,454,25,9,2,2,5,0.0214,0.8615,0.1385,0.2746,0.00047,0,0.0
2026-03-09,3,9,0,11,0,0,0,0,credit_card,branch,south,premium,desktop,0,0,0,643,47.47,312,16,8,3,2,5,0.0165,0.8567,0.1433,0.2579,0.000372,0,0.0
2026-03-09,3,9,0,11,0,0,0,0,credit_card,branch,south,retail,desktop,0,0,0,1062,71.07,529,20,11,8,0,6,0.0253,0.8549,0.1451,0.2046,0.000504,0,14.45
2026-03-09,3,9,0,11,0,0,0,0,credit_card,branch,west,premium,desktop,0,0,0,772,91.06,231,22,11,8,3,7,0.0174,0.8539,0.1461,0.2767,0.000408,0,19.4
2026-03-09,3,9,0,11,0,0,0,0,credit_card,branch,west,retail,desktop,0,0,0,1123,93.92,418,27,3,3,4,13,0.0244,0.859,0.141,0.2916,0.000552,3,279.29
2026-03-09,3,9,0,11,0,0,0,0,credit_card,mobile_app,east,premium,android,1,0,0,2851,110.16,879,14,14,6,2,15,0.0275,0.8704,0.1296,0.631,0.000562,4,501.59
2026-03-09,3,9,0,11,0,0,0,0,credit_card,mobile_app,east,retail,android,1,0,0,4289,89.83,2205,25,24,16,4,17,0.0137,0.8593,0.1407,0.6441,0.000779,2,295.55
2026-03-09,3,9,0,11,0,0,0,0,credit_card,mobile_app,north,premium,android,1,0,0,3470,44.7,1189,18,20,12,4,8,0.017,0.8742,0.1258,0.6809,0.000602,1,25.62
2026-03-09,3,9,0,11,0,0,0,0,credit_card,mobile_app,north,retail,android,1,0,0,5478,77.51,2689,30,19,16,5,18,0.0119,0.8639,0.1361,0.6646,0.000806,3,318.91
2026-03-09,3,9,0,11,0,0,0,0,credit_card,mobile_app,south,premium,android,1,0,0,3070,80.57,1193,17,30,7,3,5,0.0157,0.8461,0.1539,0.6026,0.000626,0,8.88
2026-03-09,3,9,0,11,0,0,0,0,credit_card,mobile_app,south,retail,android,1,0,0,4922,49.02,1829,31,21,14,1,38,0.019,0.8576,0.1424,0.6063,0.000852,6,504.45
2026-03-09,3,9,0,11,0,0,0,0,credit_card,mobile_app,west,premium,android,1,0,0,3438,53.14,1364,11,15,13,1,9,0.0168,0.8557,0.1443,0.5724,0.000657,3,250.97
2026-03-09,3,9,0,11,0,0,0,0,credit_card,mobile_app,west,retail,ios,1,0,0,4098,37.28,1712,27,22,6,5,33,0.0217,0.847,0.153,0.475,0.000935,6,205.16
2026-03-09,3,9,0,11,0,0,0,0,credit_card,web,east,premium,desktop,1,0,0,1631,65.97,783,20,16,7,1,4,0.0168,0.8457,0.1543,0.311,0.000471,0,0.0
2026-03-09,3,9,0,11,0,0,0,0,credit_card,web,east,retail,desktop,1,0,0,2651,53.61,1134,24,14,3,2,6,0.0195,0.8485,0.1515,0.3963,0.000632,1,105.78
2026-03-09,3,9,0,11,0,0,0,0,credit_card,web,north,premium,ios,1,0,0,2841,180.62,1276,12,14,7,3,9,0.0268,0.8672,0.1328,0.3141,0.000479,1,254.12
2026-03-09,3,9,0,11,0,0,0,0,credit_card,web,north,retail,ios,1,0,0,3881,67.09,1573,22,11,5,2,15,0.0285,0.8668,0.1332,0.3109,0.000693,2,140.19
2026-03-09,3,9,0,11,0,0,0,0,credit_card,web,south,premium,ios,1,0,0,2154,76.85,726,14,20,12,3,10,0.0177,0.8619,0.1381,0.3108,0.000552,1,128.17
2026-03-09,3,9,0,11,0,0,0,0,credit_card,web,south,retail,desktop,1,0,0,2683,72.95,996,27,21,8,1,15,0.0183,0.8616,0.1384,0.2999,0.000766,2,217.34
2026-03-09,3,9,0,11,0,0,0,0,credit_card,web,west,premium,desktop,1,0,0,1836,89.47,660,13,13,10,4,4,0.0171,0.8589,0.1411,0.3163,0.000555,0,16.87
2026-03-09,3,9,0,11,0,0,0,0,credit_card,web,west,retail,desktop,1,0,0,2959,77.02,1143,24,18,5,1,9,0.0196,0.8474,0.1526,0.3203,0.000779,2,234.04
2026-03-09,3,9,0,11,0,0,0,0,debit_card,branch,east,premium,desktop,0,0,0,526,48.14,251,10,6,7,1,5,0.0151,0.8521,0.1479,0.2071,0.000253,1,77.4
2026-03-09,3,9,0,11,0,0,0,0,debit_card,branch,east,retail,desktop,0,0,0,913,69.1,322,21,5,7,0,7,0.023,0.8634,0.1366,0.2594,0.000316,2,114.12
2026-03-09,3,9,0,11,0,0,0,0,debit_card,branch,north,premium,desktop,0,0,0,589,65.82,268,10,10,1,1,10,0.0192,0.8405,0.1595,0.2447,0.000256,1,35.33
2026-03-09,3,9,0,11,0,0,0,0,debit_card,branch,north,retail,desktop,0,0,0,903,63.08,568,17,7,4,2,8,0.0175,0.8418,0.1582,0.2296,0.000363,2,91.17
2026-03-09,3,9,0,11,0,0,0,0,debit_card,branch,south,premium,desktop,0,0,0,548,27.79,192,10,4,2,3,1,0.0319,0.8658,0.1342,0.2661,0.000268,0,0.0
2026-03-09,3,9,0,11,0,0,0,0,debit_card,branch,south,retail,desktop,0,0,0,804,72.1,393,17,13,10,0,5,0.0209,0.8519,0.1481,0.2269,0.000417,0,17.22
2026-03-09,3,9,0,11,0,0,0,0,debit_card,branch,west,premium,desktop,0,0,0,677,41.38,191,13,8,4,1,2,0.0252,0.8609,0.1391,0.2694,0.000302,0,0.0
2026-03-09,3,9,0,11,0,0,0,0,debit_card,branch,west,retail,desktop,0,0,0,1063,114.62,327,13,8,3,1,3,0.0227,0.8473,0.1527,0.2539,0.000424,0,63.29
2026-03-09,3,9,0,11,0,0,0,0,debit_card,mobile_app,east,premium,ios,1,0,0,2453,53.88,1047,18,16,5,1,5,0.0194,0.8466,0.1534,0.4442,0.000416,0,0.0
2026-03-09,3,9,0,11,0,0,0,0,debit_card,mobile_app,east,retail,ios,1,0,0,3553,55.32,1092,25,25,15,3,13,0.0215,0.8804,0.1196,0.4213,0.000584,0,0.0
2026-03-09,3,9,0,11,0,0,0,0,debit_card,mobile_app,north,premium,android,1,0,0,2210,56.25,768,16,20,10,2,8,0.0223,0.8777,0.1223,0.6402,0.000445,1,57.08
2026-03-09,3,9,0,11,0,0,0,0,debit_card,mobile_app,north,retail,android,1,0,0,4079,56.54,1484,23,18,6,1,13,0.0174,0.8586,0.1414,0.6393,0.00065,2,171.78
2026-03-09,3,9,0,11,0,0,0,0,debit_card,mobile_app,south,premium,android,1,0,0,2393,33.53,876,9,23,12,2,15,0.0207,0.8533,0.1467,0.6073,0.000465,1,27.13
2026-03-09,3,9,0,11,0,0,0,0,debit_card,mobile_app,south,retail,android,1,0,0,3742,61.99,1449,26,23,11,2,23,0.0209,0.8706,0.1294,0.5918,0.00067,3,223.22
2026-03-09,3,9,0,11,0,0,0,0,debit_card,mobile_app,west,premium,ios,1,0,0,3032,69.44,1305,14,19,10,2,8,0.0144,0.8513,0.1487,0.4273,0.00049,1,42.75
2026-03-09,3,9,0,11,0,0,0,0,debit_card,mobile_app,west,retail,android,1,0,0,3624,93.76,1503,25,15,7,4,16,0.0174,0.8648,0.1352,0.6295,0.000665,2,232.53
2026-03-09,3,9,0,11,0,0,0,0,debit_card,web,east,premium,desktop,1,0,0,1231,87.86,534,16,14,6,1,8,0.0216,0.8509,0.1491,0.2981,0.000387,0,0.0
2026-03-09,3,9,0,11,0,0,0,0,debit_card,web,east,retail,android,1,0,0,3071,127.22,1013,22,11,2,2,22,0.0237,0.8533,0.1467,0.5187,0.000532,6,1086.12
2026-03-09,3,9,0,11,0,0,0,0,debit_card,web,north,premium,ios,1,0,0,2267,53.92,887,14,11,4,0,5,0.0168,0.8729,0.1271,0.3554,0.00038,0,23.19
2026-03-09,3,9,0,11,0,0,0,0,debit_card,web,north,retail,desktop,1,0,0,2145,54.64,637,28,16,2,3,12,0.0188,0.8685,0.1315,0.3175,0.000541,2,95.98
2026-03-09,3,9,0,11,0,0,0,0,debit_card,web,south,premium,android,1,0,0,2264,66.61,815,15,14,7,1,11,0.0209,0.8521,0.1479,0.5092,0.000398,1,46.17
2026-03-09,3,9,0,11,0,0,0,0,debit_card,web,south,retail,desktop,1,0,0,2058,55.92,685,17,18,8,3,8,0.0181,0.8451,0.1549,0.2853,0.00055,0,10.7
2026-03-09,3,9,0,11,0,0,0,0,debit_card,web,west,premium,desktop,1,0,0,1611,54.11,993,12,14,8,3,16,0.0281,0.866,0.134,0.3743,0.000445,3,211.59
2026-03-09,3,9,0,11,0,0,0,0,debit_card,web,west,retail,ios,1,0,0,2985,80.86,968,16,20,4,4,12,0.0221,0.8761,0.1239,0.3136,0.000595,2,102.11
2026-03-09,3,9,0,11,0,0,0,0,digital_wallet,branch,east,premium,desktop,0,0,0,418,36.89,134,9,8,5,1,4,0.0137,0.8391,0.1609,0.2217,0.000351,0,52.8
2026-03-09,3,9,0,11,0,0,0,0,digital_wallet,branch,east,retail,desktop,0,0,0,722,46.24,291,28,9,5,3,6,0.0175,0.8443,0.1557,0.2699,0.000533,1,106.78
2026-03-09,3,9,0,11,0,0,0,0,digital_wallet,branch,north,premium,desktop,0,0,0,574,79.19,303,9,10,5,0,5,0.0223,0.8716,0.1284,0.292,0.000376,0,56.09
2026-03-09,3,9,0,11,0,0,0,0,digital_wallet,branch,north,retail,desktop,0,0,0,767,41.52,262,22,7,8,1,3,0.0138,0.8693,0.1307,0.2758,0.00053,0,0.0
2026-03-09,3,9,0,11,0,0,0,0,digital_wallet,branch,south,premium,desktop,0,0,0,467,62.59,186,8,7,4,0,4,0.0184,0.858,0.142,0.2728,0.00043,1,105.87
2026-03-09,3,9,0,11,0,0,0,0,digital_wallet,branch,south,retail,desktop,0,0,0,704,61.66,351,17,14,7,2,10,0.0193,0.872,0.128,0.2408,0.000597,1,69.24
2026-03-09,3,9,0,11,0,0,0,0,digital_wallet,branch,west,premium,desktop,0,0,0,532,120.97,290,13,6,4,1,2,0.0178,0.86,0.14,0.2584,0.000462,0,0.0
2026-03-09,3,9,0,11,0,0,0,0,digital_wallet,branch,west,retail,desktop,0,0,0,722,31.95,333,13,12,5,2,3,0.0175,0.8564,0.1436,0.2322,0.00058,0,0.0
2026-03-09,3,9,0,11,0,0,0,0,digital_wallet,mobile_app,east,premium,ios,1,0,0,2117,50.22,841,17,21,17,3,6,0.0169,0.8462,0.1538,0.4404,0.000626,0,0.0
2026-03-09,3,9,0,11,0,0,0,0,digital_wallet,mobile_app,east,retail,ios,1,0,0,2670,91.25,1721,24,16,16,5,5,0.0189,0.8621,0.1379,0.4246,0.000873,1,60.47
2026-03-09,3,9,0,11,0,0,0,0,digital_wallet,mobile_app,north,premium,android,1,0,0,2143,63.81,704,12,19,9,3,13,0.0152,0.8695,0.1305,0.6099,0.00062,1,127.07
2026-03-09,3,9,0,11,0,0,0,0,digital_wallet,mobile_app,north,retail,android,1,0,0,2904,34.47,1070,20,21,6,2,12,0.0169,0.8753,0.1247,0.5155,0.000922,2,113.61
2026-03-09,3,9,0,11,0,0,0,0,digital_wallet,mobile_app,south,premium,android,1,0,0,2039,82.48,778,23,17,7,0,7,0.0184,0.8548,0.1452,0.6227,0.000706,1,101.79
2026-03-09,3,9,0,11,0,0,0,0,digital_wallet,mobile_app,south,retail,ios,1,0,0,2776,66.91,1402,25,20,10,5,16,0.0204,0.8511,0.1489,0.4284,0.000987,1,31.8
2026-03-09,3,9,0,11,0,0,0,0,digital_wallet,mobile_app,west,premium,ios,1,0,0,2200,73.95,731,21,26,9,4,24,0.0233,0.8555,0.1445,0.4619,0.000737,3,198.94
2026-03-09,3,9,0,11,0,0,0,0,digital_wallet,mobile_app,west,retail,android,1,0,0,3139,64.42,1587,22,19,11,2,20,0.0231,0.8616,0.1384,0.5696,0.001004,5,363.15
2026-03-09,3,9,0,11,0,0,0,0,digital_wallet,web,east,premium,ios,1,0,0,1864,56.44,703,7,9,7,1,8,0.0214,0.8522,0.1478,0.3211,0.000532,1,88.67
2026-03-09,3,9,0,11,0,0,0,0,digital_wallet,web,east,retail,ios,1,0,0,2647,97.67,928,15,12,4,5,3,0.0217,0.8425,0.1575,0.3931,0.000739,0,0.0
2026-03-09,3,9,0,11,0,0,0,0,digital_wallet,web,north,premium,desktop,1,0,0,976,145.41,317,7,23,4,3,15,0.02,0.8827,0.1173,0.3326,0.000568,1,99.5
2026-03-09,3,9,0,11,0,0,0,0,digital_wallet,web,north,retail,desktop,1,0,0,1909,115.09,893,13,17,4,3,8,0.0201,0.8534,0.1466,0.3407,0.000766,2,233.83
2026-03-09,3,9,0,11,0,0,0,0,digital_wallet,web,south,premium,ios,1,0,0,1718,49.7,787,11,21,4,4,4,0.0235,0.8576,0.1424,0.2937,0.000605,0,0.0
2026-03-09,3,9,0,11,0,0,0,0,digital_wallet,web,south,retail,android,1,0,0,2941,50.48,1005,15,13,4,3,16,0.0177,0.8594,0.1406,0.541,0.000798,4,160.04
2026-03-09,3,9,0,11,0,0,0,0,digital_wallet,web,west,premium,ios,1,0,0,1741,39.04,680,8,8,8,3,3,0.0206,0.8592,0.1408,0.3311,0.000599,0,0.0
2026-03-09,3,9,0,11,0,0,0,0,digital_wallet,web,west,retail,ios,1,0,0,2837,33.2,1774,14,11,11,2,23,0.0306,0.8464,0.1536,0.3253,0.000923,5,180.66
2026-03-10,3,10,1,11,0,0,0,0,credit_card,branch,east,premium,desktop,0,0,0,702,84.45,330,15,9,5,1,6,0.0206,0.8524,0.1476,0.2354,0.000321,1,104.31
2026-03-10,3,10,1,11,0,0,0,0,credit_card,branch,east,retail,desktop,0,0,0,1309,48.29,629,24,15,8,3,3,0.0246,0.8668,0.1332,0.3357,0.000461,0,0.0
2026-03-10,3,10,1,11,0,0,0,0,credit_card,branch,north,premium,desktop,0,0,0,766,82.94,485,16,7,2,1,1,0.0279,0.8702,0.1298,0.2587,0.000333,0,33.7
2026-03-10,3,10,1,11,0,0,0,0,credit_card,branch,north,retail,desktop,0,0,0,991,96.89,553,30,3,6,1,2,0.0198,0.8479,0.1521,0.2681,0.000473,0,0.0
2026-03-10,3,10,1,11,0,0,0,0,credit_card,branch,south,premium,desktop,0,0,0,686,28.97,468,10,12,4,1,17,0.0211,0.8665,0.1335,0.2892,0.000358,3,131.24
2026-03-10,3,10,1,11,0,0,0,0,credit_card,branch,south,retail,desktop,0,0,0,887,107.19,313,20,15,1,1,3,0.0185,0.8625,0.1375,0.2369,0.000493,0,3.52
2026-03-10,3,10,1,11,0,0,0,0,credit_card,branch,west,premium,desktop,0,0,0,709,58.67,262,16,12,4,1,4,0.0134,0.8639,0.1361,0.2921,0.000372,1,50.83
2026-03-10,3,10,1,11,0,0,0,0,credit_card,branch,west,retail,desktop,0,0,0,1212,42.58,397,35,12,3,5,5,0.0204,0.8516,0.1484,0.224,0.000565,0,0.0
2026-03-10,3,10,1,11,0,0,0,0,credit_card,mobile_app,east,premium,ios,1,0,0,2970,55.35,1520,17,20,7,1,14,0.0208,0.854,0.146,0.4398,0.000537,2,108.01
2026-03-10,3,10,1,11,0,0,0,0,credit_card,mobile_app,east,retail,android,1,0,0,4524,71.6,2527,41,19,7,2,20,0.0162,0.8545,0.1455,0.614,0.000768,4,342.74
2026-03-10,3,10,1,11,0,0,0,0,credit_card,mobile_app,north,premium,android,1,0,0,3038,41.93,1117,14,21,10,1,9,0.0178,0.8548,0.1452,0.5989,0.000581,1,52.93
2026-03-10,3,10,1,11,0,0,0,0,credit_card,mobile_app,north,retail,ios,1,0,0,4704,97.13,2233,26,23,9,4,11,0.0179,0.8773,0.1227,0.4889,0.000825,1,121.77
2026-03-10,3,10,1,11,0,0,0,0,credit_card,mobile_app,south,premium,android,1,0,0,2922,48.83,910,19,23,18,1,12,0.0204,0.8488,0.1512,0.6265,0.000637,3,161.74
2026-03-10,3,10,1,11,0,0,0,0,credit_card,mobile_app,south,retail,android,1,0,0,4272,56.16,1411,35,25,10,3,29,0.0192,0.8438,0.1562,0.5994,0.000874,5,353.37
2026-03-10,3,10,1,11,0,0,0,0,credit_card,mobile_app,west,premium,ios,1,0,0,3116,88.91,940,23,26,12,3,19,0.0281,0.8537,0.1463,0.4557,0.000621,3,375.23
2026-03-10,3,10,1,11,0,0,0,0,credit_card,mobile_app,west,retail,ios,1,0,0,4841,53.34,1831,34,17,6,3,15,0.0272,0.8727,0.1273,0.4083,0.000885,6,458.11
2026-03-10,3,10,1,11,0,0,0,0,credit_card,web,east,premium,desktop,1,0,0,1854,46.01,921,10,16,5,3,12,0.0214,0.8854,0.1146,0.3297,0.000463,1,6.25
2026-03-10,3,10,1,11,0,0,0,0,credit_card,web,east,retail,desktop,1,0,0,2633,78.42,1276,29,13,5,2,12,0.0158,0.8509,0.1491,0.3783,0.000654,1,173.3
2026-03-10,3,10,1,11,0,0,0,0,credit_card,web,north,premium,ios,1,0,0,2626,54.51,996,13,12,13,1,2,0.0185,0.866,0.134,0.2937,0.000481,0,74.33
2026-03-10,3,10,1,11,0,0,0,0,credit_card,web,north,retail,desktop,1,0,0,2878,42.49,1390,21,11,7,3,12,0.0157,0.8547,0.1453,0.3348,0.000673,3,180.57
2026-03-10,3,10,1,11,0,0,0,0,credit_card,web,south,premium,desktop,1,0,0,1496,115.33,580,10,12,3,0,5,0.0185,0.8537,0.1463,0.3361,0.000552,0,56.06
2026-03-10,3,10,1,11,0,0,0,0,credit_card,web,south,retail,desktop,1,0,0,2387,88.98,1552,27,14,5,5,9,0.0195,0.857,0.143,0.3087,0.000731,0,30.43
2026-03-10,3,10,1,11,0,0,0,0,credit_card,web,west,premium,ios,1,0,0,2525,54.32,919,16,13,7,1,8,0.019,0.8646,0.1354,0.3365,0.000544,2,127.86
2026-03-10,3,10,1,11,0,0,0,0,credit_card,web,west,retail,desktop,1,0,0,2652,86.06,1745,29,14,3,4,8,0.0169,0.8636,0.1364,0.3854,0.000783,2,236.39
2026-03-10,3,10,1,11,0,0,0,0,debit_card,branch,east,premium,desktop,0,0,0,568,41.8,272,13,11,3,0,7,0.0241,0.8645,0.1355,0.2699,0.000265,0,0.0
2026-03-10,3,10,1,11,0,0,0,0,debit_card,branch,east,retail,desktop,0,0,0,950,80.81,615,25,19,3,1,9,0.0186,0.8641,0.1359,0.2603,0.000357,0,14.47
2026-03-10,3,10,1,11,0,0,0,0,debit_card,branch,north,premium,desktop,0,0,0,657,54.23,383,12,8,4,2,4,0.0271,0.8662,0.1338,0.2457,0.000262,0,31.72
2026-03-10,3,10,1,11,0,0,0,0,debit_card,branch,north,retail,desktop,0,0,0,965,43.91,288,18,11,8,1,9,0.0189,0.8639,0.1361,0.2625,0.000385,1,32.09
2026-03-10,3,10,1,11,0,0,0,0,debit_card,branch,south,premium,desktop,0,0,0,524,48.5,233,17,6,3,1,2,0.0218,0.8699,0.1301,0.2191,0.000288,0,0.0
2026-03-10,3,10,1,11,0,0,0,0,debit_card,branch,south,retail,desktop,0,0,0,822,76.84,249,24,6,7,0,3,0.0157,0.88,0.12,0.2274,0.000415,0,37.11
2026-03-10,3,10,1,11,0,0,0,0,debit_card,branch,west,premium,desktop,0,0,0,685,37.89,307,15,10,2,0,2,0.0236,0.8532,0.1468,0.2545,0.000301,0,0.0
2026-03-10,3,10,1,11,0,0,0,0,debit_card,branch,west,retail,desktop,0,0,0,858,71.18,513,32,12,4,2,6,0.0165,0.856,0.144,0.3047,0.000403,0,0.0
2026-03-10,3,10,1,11,0,0,0,0,debit_card,mobile_app,east,premium,android,1,0,0,2222,58.88,751,16,22,6,3,7,0.0224,0.8414,0.1586,0.6272,0.000427,0,46.66
2026-03-10,3,10,1,11,0,0,0,0,debit_card,mobile_app,east,retail,ios,1,0,0,3656,86.75,1239,30,26,9,3,23,0.0231,0.8716,0.1284,0.3812,0.00064,4,417.23
2026-03-10,3,10,1,11,0,0,0,0,debit_card,mobile_app,north,premium,android,1,0,0,2420,49.7,898,20,32,8,3,7,0.0143,0.8677,0.1323,0.5545,0.00045,0,32.24
2026-03-10,3,10,1,11,0,0,0,0,debit_card,mobile_app,north,retail,ios,1,0,0,3762,81.34,1342,28,31,13,2,37,0.021,0.8702,0.1298,0.462,0.000603,5,392.33
2026-03-10,3,10,1,11,0,0,0,0,debit_card,mobile_app,south,premium,android,1,0,0,2695,60.43,1472,10,22,11,2,19,0.0241,0.8458,0.1542,0.6097,0.000467,3,184.0
2026-03-10,3,10,1,11,0,0,0,0,debit_card,mobile_app,south,retail,android,1,0,0,3445,52.71,2183,24,28,14,1,13,0.0116,0.8559,0.1441,0.5559,0.000666,1,30.8
2026-03-10,3,10,1,11,0,0,0,0,debit_card,mobile_app,west,premium,ios,1,0,0,2589,44.69,1358,17,24,6,0,12,0.0229,0.8413,0.1587,0.428,0.000517,0,0.0
2026-03-10,3,10,1,11,0,0,0,0,debit_card,mobile_app,west,retail,ios,1,0,0,3457,51.45,1392,37,16,14,2,9,0.0226,0.8577,0.1423,0.4165,0.000716,3,208.69
2026-03-10,3,10,1,11,0,0,0,0,debit_card,web,east,premium,desktop,1,0,0,1156,49.46,368,12,13,5,3,7,0.024,0.8508,0.1492,0.3857,0.000369,0,27.2
2026-03-10,3,10,1,11,0,0,0,0,debit_card,web,east,retail,android,1,0,0,3494,48.65,1040,20,10,4,0,20,0.0156,0.8553,0.1447,0.5308,0.000501,4,243.27
2026-03-10,3,10,1,11,0,0,0,0,debit_card,web,north,premium,desktop,1,0,0,1481,81.2,638,15,15,9,1,5,0.0204,0.8595,0.1405,0.2927,0.000394,0,0.0
2026-03-10,3,10,1,11,0,0,0,0,debit_card,web,north,retail,desktop,1,0,0,2329,62.02,1002,23,12,4,2,3,0.025,0.8646,0.1354,0.3129,0.000519,0,0.0
2026-03-10,3,10,1,11,0,0,0,0,debit_card,web,south,premium,desktop,1,0,0,1616,35.6,951,10,19,7,3,9,0.0169,0.8832,0.1168,0.3537,0.000429,0,0.0
2026-03-10,3,10,1,11,0,0,0,0,debit_card,web,south,retail,desktop,1,0,0,2014,96.04,817,21,12,12,1,9,0.0178,0.8608,0.1392,0.2971,0.000605,3,194.38
2026-03-10,3,10,1,11,0,0,0,0,debit_card,web,west,premium,ios,1,0,0,2224,151.44,772,18,13,2,5,5,0.0174,0.8737,0.1263,0.348,0.000427,1,200.27
2026-03-10,3,10,1,11,0,0,0,0,debit_card,web,west,retail,desktop,1,0,0,2297,58.49,1109,19,13,6,1,8,0.0199,0.8659,0.1341,0.336,0.000606,1,67.45
2026-03-10,3,10,1,11,0,0,0,0,digital_wallet,branch,east,premium,desktop,0,0,0,513,101.57,154,10,17,7,1,3,0.0108,0.8614,0.1386,0.2838,0.000382,0,0.0
2026-03-10,3,10,1,11,0,0,0,0,digital_wallet,branch,east,retail,desktop,0,0,0,700,44.02,326,26,4,2,5,2,0.0152,0.8662,0.1338,0.2838,0.000493,0,22.99
2026-03-10,3,10,1,11,0,0,0,0,digital_wallet,branch,north,premium,desktop,0,0,0,498,145.35,201,10,10,8,1,5,0.0227,0.8476,0.1524,0.2302,0.000403,0,30.2
2026-03-10,3,10,1,11,0,0,0,0,digital_wallet,branch,north,retail,desktop,0,0,0,749,87.82,490,21,7,6,0,3,0.0185,0.8582,0.1418,0.263,0.000576,0,86.26
2026-03-10,3,10,1,11,0,0,0,0,digital_wallet,branch,south,premium,desktop,0,0,0,503,42.96,234,12,12,2,1,6,0.0211,0.8658,0.1342,0.246,0.00042,0,16.69
2026-03-10,3,10,1,11,0,0,0,0,digital_wallet,branch,south,retail,desktop,0,0,0,716,80.26,400,14,7,5,3,2,0.0097,0.8623,0.1377,0.261,0.000561,0,65.7
2026-03-10,3,10,1,11,0,0,0,0,digital_wallet,branch,west,premium,desktop,0,0,0,570,50.46,171,6,9,5,1,8,0.0203,0.8608,0.1392,0.2418,0.000442,1,43.65
2026-03-10,3,10,1,11,0,0,0,0,digital_wallet,branch,west,retail,desktop,0,0,0,774,56.94,247,15,9,6,2,8,0.0195,0.8536,0.1464,0.2686,0.000578,1,87.89
2026-03-10,3,10,1,11,0,0,0,0,digital_wallet,mobile_app,east,premium,android,1,0,0,2356,50.55,743,17,27,10,3,5,0.0207,0.871,0.129,0.6256,0.000632,0,36.61
2026-03-10,3,10,1,11,0,0,0,0,digital_wallet,mobile_app,east,retail,ios,1,0,0,2599,103.79,932,15,25,12,1,12,0.0175,0.8627,0.1373,0.3983,0.000858,2,230.91
2026-03-10,3,10,1,11,0,0,0,0,digital_wallet,mobile_app,north,premium,ios,1,0,0,2059,46.06,969,15,22,7,1,21,0.0191,0.873,0.127,0.3992,0.000657,2,75.1
2026-03-10,3,10,1,11,0,0,0,0,digital_wallet,mobile_app,north,retail,android,1,0,0,3197,76.68,1250,18,19,9,1,13,0.0268,0.8636,0.1364,0.6059,0.000955,2,141.94
2026-03-10,3,10,1,11,0,0,0,0,digital_wallet,mobile_app,south,premium,ios,1,0,0,1992,55.05,654,12,16,9,3,12,0.0153,0.8452,0.1548,0.3938,0.000693,2,136.78
2026-03-10,3,10,1,11,0,0,0,0,digital_wallet,mobile_app,south,retail,android,1,0,0,3284,51.25,1849,24,19,7,3,15,0.0221,0.8498,0.1502,0.5926,0.000935,2,90.93
2026-03-10,3,10,1,11,0,0,0,0,digital_wallet,mobile_app,west,premium,ios,1,0,0,2211,45.18,1402,13,20,8,2,7,0.0212,0.854,0.146,0.4225,0.000745,1,0.05
2026-03-10,3,10,1,11,0,0,0,0,digital_wallet,mobile_app,west,retail,android,1,0,0,3349,88.89,1792,28,24,11,4,24,0.0208,0.8466,0.1534,0.5932,0.001044,3,383.2
2026-03-10,3,10,1,11,0,0,0,0,digital_wallet,web,east,premium,desktop,1,0,0,1149,39.63,372,5,11,4,4,4,0.024,0.8716,0.1284,0.3185,0.000535,0,1.99
2026-03-10,3,10,1,11,0,0,0,0,digital_wallet,web,east,retail,android,1,0,0,2244,94.32,1185,8,16,7,2,21,0.0153,0.8585,0.1415,0.5269,0.000764,3,257.06
2026-03-10,3,10,1,11,0,0,0,0,digital_wallet,web,north,premium,desktop,1,0,0,1120,63.29,434,17,14,9,3,10,0.0161,0.8576,0.1424,0.3469,0.000551,2,78.14
2026-03-10,3,10,1,11,0,0,0,0,digital_wallet,web,north,retail,android,1,0,0,3139,70.12,1137,22,12,2,3,11,0.0157,0.8322,0.1678,0.5081,0.00079,2,169.23
2026-03-10,3,10,1,11,0,0,0,0,digital_wallet,web,south,premium,desktop,1,0,0,1233,71.41,710,6,15,7,0,6,0.0246,0.8552,0.1448,0.3241,0.000605,1,77.97
2026-03-10,3,10,1,11,0,0,0,0,digital_wallet,web,south,retail,desktop,1,0,0,1737,46.86,816,14,25,4,2,11,0.0146,0.8673,0.1327,0.3455,0.00082,1,72.89
2026-03-10,3,10,1,11,0,0,0,0,digital_wallet,web,west,premium,desktop,1,0,0,1194,68.36,726,9,9,2,1,10,0.0118,0.8612,0.1388,0.3709,0.000591,3,315.65
2026-03-10,3,10,1,11,0,0,0,0,digital_wallet,web,west,retail,desktop,1,0,0,1888,64.58,745,23,12,8,1,6,0.023,0.8499,0.1501,0.3078,0.000831,1,118.19
2026-03-11,3,11,2,11,0,0,0,0,credit_card,branch,east,premium,desktop,0,0,0,743,93.72,396,8,11,2,1,5,0.0171,0.8593,0.1407,0.2895,0.000324,1,173.27
2026-03-11,3,11,2,11,0,0,0,0,credit_card,branch,east,retail,desktop,0,0,0,1047,53.52,341,34,9,4,1,2,0.0259,0.8632,0.1368,0.2302,0.000466,0,4.28
2026-03-11,3,11,2,11,0,0,0,0,credit_card,branch,north,premium,desktop,0,0,0,644,79.84,214,17,9,4,1,3,0.0108,0.8722,0.1278,0.2391,0.000327,0,12.35
2026-03-11,3,11,2,11,0,0,0,0,credit_card,branch,north,retail,desktop,0,0,0,989,54.19,381,33,14,3,1,6,0.0169,0.8671,0.1329,0.2529,0.000479,1,24.18
2026-03-11,3,11,2,11,0,0,0,0,credit_card,branch,south,premium,desktop,0,0,0,725,88.62,365,14,13,5,1,6,0.029,0.852,0.148,0.1748,0.000378,0,0.0
2026-03-11,3,11,2,11,0,0,0,0,credit_card,branch,south,retail,desktop,0,0,0,1031,91.39,634,33,10,3,1,9,0.0157,0.8465,0.1535,0.2683,0.000539,1,115.58
2026-03-11,3,11,2,11,0,0,0,0,credit_card,branch,west,premium,desktop,0,0,0,799,50.09,271,12,6,2,5,3,0.0162,0.8597,0.1403,0.2786,0.000395,0,1.7
2026-03-11,3,11,2,11,0,0,0,0,credit_card,branch,west,retail,desktop,0,0,0,1220,49.14,474,23,9,3,2,1,0.0194,0.8655,0.1345,0.1772,0.000559,0,0.0
2026-03-11,3,11,2,11,0,0,0,0,credit_card,mobile_app,east,premium,ios,0,0,0,2829,49.21,831,10,20,8,3,6,0.0244,0.8526,0.1474,0.3722,0.000496,0,30.85
2026-03-11,3,11,2,11,0,0,0,0,credit_card,mobile_app,east,retail,ios,0,0,0,4542,120.43,1338,39,23,14,2,22,0.0208,0.8442,0.1558,0.338,0.000738,5,778.74
2026-03-11,3,11,2,11,0,0,0,0,credit_card,mobile_app,north,premium,android,0,0,0,3137,88.02,1961,18,18,10,1,14,0.0195,0.8764,0.1236,0.5107,0.000585,1,65.15
2026-03-11,3,11,2,11,0,0,0,0,credit_card,mobile_app,north,retail,ios,0,0,0,4278,60.71,2237,36,22,17,5,21,0.0264,0.87,0.13,0.3395,0.000837,4,246.65
2026-03-11,3,11,2,11,0,0,0,0,credit_card,mobile_app,south,premium,android,0,0,0,3427,42.04,1097,21,25,6,3,20,0.0197,0.8529,0.1471,0.5312,0.000611,3,120.35
2026-03-11,3,11,2,11,0,0,0,0,credit_card,mobile_app,south,retail,android,0,0,0,5049,66.41,1625,34,15,7,4,12,0.0177,0.8546,0.1454,0.5944,0.000908,1,104.19
2026-03-11,3,11,2,11,0,0,0,0,credit_card,mobile_app,west,premium,android,0,0,0,3398,58.17,1423,12,23,9,3,14,0.0225,0.8507,0.1493,0.4671,0.00063,0,0.0
2026-03-11,3,11,2,11,0,0,0,0,credit_card,mobile_app,west,retail,android,0,0,0,4517,62.56,1642,25,22,13,2,19,0.0177,0.8771,0.1229,0.5281,0.000887,2,101.21
2026-03-11,3,11,2,11,0,0,0,0,credit_card,web,east,premium,ios,0,0,0,2447,47.05,770,14,16,4,1,10,0.0267,0.8507,0.1493,0.282,0.000472,0,0.0
2026-03-11,3,11,2,11,0,0,0,0,credit_card,web,east,retail,desktop,0,0,0,2721,71.84,1170,28,9,8,2,5,0.0193,0.8537,0.1463,0.2276,0.00063,1,143.3
2026-03-11,3,11,2,11,0,0,0,0,credit_card,web,north,premium,desktop,0,0,0,1531,52.91,747,19,11,3,1,10,0.0126,0.853,0.147,0.2401,0.000489,1,46.23
2026-03-11,3,11,2,11,0,0,0,0,credit_card,web,north,retail,ios,0,0,0,4030,89.67,1648,23,13,8,2,14,0.0165,0.8689,0.1311,0.2595,0.000686,3,353.08
2026-03-11,3,11,2,11,0,0,0,0,credit_card,web,south,premium,desktop,0,0,0,1652,76.88,823,10,13,5,2,11,0.0174,0.8571,0.1429,0.3078,0.000506,3,352.53
2026-03-11,3,11,2,11,0,0,0,0,credit_card,web,south,retail,ios,0,0,0,3619,84.44,1925,23,13,9,3,16,0.0205,0.8514,0.1486,0.299,0.000749,3,265.81
2026-03-11,3,11,2,11,0,0,0,0,credit_card,web,west,premium,ios,0,0,0,2658,71.41,1194,10,14,7,1,3,0.0213,0.848,0.152,0.2397,0.000541,0,0.0
2026-03-11,3,11,2,11,0,0,0,0,credit_card,web,west,retail,ios,0,0,0,4245,81.27,1543,21,22,8,1,17,0.018,0.8497,0.1503,0.2544,0.000731,3,389.96
2026-03-11,3,11,2,11,0,0,0,0,debit_card,branch,east,premium,desktop,0,0,0,578,69.01,172,5,11,7,4,2,0.0201,0.8525,0.1475,0.286,0.000258,0,0.0
2026-03-11,3,11,2,11,0,0,0,0,debit_card,branch,east,retail,desktop,0,0,0,813,49.34,296,21,7,4,1,4,0.0172,0.8555,0.1445,0.2555,0.000365,0,0.0
2026-03-11,3,11,2,11,0,0,0,0,debit_card,branch,north,premium,desktop,0,0,0,613,42.84,360,11,8,8,0,5,0.0242,0.8595,0.1405,0.245,0.000263,0,0.0
2026-03-11,3,11,2,11,0,0,0,0,debit_card,branch,north,retail,desktop,0,0,0,1028,48.97,328,24,8,5,3,5,0.0168,0.8546,0.1454,0.2557,0.000381,0,0.0
2026-03-11,3,11,2,11,0,0,0,0,debit_card,branch,south,premium,desktop,0,0,0,622,45.81,229,11,13,3,1,3,0.0154,0.8659,0.1341,0.2873,0.000297,0,0.0
2026-03-11,3,11,2,11,0,0,0,0,debit_card,branch,south,retail,desktop,0,0,0,930,93.44,327,17,20,5,0,9,0.0161,0.8588,0.1412,0.2867,0.000401,0,0.0
2026-03-11,3,11,2,11,0,0,0,0,debit_card,branch,west,premium,desktop,0,0,0,666,28.71,238,16,11,8,2,4,0.0244,0.8523,0.1477,0.2275,0.000302,0,38.02
2026-03-11,3,11,2,11,0,0,0,0,debit_card,branch,west,retail,desktop,0,0,0,858,117.54,501,22,11,8,0,4,0.018,0.8473,0.1527,0.2924,0.000425,1,113.17
2026-03-11,3,11,2,11,0,0,0,0,debit_card,mobile_app,east,premium,ios,0,0,0,2525,32.3,998,15,26,6,1,9,0.019,0.8544,0.1456,0.3712,0.000424,1,0.0
2026-03-11,3,11,2,11,0,0,0,0,debit_card,mobile_app,east,retail,android,0,0,0,3823,60.68,1207,21,18,5,0,16,0.0158,0.8629,0.1371,0.5464,0.000573,2,83.94
2026-03-11,3,11,2,11,0,0,0,0,debit_card,mobile_app,north,premium,android,0,0,0,2529,45.21,1513,18,40,9,3,27,0.0241,0.8687,0.1313,0.5379,0.000455,3,168.59
2026-03-11,3,11,2,11,0,0,0,0,debit_card,mobile_app,north,retail,android,0,0,0,3439,28.56,999,38,24,10,1,20,0.0149,0.8771,0.1229,0.5442,0.00062,2,124.59
2026-03-11,3,11,2,11,0,0,0,0,debit_card,mobile_app,south,premium,android,0,0,0,2494,148.21,1065,17,28,10,2,5,0.0158,0.8648,0.1352,0.5131,0.000504,0,13.33
2026-03-11,3,11,2,11,0,0,0,0,debit_card,mobile_app,south,retail,ios,0,0,0,3783,60.71,1679,27,25,7,2,14,0.0216,0.8695,0.1305,0.3837,0.000652,2,193.1
2026-03-11,3,11,2,11,0,0,0,0,debit_card,mobile_app,west,premium,android,0,0,0,2831,31.71,1292,17,26,12,5,13,0.0215,0.8571,0.1429,0.5341,0.000509,1,16.75
2026-03-11,3,11,2,11,0,0,0,0,debit_card,mobile_app,west,retail,android,0,0,0,4081,64.73,2123,29,23,9,3,11,0.0267,0.8555,0.1445,0.5305,0.000691,2,110.13
2026-03-11,3,11,2,11,0,0,0,0,debit_card,web,east,premium,desktop,0,0,0,1327,55.36,413,8,13,6,0,4,0.0159,0.8699,0.1301,0.2698,0.000367,0,27.88
2026-03-11,3,11,2,11,0,0,0,0,debit_card,web,east,retail,ios,0,0,0,3310,63.56,1251,20,13,6,3,7,0.0152,0.8618,0.1382,0.2221,0.000519,0,0.0
2026-03-11,3,11,2,11,0,0,0,0,debit_card,web,north,premium,desktop,0,0,0,1333,47.69,458,12,16,7,3,6,0.0187,0.8594,0.1406,0.1842,0.000387,0,0.0
2026-03-11,3,11,2,11,0,0,0,0,debit_card,web,north,retail,desktop,0,0,0,1998,108.5,653,22,10,9,4,10,0.0168,0.8598,0.1402,0.2859,0.00054,1,179.51
2026-03-11,3,11,2,11,0,0,0,0,debit_card,web,south,premium,desktop,0,0,0,1390,66.63,495,11,16,7,0,8,0.0221,0.8831,0.1169,0.2893,0.000426,1,95.08
2026-03-11,3,11,2,11,0,0,0,0,debit_card,web,south,retail,ios,0,0,0,2996,85.25,1048,19,9,11,3,25,0.0235,0.8532,0.1468,0.2331,0.000589,5,336.99
2026-03-11,3,11,2,11,0,0,0,0,debit_card,web,west,premium,android,0,0,0,2650,83.1,1345,9,14,8,1,9,0.0178,0.8749,0.1251,0.4435,0.00044,0,25.73
2026-03-11,3,11,2,11,0,0,0,0,debit_card,web,west,retail,desktop,0,0,0,2570,38.92,1100,20,15,9,1,19,0.0241,0.8557,0.1443,0.3022,0.000625,3,185.31
2026-03-11,3,11,2,11,0,0,0,0,digital_wallet,branch,east,premium,desktop,0,0,0,542,57.21,158,12,15,4,0,8,0.02,0.8643,0.1357,0.2681,0.000365,0,1.62
2026-03-11,3,11,2,11,0,0,0,0,digital_wallet,branch,east,retail,desktop,0,0,0,671,54.39,325,18,7,8,1,5,0.0207,0.8622,0.1378,0.2783,0.000494,1,66.26
2026-03-11,3,11,2,11,0,0,0,0,digital_wallet,branch,north,premium,desktop,0,0,0,500,104.46,304,8,10,5,1,4,0.0237,0.8734,0.1266,0.2486,0.000393,0,47.93
2026-03-11,3,11,2,11,0,0,0,0,digital_wallet,branch,north,retail,desktop,0,0,0,870,36.05,552,23,8,7,4,2,0.0176,0.85,0.15,0.2124,0.000547,0,0.0
2026-03-11,3,11,2,11,0,0,0,0,digital_wallet,branch,south,premium,desktop,0,0,0,433,106.8,186,8,9,5,1,3,0.0133,0.8578,0.1422,0.2746,0.00044,0,23.73
2026-03-11,3,11,2,11,0,0,0,0,digital_wallet,branch,south,retail,desktop,0,0,0,610,34.97,355,7,16,7,1,11,0.0205,0.8582,0.1418,0.2435,0.000583,1,0.0
2026-03-11,3,11,2,11,0,0,0,0,digital_wallet,branch,west,premium,desktop,0,0,0,458,59.17,176,11,6,7,3,3,0.0193,0.833,0.167,0.29,0.000444,0,0.0
2026-03-11,3,11,2,11,0,0,0,0,digital_wallet,branch,west,retail,desktop,0,0,0,623,92.26,241,21,12,4,2,8,0.0258,0.8642,0.1358,0.2611,0.000653,1,87.17
2026-03-11,3,11,2,11,0,0,0,0,digital_wallet,mobile_app,east,premium,android,0,0,0,2202,69.23,893,6,22,11,0,13,0.018,0.8508,0.1492,0.4859,0.000605,0,31.56
2026-03-11,3,11,2,11,0,0,0,0,digital_wallet,mobile_app,east,retail,android,0,0,0,3046,50.36,1172,20,17,7,3,14,0.0156,0.8554,0.1446,0.5175,0.000878,2,101.57
2026-03-11,3,11,2,11,0,0,0,0,digital_wallet,mobile_app,north,premium,android,0,0,0,2358,63.22,1499,18,23,8,2,15,0.0151,0.8516,0.1484,0.5696,0.000668,1,34.71
2026-03-11,3,11,2,11,0,0,0,0,digital_wallet,mobile_app,north,retail,ios,0,0,0,2481,60.17,750,28,20,9,2,15,0.0232,0.8725,0.1275,0.331,0.000895,2,118.94
2026-03-11,3,11,2,11,0,0,0,0,digital_wallet,mobile_app,south,premium,ios,0,0,0,2400,44.18,1088,14,20,19,6,6,0.0193,0.8716,0.1284,0.394,0.000705,0,0.0
2026-03-11,3,11,2,11,0,0,0,0,digital_wallet,mobile_app,south,retail,android,0,0,0,2785,49.91,1515,23,23,11,4,10,0.0151,0.8636,0.1364,0.508,0.001016,1,5.74
2026-03-11,3,11,2,11,0,0,0,0,digital_wallet,mobile_app,west,premium,ios,0,0,0,2278,68.14,1006,6,22,9,3,15,0.0212,0.8582,0.1418,0.3146,0.000732,2,166.23
2026-03-11,3,11,2,11,0,0,0,0,digital_wallet,mobile_app,west,retail,ios,0,0,0,3269,28.31,1482,23,17,9,4,14,0.013,0.8645,0.1355,0.301,0.001035,2,54.54
2026-03-11,3,11,2,11,0,0,0,0,digital_wallet,web,east,premium,desktop,0,0,0,1307,73.52,854,10,14,6,2,9,0.0177,0.8547,0.1453,0.1959,0.000549,1,105.41
2026-03-11,3,11,2,11,0,0,0,0,digital_wallet,web,east,retail,ios,0,0,0,2911,38.08,948,15,17,4,0,17,0.0249,0.8618,0.1382,0.2758,0.000734,5,213.7
2026-03-11,3,11,2,11,0,0,0,0,digital_wallet,web,north,premium,desktop,0,0,0,1296,104.08,440,8,13,7,1,11,0.0148,0.8437,0.1563,0.2397,0.000535,2,243.98
2026-03-11,3,11,2,11,0,0,0,0,digital_wallet,web,north,retail,desktop,0,0,0,1904,75.61,726,16,13,6,2,8,0.0227,0.8564,0.1436,0.3144,0.000771,1,83.21
2026-03-11,3,11,2,11,0,0,0,0,digital_wallet,web,south,premium,desktop,0,0,0,1016,122.72,431,3,16,6,3,16,0.0241,0.8527,0.1473,0.3003,0.000595,2,328.45
2026-03-11,3,11,2,11,0,0,0,0,digital_wallet,web,south,retail,android,0,0,0,2625,62.23,891,18,14,7,1,16,0.0195,0.8443,0.1557,0.484,0.000864,3,200.34
2026-03-11,3,11,2,11,0,0,0,0,digital_wallet,web,west,premium,ios,0,0,0,1601,64.59,670,5,10,6,4,6,0.02,0.8599,0.1401,0.2177,0.000612,0,63.84
2026-03-11,3,11,2,11,0,0,0,0,digital_wallet,web,west,retail,android,0,0,0,3168,46.87,1459,15,13,5,4,14,0.0109,0.8796,0.1204,0.4275,0.000897,5,318.56
2026-03-12,3,12,3,11,0,0,0,0,credit_card,branch,east,premium,desktop,0,0,0,723,70.96,451,14,11,5,4,6,0.025,0.8648,0.1352,0.2676,0.000329,0,27.63
2026-03-12,3,12,3,11,0,0,0,0,credit_card,branch,east,retail,desktop,0,0,0,909,50.7,310,26,7,1,0,4,0.0201,0.876,0.124,0.341,0.000446,0,0.0
2026-03-12,3,12,3,11,0,0,0,0,credit_card,branch,north,premium,desktop,0,0,0,759,70.7,351,14,11,5,0,11,0.0189,0.8734,0.1266,0.2285,0.000342,2,221.26
2026-03-12,3,12,3,11,0,0,0,0,credit_card,branch,north,retail,desktop,0,0,0,863,46.95,439,22,10,4,4,6,0.0197,0.8611,0.1389,0.2592,0.000494,0,23.95
2026-03-12,3,12,3,11,0,0,0,0,credit_card,branch,south,premium,desktop,0,0,0,796,40.71,233,11,15,1,1,8,0.0165,0.869,0.131,0.2702,0.00037,1,57.38
2026-03-12,3,12,3,11,0,0,0,0,credit_card,branch,south,retail,desktop,0,0,0,955,46.87,380,20,8,6,4,5,0.0251,0.8634,0.1366,0.2517,0.000529,1,0.0
2026-03-12,3,12,3,11,0,0,0,0,credit_card,branch,west,premium,desktop,0,0,0,783,89.94,220,5,8,4,0,4,0.0288,0.8577,0.1423,0.2839,0.000398,0,0.0
2026-03-12,3,12,3,11,0,0,0,0,credit_card,branch,west,retail,desktop,0,0,0,1121,109.89,402,20,6,4,1,2,0.0268,0.8576,0.1424,0.2361,0.000534,0,24.65
2026-03-12,3,12,3,11,0,0,0,0,credit_card,mobile_app,east,premium,android,0,0,1,3066,106.76,1076,16,24,15,4,5,0.0284,0.8403,0.1597,0.5331,0.000559,0,21.16
2026-03-12,3,12,3,11,0,0,0,0,credit_card,mobile_app,east,retail,android,0,0,1,5134,89.37,1899,30,21,11,2,31,0.0248,0.8422,0.1578,0.5096,0.000755,7,939.06
2026-03-12,3,12,3,11,0,0,0,0,credit_card,mobile_app,north,premium,android,0,0,1,3525,57.58,2277,20,18,10,0,8,0.03,0.8523,0.1477,0.5199,0.000576,0,8.56
2026-03-12,3,12,3,11,0,0,0,0,credit_card,mobile_app,north,retail,android,0,0,1,4766,95.88,2325,35,20,7,3,20,0.0276,0.8449,0.1551,0.5904,0.00075,4,589.2
2026-03-12,3,12,3,11,0,0,0,0,credit_card,mobile_app,south,premium,android,0,0,1,2741,65.5,1153,15,23,9,4,15,0.0289,0.8409,0.1591,0.5495,0.000637,1,76.09
2026-03-12,3,12,3,11,0,0,0,0,credit_card,mobile_app,south,retail,android,0,0,1,3892,45.55,2320,43,11,6,4,22,0.0331,0.8403,0.1597,0.5271,0.000873,6,403.78
2026-03-12,3,12,3,11,0,0,0,0,credit_card,mobile_app,west,premium,ios,0,0,1,3582,71.13,1168,18,13,11,3,17,0.0288,0.8668,0.1332,0.3636,0.000638,5,424.45
2026-03-12,3,12,3,11,0,0,0,0,credit_card,mobile_app,west,retail,ios,0,0,1,5317,88.49,1686,38,24,4,8,21,0.0336,0.8535,0.1465,0.3392,0.000904,4,342.42
2026-03-12,3,12,3,11,0,0,0,0,credit_card,web,east,premium,desktop,0,0,1,1732,61.41,849,12,15,3,1,5,0.0316,0.8392,0.1608,0.2193,0.00046,0,0.0
2026-03-12,3,12,3,11,0,0,0,0,credit_card,web,east,retail,ios,0,0,1,3958,55.77,1465,18,18,5,5,12,0.0309,0.854,0.146,0.2191,0.00062,2,158.19
2026-03-12,3,12,3,11,0,0,0,0,credit_card,web,north,premium,desktop,0,0,1,2043,74.09,905,9,15,5,0,7,0.0317,0.8549,0.1451,0.2824,0.000486,0,48.63
2026-03-12,3,12,3,11,0,0,0,0,credit_card,web,north,retail,desktop,0,0,1,2714,146.78,1131,38,11,6,1,15,0.0343,0.8556,0.1444,0.2457,0.000676,5,885.4
2026-03-12,3,12,3,11,0,0,0,0,credit_card,web,south,premium,ios,0,0,1,2544,58.78,1103,20,6,9,3,4,0.0261,0.8426,0.1574,0.2599,0.000543,1,76.71
2026-03-12,3,12,3,11,0,0,0,0,credit_card,web,south,retail,desktop,0,0,1,2048,103.95,644,21,10,7,7,6,0.0304,0.842,0.158,0.2326,0.000762,0,0.0
2026-03-12,3,12,3,11,0,0,0,0,credit_card,web,west,premium,desktop,0,0,1,1988,108.16,827,15,13,10,5,7,0.0314,0.8543,0.1457,0.2369,0.000533,1,206.42
2026-03-12,3,12,3,11,0,0,0,0,credit_card,web,west,retail,android,0,0,1,3806,73.75,1535,28,14,3,4,9,0.0357,0.8623,0.1377,0.4713,0.00079,1,90.95
2026-03-12,3,12,3,11,0,0,0,0,debit_card,branch,east,premium,desktop,0,0,0,611,65.79,229,15,14,5,0,7,0.0258,0.8644,0.1356,0.2726,0.000264,0,4.22
2026-03-12,3,12,3,11,0,0,0,0,debit_card,branch,east,retail,desktop,0,0,0,858,49.04,572,27,9,5,1,5,0.0246,0.8687,0.1313,0.2748,0.000358,0,13.27
2026-03-12,3,12,3,11,0,0,0,0,debit_card,branch,north,premium,desktop,0,0,0,619,46.39,300,10,9,0,0,2,0.019,0.8628,0.1372,0.2514,0.000266,0,0.0
2026-03-12,3,12,3,11,0,0,0,0,debit_card,branch,north,retail,desktop,0,0,0,792,62.73,244,16,9,4,1,6,0.0147,0.8586,0.1414,0.3118,0.000373,1,91.46
2026-03-12,3,12,3,11,0,0,0,0,debit_card,branch,south,premium,desktop,0,0,0,565,45.34,210,15,12,6,0,4,0.0211,0.8577,0.1423,0.2339,0.000297,0,53.43
2026-03-12,3,12,3,11,0,0,0,0,debit_card,branch,south,retail,desktop,0,0,0,785,175.45,287,24,15,5,1,9,0.0242,0.8639,0.1361,0.2517,0.000404,0,0.0
2026-03-12,3,12,3,11,0,0,0,0,debit_card,branch,west,premium,desktop,0,0,0,561,56.98,253,22,9,7,2,5,0.0183,0.8639,0.1361,0.2081,0.000306,0,0.0
2026-03-12,3,12,3,11,0,0,0,0,debit_card,branch,west,retail,desktop,0,0,0,874,105.1,371,30,6,4,1,2,0.0239,0.8625,0.1375,0.2444,0.000424,0,0.0
2026-03-12,3,12,3,11,0,0,0,0,debit_card,mobile_app,east,premium,ios,0,0,1,2625,69.04,850,18,18,7,2,7,0.0304,0.8512,0.1488,0.3395,0.000434,0,32.85
2026-03-12,3,12,3,11,0,0,0,0,debit_card,mobile_app,east,retail,android,0,0,1,3420,72.59,1188,25,25,15,2,11,0.0289,0.8417,0.1583,0.5089,0.00064,1,33.15
2026-03-12,3,12,3,11,0,0,0,0,debit_card,mobile_app,north,premium,ios,0,0,1,2694,45.88,1215,12,18,8,4,4,0.0341,0.855,0.145,0.3315,0.000435,0,0.0
2026-03-12,3,12,3,11,0,0,0,0,debit_card,mobile_app,north,retail,android,0,0,1,3776,46.03,1528,30,24,16,2,12,0.0368,0.8378,0.1622,0.5493,0.00064,2,131.61
2026-03-12,3,12,3,11,0,0,0,0,debit_card,mobile_app,south,premium,ios,0,0,1,1975,70.35,649,14,15,12,1,10,0.0303,0.8591,0.1409,0.4232,0.000501,1,22.48
2026-03-12,3,12,3,11,0,0,0,0,debit_card,mobile_app,south,retail,ios,0,0,1,3853,54.5,1979,30,25,11,3,6,0.0313,0.8743,0.1257,0.376,0.000652,1,81.89
2026-03-12,3,12,3,11,0,0,0,0,debit_card,mobile_app,west,premium,android,0,0,1,2483,52.32,1183,20,21,15,4,5,0.0276,0.8334,0.1666,0.5749,0.000515,0,0.0
2026-03-12,3,12,3,11,0,0,0,0,debit_card,mobile_app,west,retail,android,0,0,1,4035,42.26,1995,27,12,4,4,21,0.0281,0.8524,0.1476,0.5073,0.000683,5,139.97
2026-03-12,3,12,3,11,0,0,0,0,debit_card,web,east,premium,desktop,0,0,1,1393,40.97,868,10,13,7,1,4,0.0391,0.8487,0.1513,0.2474,0.000361,0,0.0
2026-03-12,3,12,3,11,0,0,0,0,debit_card,web,east,retail,desktop,0,0,1,2274,96.47,735,20,13,6,1,5,0.0301,0.8615,0.1385,0.2323,0.000522,0,6.63
2026-03-12,3,12,3,11,0,0,0,0,debit_card,web,north,premium,ios,0,0,1,2254,72.67,843,16,18,3,1,18,0.0376,0.8329,0.1671,0.226,0.000372,2,230.67
2026-03-12,3,12,3,11,0,0,0,0,debit_card,web,north,retail,desktop,0,0,1,1978,41.47,1036,20,10,8,0,5,0.0257,0.8677,0.1323,0.2645,0.000561,1,67.05
2026-03-12,3,12,3,11,0,0,0,0,debit_card,web,south,premium,desktop,0,0,1,1247,62.4,551,11,11,4,1,4,0.0355,0.8358,0.1642,0.2881,0.000421,0,12.87
2026-03-12,3,12,3,11,0,0,0,0,debit_card,web,south,retail,desktop,0,0,1,2073,60.44,1038,23,8,5,2,4,0.0268,0.8358,0.1642,0.2669,0.000572,1,86.85
2026-03-12,3,12,3,11,0,0,0,0,debit_card,web,west,premium,desktop,0,0,1,1575,45.03,499,7,15,5,1,5,0.0305,0.8371,0.1629,0.3181,0.000425,0,15.84
2026-03-12,3,12,3,11,0,0,0,0,debit_card,web,west,retail,android,0,0,1,3494,112.49,1187,26,7,3,0,7,0.0263,0.8369,0.1631,0.4856,0.000578,2,261.33
2026-03-12,3,12,3,11,0,0,0,0,digital_wallet,branch,east,premium,desktop,0,0,0,470,43.97,335,13,13,5,1,3,0.0137,0.8824,0.1176,0.2039,0.000399,0,28.01
2026-03-12,3,12,3,11,0,0,0,0,digital_wallet,branch,east,retail,desktop,0,0,0,667,69.69,405,14,8,5,0,3,0.0195,0.8576,0.1424,0.258,0.000504,0,32.07
2026-03-12,3,12,3,11,0,0,0,0,digital_wallet,branch,north,premium,desktop,0,0,0,547,79.27,235,10,12,8,0,4,0.0168,0.8566,0.1434,0.2508,0.000409,0,0.0
2026-03-12,3,12,3,11,0,0,0,0,digital_wallet,branch,north,retail,desktop,0,0,0,741,51.06,214,15,3,4,1,1,0.0157,0.8673,0.1327,0.2569,0.000493,0,37.05
2026-03-12,3,12,3,11,0,0,0,0,digital_wallet,branch,south,premium,desktop,0,0,0,444,95.13,277,9,10,6,0,4,0.0236,0.8704,0.1296,0.2409,0.000429,0,50.2
2026-03-12,3,12,3,11,0,0,0,0,digital_wallet,branch,south,retail,desktop,0,0,0,714,40.27,291,20,11,1,5,6,0.0177,0.8593,0.1407,0.2524,0.000597,1,48.04
2026-03-12,3,12,3,11,0,0,0,0,digital_wallet,branch,west,premium,desktop,0,0,0,638,118.84,402,8,9,7,2,4,0.0247,0.8353,0.1647,0.2203,0.000439,0,16.41
2026-03-12,3,12,3,11,0,0,0,0,digital_wallet,branch,west,retail,desktop,0,0,0,783,55.49,280,13,11,8,4,10,0.0199,0.8556,0.1444,0.2328,0.000649,2,123.08
2026-03-12,3,12,3,11,0,0,0,0,digital_wallet,mobile_app,east,premium,ios,0,0,1,2130,65.38,1231,17,22,9,4,9,0.0295,0.8455,0.1545,0.3458,0.000645,0,9.64
2026-03-12,3,12,3,11,0,0,0,0,digital_wallet,mobile_app,east,retail,ios,0,0,1,3025,75.31,999,25,19,12,2,15,0.0319,0.8369,0.1631,0.3835,0.000894,2,0.72
2026-03-12,3,12,3,11,0,0,0,0,digital_wallet,mobile_app,north,premium,android,0,0,1,1975,79.52,735,13,29,5,2,17,0.0248,0.8436,0.1564,0.5851,0.000648,2,204.29
2026-03-12,3,12,3,11,0,0,0,0,digital_wallet,mobile_app,north,retail,ios,0,0,1,2860,48.96,1605,21,27,11,2,33,0.0309,0.8142,0.1858,0.4143,0.000907,4,223.98
2026-03-12,3,12,3,11,0,0,0,0,digital_wallet,mobile_app,south,premium,android,0,0,1,1758,44.7,1148,11,14,11,3,8,0.037,0.8461,0.1539,0.5221,0.000709,0,0.6
2026-03-12,3,12,3,11,0,0,0,0,digital_wallet,mobile_app,south,retail,android,0,0,1,3198,45.46,1420,23,23,8,4,13,0.0358,0.8512,0.1488,0.5285,0.000958,2,114.68
2026-03-12,3,12,3,11,0,0,0,0,digital_wallet,mobile_app,west,premium,android,0,0,1,2344,35.47,835,13,22,12,1,7,0.032,0.8399,0.1601,0.5389,0.000737,1,6.66
2026-03-12,3,12,3,11,0,0,0,0,digital_wallet,mobile_app,west,retail,android,0,0,1,3113,90.69,1401,23,21,8,11,22,0.0331,0.8422,0.1578,0.5497,0.001034,4,309.84
2026-03-12,3,12,3,11,0,0,0,0,digital_wallet,web,east,premium,desktop,0,0,1,1204,66.6,645,14,12,9,2,4,0.0389,0.851,0.149,0.2588,0.000552,1,44.36
2026-03-12,3,12,3,11,0,0,0,0,digital_wallet,web,east,retail,desktop,0,0,1,1741,70.59,1090,13,13,6,2,7,0.0272,0.8181,0.1819,0.2559,0.000694,1,145.81
2026-03-12,3,12,3,11,0,0,0,0,digital_wallet,web,north,premium,android,0,0,1,1773,55.65,839,13,13,7,0,9,0.0355,0.8554,0.1446,0.3986,0.000557,1,53.9
2026-03-12,3,12,3,11,0,0,0,0,digital_wallet,web,north,retail,desktop,0,0,1,1523,95.55,661,12,17,11,2,4,0.0294,0.8397,0.1603,0.2431,0.000769,0,4.61
2026-03-12,3,12,3,11,0,0,0,0,digital_wallet,web,south,premium,desktop,0,0,1,1189,87.41,404,11,18,11,2,7,0.0349,0.8419,0.1581,0.2335,0.000589,0,0.0
2026-03-12,3,12,3,11,0,0,0,0,digital_wallet,web,south,retail,ios,0,0,1,2102,50.32,857,13,17,5,5,18,0.0268,0.8425,0.1575,0.2684,0.000856,4,232.66
2026-03-12,3,12,3,11,0,0,0,0,digital_wallet,web,west,premium,android,0,0,1,1884,81.33,968,9,10,7,1,2,0.033,0.8467,0.1533,0.4188,0.000632,0,0.0
2026-03-12,3,12,3,11,0,0,0,0,digital_wallet,web,west,retail,desktop,0,0,1,1857,84.18,1165,10,13,4,5,3,0.0295,0.8401,0.1599,0.2313,0.000864,0,0.0
2026-03-13,3,13,4,11,0,0,0,0,credit_card,branch,east,premium,desktop,0,0,0,713,66.54,404,14,15,2,0,7,0.0118,0.8698,0.1302,0.2892,0.000329,0,15.82
2026-03-13,3,13,4,11,0,0,0,0,credit_card,branch,east,retail,desktop,0,0,0,1056,27.29,318,23,15,5,2,5,0.0178,0.8482,0.1518,0.2273,0.000493,0,9.03
2026-03-13,3,13,4,11,0,0,0,0,credit_card,branch,north,premium,desktop,0,0,0,710,99.28,269,12,7,5,0,5,0.0173,0.8597,0.1403,0.2631,0.000336,1,87.84
2026-03-13,3,13,4,11,0,0,0,0,credit_card,branch,north,retail,desktop,0,0,0,963,41.73,580,26,5,3,1,2,0.0247,0.8618,0.1382,0.2344,0.000491,0,14.07
2026-03-13,3,13,4,11,0,0,0,0,credit_card,branch,south,premium,desktop,0,0,0,778,53.82,290,14,12,3,3,3,0.0134,0.8622,0.1378,0.241,0.00038,0,15.87
2026-03-13,3,13,4,11,0,0,0,0,credit_card,branch,south,retail,desktop,0,0,0,1011,41.77,368,36,7,4,0,1,0.0227,0.8559,0.1441,0.2173,0.000515,0,0.0
2026-03-13,3,13,4,11,0,0,0,0,credit_card,branch,west,premium,desktop,0,0,0,780,47.85,301,12,7,3,1,5,0.0151,0.8619,0.1381,0.1842,0.000383,1,20.53
2026-03-13,3,13,4,11,0,0,0,0,credit_card,branch,west,retail,desktop,0,0,0,1170,124.29,520,26,3,3,5,1,0.0237,0.8469,0.1531,0.2861,0.00055,0,48.6
2026-03-13,3,13,4,11,0,0,0,0,credit_card,mobile_app,east,premium,android,0,0,1,2641,63.39,1259,16,19,11,2,6,0.0278,0.8488,0.1512,0.543,0.000547,0,0.0
2026-03-13,3,13,4,11,0,0,0,0,credit_card,mobile_app,east,retail,android,0,0,1,3570,64.91,1760,42,25,15,2,13,0.0232,0.8364,0.1636,0.5676,0.000788,2,177.06
2026-03-13,3,13,4,11,0,0,0,0,credit_card,mobile_app,north,premium,ios,0,0,1,2923,119.49,902,15,18,6,0,7,0.0362,0.8371,0.1629,0.3412,0.00057,0,49.95
2026-03-13,3,13,4,11,0,0,0,0,credit_card,mobile_app,north,retail,android,0,0,1,5335,99.88,1619,36,26,8,1,27,0.0279,0.8541,0.1459,0.5666,0.000779,5,575.0
2026-03-13,3,13,4,11,0,0,0,0,credit_card,mobile_app,south,premium,ios,0,0,1,2806,63.75,961,14,24,14,3,17,0.033,0.8295,0.1705,0.3403,0.000597,1,78.82
2026-03-13,3,13,4,11,0,0,0,0,credit_card,mobile_app,south,retail,ios,0,0,1,4625,121.32,1602,43,25,7,5,20,0.0273,0.851,0.149,0.3275,0.000888,3,413.92
2026-03-13,3,13,4,11,0,0,0,0,credit_card,mobile_app,west,premium,android,0,0,1,3240,78.48,1010,20,19,7,0,9,0.0321,0.8456,0.1544,0.5013,0.000636,2,173.85
2026-03-13,3,13,4,11,0,0,0,0,credit_card,mobile_app,west,retail,android,0,0,1,5703,104.3,2896,32,12,12,1,12,0.0338,0.8255,0.1745,0.5412,0.000894,3,375.14
2026-03-13,3,13,4,11,0,0,0,0,credit_card,web,east,premium,ios,0,0,1,1992,46.69,645,11,13,4,2,8,0.0312,0.8409,0.1591,0.2807,0.000469,0,0.0
2026-03-13,3,13,4,11,0,0,0,0,credit_card,web,east,retail,desktop,0,0,1,2368,53.47,985,24,20,5,4,13,0.0291,0.846,0.154,0.2182,0.000645,2,185.86
2026-03-13,3,13,4,11,0,0,0,0,credit_card,web,north,premium,desktop,0,0,1,1946,243.54,1061,9,8,6,4,2,0.0284,0.8447,0.1553,0.2297,0.000492,0,0.0
2026-03-13,3,13,4,11,0,0,0,0,credit_card,web,north,retail,desktop,0,0,1,2608,73.81,1010,22,14,4,3,8,0.0326,0.8443,0.1557,0.2328,0.000698,0,42.46
2026-03-13,3,13,4,11,0,0,0,0,credit_card,web,south,premium,android,0,0,1,2454,44.32,997,17,10,12,1,6,0.0276,0.835,0.165,0.3556,0.000529,0,0.0
2026-03-13,3,13,4,11,0,0,0,0,credit_card,web,south,retail,desktop,0,0,1,2605,54.87,833,26,18,11,6,15,0.0405,0.8433,0.1567,0.2842,0.000737,2,143.32
2026-03-13,3,13,4,11,0,0,0,0,credit_card,web,west,premium,desktop,0,0,1,1852,78.84,637,12,12,5,2,13,0.0323,0.8534,0.1466,0.2623,0.00055,2,274.55
2026-03-13,3,13,4,11,0,0,0,0,credit_card,web,west,retail,desktop,0,0,1,2545,58.47,885,25,13,14,6,10,0.0252,0.8504,0.1496,0.2456,0.0008,3,233.31
2026-03-13,3,13,4,11,0,0,0,0,debit_card,branch,east,premium,desktop,0,0,0,561,62.19,273,9,8,9,3,2,0.0181,0.8662,0.1338,0.2741,0.000258,0,4.72
2026-03-13,3,13,4,11,0,0,0,0,debit_card,branch,east,retail,desktop,0,0,0,925,68.22,406,21,6,2,0,3,0.0234,0.8395,0.1605,0.193,0.000346,0,4.16
2026-03-13,3,13,4,11,0,0,0,0,debit_card,branch,north,premium,desktop,0,0,0,569,49.31,181,16,13,8,1,6,0.0211,0.8472,0.1528,0.2496,0.000276,0,0.0
2026-03-13,3,13,4,11,0,0,0,0,debit_card,branch,north,retail,desktop,0,0,0,938,30.74,351,25,8,6,2,5,0.018,0.8732,0.1268,0.2454,0.000366,1,27.57
2026-03-13,3,13,4,11,0,0,0,0,debit_card,branch,south,premium,desktop,0,0,0,629,54.42,234,9,6,8,3,3,0.0243,0.8606,0.1394,0.2413,0.000288,0,7.44
2026-03-13,3,13,4,11,0,0,0,0,debit_card,branch,south,retail,desktop,0,0,0,784,37.66,294,27,19,13,1,14,0.0206,0.8558,0.1442,0.2643,0.000423,1,59.04
2026-03-13,3,13,4,11,0,0,0,0,debit_card,branch,west,premium,desktop,0,0,0,620,91.04,225,6,6,4,1,1,0.0276,0.8744,0.1256,0.243,0.000309,0,0.0
2026-03-13,3,13,4,11,0,0,0,0,debit_card,branch,west,retail,desktop,0,0,0,993,157.28,536,23,13,3,3,4,0.0178,0.862,0.138,0.2489,0.000425,0,0.0
2026-03-13,3,13,4,11,0,0,0,0,debit_card,mobile_app,east,premium,android,0,0,1,3042,133.2,1195,16,23,11,1,15,0.0377,0.8562,0.1438,0.5502,0.000437,2,381.65
2026-03-13,3,13,4,11,0,0,0,0,debit_card,mobile_app,east,retail,ios,0,0,1,3509,82.55,2322,25,21,11,1,15,0.0264,0.8436,0.1564,0.292,0.000594,1,54.76
2026-03-13,3,13,4,11,0,0,0,0,debit_card,mobile_app,north,premium,ios,0,0,1,2658,111.99,1459,16,14,10,2,5,0.0256,0.8471,0.1529,0.4111,0.00044,0,0.0
2026-03-13,3,13,4,11,0,0,0,0,debit_card,mobile_app,north,retail,ios,0,0,1,3867,41.96,1410,31,14,5,4,19,0.0307,0.8621,0.1379,0.3017,0.000615,4,195.86
2026-03-13,3,13,4,11,0,0,0,0,debit_card,mobile_app,south,premium,ios,0,0,1,2504,72.62,826,15,12,11,1,11,0.0234,0.845,0.155,0.3481,0.000503,2,135.21
2026-03-13,3,13,4,11,0,0,0,0,debit_card,mobile_app,south,retail,ios,0,0,1,3342,40.57,1228,30,21,9,2,22,0.0281,0.8647,0.1353,0.3734,0.000656,3,133.63
2026-03-13,3,13,4,11,0,0,0,0,debit_card,mobile_app,west,premium,ios,0,0,1,2878,96.5,1263,15,31,13,5,28,0.0253,0.8641,0.1359,0.3606,0.000494,4,440.52
2026-03-13,3,13,4,11,0,0,0,0,debit_card,mobile_app,west,retail,android,0,0,1,3839,63.36,1682,33,20,5,5,15,0.0295,0.8161,0.1839,0.5519,0.000717,3,116.77
2026-03-13,3,13,4,11,0,0,0,0,debit_card,web,east,premium,ios,0,0,1,2275,144.25,734,14,21,4,2,18,0.035,0.8476,0.1524,0.2781,0.000342,3,364.71
2026-03-13,3,13,4,11,0,0,0,0,debit_card,web,east,retail,desktop,0,0,1,2274,75.84,759,31,10,5,0,7,0.032,0.8531,0.1469,0.1779,0.000478,1,118.87
2026-03-13,3,13,4,11,0,0,0,0,debit_card,web,north,premium,desktop,0,0,1,1502,59.85,481,17,15,5,0,10,0.0379,0.8441,0.1559,0.2926,0.000378,1,35.27
2026-03-13,3,13,4,11,0,0,0,0,debit_card,web,north,retail,desktop,0,0,1,2021,85.78,1140,21,22,4,5,18,0.0299,0.8547,0.1453,0.2283,0.000572,1,177.49
2026-03-13,3,13,4,11,0,0,0,0,debit_card,web,south,premium,android,0,0,1,2170,75.29,983,9,17,7,1,8,0.0233,0.8365,0.1635,0.4175,0.000409,1,83.08
2026-03-13,3,13,4,11,0,0,0,0,debit_card,web,south,retail,desktop,0,0,1,1876,58.1,975,21,18,8,6,18,0.0316,0.8242,0.1758,0.2672,0.000582,2,82.23
2026-03-13,3,13,4,11,0,0,0,0,debit_card,web,west,premium,desktop,0,0,1,1572,51.04,635,11,17,8,3,5,0.0301,0.8409,0.1591,0.2382,0.000447,0,0.0
2026-03-13,3,13,4,11,0,0,0,0,debit_card,web,west,retail,desktop,0,0,1,2007,79.25,741,17,24,5,4,14,0.0336,0.8349,0.1651,0.2768,0.000568,3,369.99
2026-03-13,3,13,4,11,0,0,0,0,digital_wallet,branch,east,premium,desktop,0,0,0,490,71.88,301,18,14,7,1,7,0.0196,0.85,0.15,0.2091,0.000366,0,0.0
2026-03-13,3,13,4,11,0,0,0,0,digital_wallet,branch,east,retail,desktop,0,0,0,834,54.88,279,17,12,3,3,3,0.024,0.8666,0.1334,0.2557,0.000539,0,17.82
2026-03-13,3,13,4,11,0,0,0,0,digital_wallet,branch,north,premium,desktop,0,0,0,479,48.19,174,11,9,2,2,4,0.0116,0.8789,0.1211,0.2798,0.000379,0,0.0
2026-03-13,3,13,4,11,0,0,0,0,digital_wallet,branch,north,retail,desktop,0,0,0,730,24.0,254,20,7,4,4,4,0.0192,0.8694,0.1306,0.1992,0.000523,0,0.0
2026-03-13,3,13,4,11,0,0,0,0,digital_wallet,branch,south,premium,desktop,0,0,0,382,40.45,137,6,13,7,1,6,0.0222,0.8513,0.1487,0.2925,0.000434,0,11.32
2026-03-13,3,13,4,11,0,0,0,0,digital_wallet,branch,south,retail,desktop,0,0,0,591,49.41,231,22,11,6,2,8,0.0208,0.8667,0.1333,0.2932,0.000601,1,41.41
2026-03-13,3,13,4,11,0,0,0,0,digital_wallet,branch,west,premium,desktop,0,0,0,544,74.14,232,8,8,6,2,3,0.0111,0.8587,0.1413,0.2341,0.00045,0,40.19
2026-03-13,3,13,4,11,0,0,0,0,digital_wallet,branch,west,retail,desktop,0,0,0,689,87.63,415,19,7,6,2,8,0.024,0.8567,0.1433,0.2548,0.000605,2,138.59
2026-03-13,3,13,4,11,0,0,0,0,digital_wallet,mobile_app,east,premium,ios,0,0,1,2023,35.21,1272,20,27,9,3,17,0.0306,0.8335,0.1665,0.3526,0.00063,2,93.5
2026-03-13,3,13,4,11,0,0,0,0,digital_wallet,mobile_app,east,retail,ios,0,0,1,2843,75.18,888,26,19,16,1,7,0.0268,0.8151,0.1849,0.3503,0.000883,1,17.79
2026-03-13,3,13,4,11,0,0,0,0,digital_wallet,mobile_app,north,premium,android,0,0,1,2094,105.06,698,10,20,13,3,21,0.0319,0.8428,0.1572,0.5018,0.000676,3,338.76
2026-03-13,3,13,4,11,0,0,0,0,digital_wallet,mobile_app,north,retail,ios,0,0,1,2755,70.71,1232,26,21,6,3,25,0.0363,0.8365,0.1635,0.3684,0.000963,6,432.54
2026-03-13,3,13,4,11,0,0,0,0,digital_wallet,mobile_app,south,premium,android,0,0,1,2204,123.27,1010,13,18,9,4,12,0.0266,0.8441,0.1559,0.5615,0.000715,1,119.67
2026-03-13,3,13,4,11,0,0,0,0,digital_wallet,mobile_app,south,retail,ios,0,0,1,2639,60.9,987,19,25,8,8,21,0.0318,0.8292,0.1708,0.3757,0.001045,2,88.5
2026-03-13,3,13,4,11,0,0,0,0,digital_wallet,mobile_app,west,premium,ios,0,0,1,2124,77.83,1243,9,22,12,7,7,0.035,0.8393,0.1607,0.393,0.000753,0,35.65
2026-03-13,3,13,4,11,0,0,0,0,digital_wallet,mobile_app,west,retail,android,0,0,1,3080,44.28,2023,37,24,11,2,14,0.0264,0.837,0.163,0.5143,0.001042,0,0.0
2026-03-13,3,13,4,11,0,0,0,0,digital_wallet,web,east,premium,android,0,0,1,1633,59.29,532,5,14,5,1,20,0.0267,0.8449,0.1551,0.4569,0.000531,4,194.25
2026-03-13,3,13,4,11,0,0,0,0,digital_wallet,web,east,retail,ios,0,0,1,2161,62.72,804,12,16,5,0,8,0.0333,0.8406,0.1594,0.2591,0.000766,1,34.21
2026-03-13,3,13,4,11,0,0,0,0,digital_wallet,web,north,premium,android,0,0,1,1919,102.48,567,5,11,7,3,11,0.0305,0.8567,0.1433,0.4299,0.000538,2,313.51
2026-03-13,3,13,4,11,0,0,0,0,digital_wallet,web,north,retail,desktop,0,0,1,1762,250.08,733,12,19,5,6,10,0.0252,0.8414,0.1586,0.2518,0.00081,1,245.7
2026-03-13,3,13,4,11,0,0,0,0,digital_wallet,web,south,premium,ios,0,0,1,1377,104.38,476,6,14,6,5,9,0.029,0.8641,0.1359,0.2479,0.000606,1,91.85
2026-03-13,3,13,4,11,0,0,0,0,digital_wallet,web,south,retail,desktop,0,0,1,1550,45.01,913,18,12,5,2,9,0.033,0.8362,0.1638,0.2595,0.000892,1,78.59
2026-03-13,3,13,4,11,0,0,0,0,digital_wallet,web,west,premium,android,0,0,1,1842,57.87,705,7,10,5,2,7,0.0296,0.8313,0.1687,0.4034,0.00061,1,119.89
2026-03-13,3,13,4,11,0,0,0,0,digital_wallet,web,west,retail,ios,0,0,1,2900,42.16,881,16,19,1,5,16,0.0313,0.8443,0.1557,0.239,0.000858,4,181.32
2026-03-14,3,14,5,11,1,0,0,0,credit_card,branch,east,premium,desktop,0,0,0,615,132.93,287,15,15,4,1,6,0.0167,0.8506,0.1494,0.2375,0.000331,0,66.81
2026-03-14,3,14,5,11,1,0,0,0,credit_card,branch,east,retail,desktop,0,0,0,876,73.02,496,22,9,4,1,5,0.0238,0.847,0.153,0.227,0.000446,0,0.0
2026-03-14,3,14,5,11,1,0,0,0,credit_card,branch,north,premium,desktop,0,0,0,588,94.44,217,13,14,4,0,5,0.0271,0.8565,0.1435,0.2692,0.000339,0,0.0
2026-03-14,3,14,5,11,1,0,0,0,credit_card,branch,north,retail,desktop,0,0,0,1021,74.41,541,21,8,5,3,5,0.0181,0.8423,0.1577,0.2672,0.000485,1,116.33
2026-03-14,3,14,5,11,1,0,0,0,credit_card,branch,south,premium,desktop,0,0,0,670,44.24,376,10,9,4,2,5,0.0276,0.8571,0.1429,0.2133,0.000384,0,0.0
2026-03-14,3,14,5,11,1,0,0,0,credit_card,branch,south,retail,desktop,0,0,0,794,62.09,265,18,13,4,3,2,0.0186,0.8613,0.1387,0.2515,0.00054,0,0.0
2026-03-14,3,14,5,11,1,0,0,0,credit_card,branch,west,premium,desktop,0,0,0,634,92.77,393,11,7,3,1,4,0.0199,0.8425,0.1575,0.2183,0.000365,0,0.0
2026-03-14,3,14,5,11,1,0,0,0,credit_card,branch,west,retail,desktop,0,0,0,973,104.24,311,24,13,7,1,7,0.0154,0.8679,0.1321,0.2296,0.000559,1,133.59
2026-03-14,3,14,5,11,1,0,0,0,credit_card,mobile_app,east,premium,android,0,0,1,2734,102.22,852,18,18,12,1,12,0.0293,0.8357,0.1643,0.5086,0.00057,2,163.69
2026-03-14,3,14,5,11,1,0,0,0,credit_card,mobile_app,east,retail,ios,0,0,1,3781,51.16,1104,36,26,8,3,22,0.0274,0.8396,0.1604,0.3167,0.000796,4,233.84
2026-03-14,3,14,5,11,1,0,0,0,credit_card,mobile_app,north,premium,ios,0,0,1,2277,35.54,1285,13,22,9,3,18,0.0376,0.823,0.177,0.3684,0.00055,2,80.42
2026-03-14,3,14,5,11,1,0,0,0,credit_card,mobile_app,north,retail,ios,0,0,1,4435,80.12,1481,23,15,11,3,23,0.0312,0.8283,0.1717,0.3503,0.000785,5,345.14
2026-03-14,3,14,5,11,1,0,0,0,credit_card,mobile_app,south,premium,android,0,0,1,2612,117.26,1482,12,26,9,4,18,0.0366,0.8354,0.1646,0.5439,0.000653,1,142.3
2026-03-14,3,14,5,11,1,0,0,0,credit_card,mobile_app,south,retail,android,0,0,1,4124,78.57,1410,27,27,10,7,13,0.0226,0.8435,0.1565,0.5584,0.000847,2,224.87
2026-03-14,3,14,5,11,1,0,0,0,credit_card,mobile_app,west,premium,ios,0,0,1,2588,54.37,1528,16,24,9,7,17,0.0327,0.8371,0.1629,0.3284,0.00061,3,336.2
2026-03-14,3,14,5,11,1,0,0,0,credit_card,mobile_app,west,retail,ios,0,0,1,3793,70.32,1172,35,25,16,4,26,0.0257,0.8457,0.1543,0.3435,0.000934,5,388.54
2026-03-14,3,14,5,11,1,0,0,0,credit_card,web,east,premium,ios,0,0,1,2088,97.97,1250,18,10,12,2,8,0.0255,0.835,0.165,0.2998,0.00046,2,302.53
2026-03-14,3,14,5,11,1,0,0,0,credit_card,web,east,retail,desktop,0,0,1,2093,62.71,656,26,17,13,2,11,0.0321,0.843,0.157,0.2176,0.000708,1,82.33
2026-03-14,3,14,5,11,1,0,0,0,credit_card,web,north,premium,ios,0,0,1,2174,81.13,1273,11,15,10,4,4,0.0304,0.8322,0.1678,0.2614,0.000481,0,26.85
2026-03-14,3,14,5,11,1,0,0,0,credit_card,web,north,retail,desktop,0,0,1,2023,80.34,742,20,13,1,2,20,0.029,0.8444,0.1556,0.2599,0.000699,4,492.03
2026-03-14,3,14,5,11,1,0,0,0,credit_card,web,south,premium,desktop,0,0,1,1349,90.86,771,14,19,7,3,8,0.0257,0.8402,0.1598,0.2506,0.000541,2,292.78
2026-03-14,3,14,5,11,1,0,0,0,credit_card,web,south,retail,desktop,0,0,1,2021,100.62,691,30,16,8,4,6,0.0339,0.8261,0.1739,0.2558,0.000782,0,22.4
2026-03-14,3,14,5,11,1,0,0,0,credit_card,web,west,premium,ios,0,0,1,2186,48.67,663,11,19,8,0,6,0.0359,0.8281,0.1719,0.2238,0.000569,0,15.27
2026-03-14,3,14,5,11,1,0,0,0,credit_card,web,west,retail,android,0,0,1,4198,105.13,1416,37,14,7,3,11,0.0327,0.845,0.155,0.4151,0.000785,3,457.66
2026-03-14,3,14,5,11,1,0,0,0,debit_card,branch,east,premium,desktop,0,0,0,541,93.99,143,12,13,3,0,4,0.021,0.8581,0.1419,0.221,0.000236,0,0.0
2026-03-14,3,14,5,11,1,0,0,0,debit_card,branch,east,retail,desktop,0,0,0,784,72.95,250,25,9,6,2,2,0.0246,0.8542,0.1458,0.2629,0.000358,0,0.0
2026-03-14,3,14,5,11,1,0,0,0,debit_card,branch,north,premium,desktop,0,0,0,538,65.21,189,10,12,8,1,3,0.0134,0.86,0.14,0.2742,0.000273,0,0.0
2026-03-14,3,14,5,11,1,0,0,0,debit_card,branch,north,retail,desktop,0,0,0,808,92.47,282,30,7,5,0,4,0.0213,0.8476,0.1524,0.2834,0.000377,0,13.06
2026-03-14,3,14,5,11,1,0,0,0,debit_card,branch,south,premium,desktop,0,0,0,521,63.69,220,9,11,7,1,3,0.0185,0.8263,0.1737,0.2892,0.000297,0,8.24
2026-03-14,3,14,5,11,1,0,0,0,debit_card,branch,south,retail,desktop,0,0,0,740,74.74,242,17,10,0,2,2,0.0213,0.8453,0.1547,0.2143,0.00039,0,0.0
2026-03-14,3,14,5,11,1,0,0,0,debit_card,branch,west,premium,desktop,0,0,0,484,52.68,296,13,13,5,0,8,0.018,0.8694,0.1306,0.2791,0.000297,0,30.58
2026-03-14,3,14,5,11,1,0,0,0,debit_card,branch,west,retail,desktop,0,0,0,795,55.11,529,15,15,4,2,5,0.0208,0.8476,0.1524,0.2814,0.000426,0,0.0
2026-03-14,3,14,5,11,1,0,0,0,debit_card,mobile_app,east,premium,android,0,0,1,2292,61.4,1059,12,20,19,1,17,0.0241,0.8347,0.1653,0.5741,0.000441,2,112.37
2026-03-14,3,14,5,11,1,0,0,0,debit_card,mobile_app,east,retail,android,0,0,1,3418,39.14,2024,26,18,9,2,6,0.028,0.8208,0.1792,0.5182,0.000617,0,0.0
2026-03-14,3,14,5,11,1,0,0,0,debit_card,mobile_app,north,premium,ios,0,0,1,2255,62.32,917,13,20,9,3,19,0.0288,0.8447,0.1553,0.2912,0.000453,2,95.4
2026-03-14,3,14,5,11,1,0,0,0,debit_card,mobile_app,north,retail,android,0,0,1,3355,67.37,1633,33,24,10,3,16,0.0333,0.8402,0.1598,0.5428,0.000623,3,236.62
2026-03-14,3,14,5,11,1,0,0,0,debit_card,mobile_app,south,premium,ios,0,0,1,2155,39.99,872,16,18,10,3,16,0.0333,0.8343,0.1657,0.319,0.000474,2,121.31
2026-03-14,3,14,5,11,1,0,0,0,debit_card,mobile_app,south,retail,android,0,0,1,3531,81.86,1104,27,20,14,1,5,0.0273,0.8242,0.1758,0.5595,0.000715,0,0.0
2026-03-14,3,14,5,11,1,0,0,0,debit_card,mobile_app,west,premium,android,0,0,1,2768,118.42,950,14,12,9,4,6,0.0322,0.8566,0.1434,0.4915,0.000513,1,91.57
2026-03-14,3,14,5,11,1,0,0,0,debit_card,mobile_app,west,retail,android,0,0,1,3736,52.29,1260,24,18,8,1,10,0.0329,0.8368,0.1632,0.5106,0.000712,2,93.96
2026-03-14,3,14,5,11,1,0,0,0,debit_card,web,east,premium,desktop,0,0,1,1093,97.43,463,8,12,5,2,9,0.0285,0.8393,0.1607,0.2309,0.000366,1,131.98
2026-03-14,3,14,5,11,1,0,0,0,debit_card,web,east,retail,desktop,0,0,1,1695,52.39,739,21,18,7,2,10,0.0328,0.8219,0.1781,0.2552,0.000513,1,78.84
2026-03-14,3,14,5,11,1,0,0,0,debit_card,web,north,premium,desktop,0,0,1,1244,74.92,623,12,20,4,2,12,0.0237,0.8367,0.1633,0.2123,0.000386,0,37.87
2026-03-14,3,14,5,11,1,0,0,0,debit_card,web,north,retail,desktop,0,0,1,1702,65.22,603,21,13,9,3,11,0.0286,0.8275,0.1725,0.2422,0.000563,2,126.32
2026-03-14,3,14,5,11,1,0,0,0,debit_card,web,south,premium,desktop,0,0,1,1290,37.21,379,13,14,5,0,5,0.0218,0.8336,0.1664,0.2696,0.000399,0,0.0
2026-03-14,3,14,5,11,1,0,0,0,debit_card,web,south,retail,desktop,0,0,1,1988,63.78,721,19,20,5,5,14,0.0362,0.8019,0.1981,0.2187,0.000607,2,167.72
2026-03-14,3,14,5,11,1,0,0,0,debit_card,web,west,premium,desktop,0,0,1,1415,64.72,954,10,23,5,1,17,0.023,0.829,0.171,0.2365,0.000431,1,93.14
2026-03-14,3,14,5,11,1,0,0,0,debit_card,web,west,retail,desktop,0,0,1,1869,48.89,687,25,15,14,6,10,0.0282,0.8432,0.1568,0.2626,0.000615,2,64.74
2026-03-14,3,14,5,11,1,0,0,0,digital_wallet,branch,east,premium,desktop,0,0,0,432,70.73,239,10,12,6,7,8,0.0183,0.8597,0.1403,0.2625,0.000391,0,70.68
2026-03-14,3,14,5,11,1,0,0,0,digital_wallet,branch,east,retail,desktop,0,0,0,589,42.4,191,16,8,6,2,5,0.0151,0.8549,0.1451,0.2455,0.000521,1,46.13
2026-03-14,3,14,5,11,1,0,0,0,digital_wallet,branch,north,premium,desktop,0,0,0,467,110.14,261,8,15,5,3,9,0.0176,0.8483,0.1517,0.2864,0.000406,0,0.0
2026-03-14,3,14,5,11,1,0,0,0,digital_wallet,branch,north,retail,desktop,0,0,0,667,60.94,353,22,10,3,2,3,0.0233,0.834,0.166,0.2337,0.000555,0,32.35
2026-03-14,3,14,5,11,1,0,0,0,digital_wallet,branch,south,premium,desktop,0,0,0,313,48.92,124,5,10,4,0,4,0.0235,0.863,0.137,0.2726,0.00041,0,0.0
2026-03-14,3,14,5,11,1,0,0,0,digital_wallet,branch,south,retail,desktop,0,0,0,593,76.37,389,14,11,2,4,15,0.0255,0.8428,0.1572,0.2365,0.000579,2,158.73
2026-03-14,3,14,5,11,1,0,0,0,digital_wallet,branch,west,premium,desktop,0,0,0,427,62.75,182,11,11,5,4,4,0.019,0.8344,0.1656,0.2324,0.000431,0,21.52
2026-03-14,3,14,5,11,1,0,0,0,digital_wallet,branch,west,retail,desktop,0,0,0,638,105.15,235,8,9,4,2,2,0.0248,0.8522,0.1478,0.2957,0.000564,0,25.73
2026-03-14,3,14,5,11,1,0,0,0,digital_wallet,mobile_app,east,premium,android,0,0,1,1825,48.48,617,15,20,13,3,16,0.0285,0.8405,0.1595,0.5307,0.000659,1,89.26
2026-03-14,3,14,5,11,1,0,0,0,digital_wallet,mobile_app,east,retail,android,0,0,1,2733,47.03,1489,19,21,12,11,15,0.0223,0.8299,0.1701,0.5424,0.000872,2,92.33
2026-03-14,3,14,5,11,1,0,0,0,digital_wallet,mobile_app,north,premium,android,0,0,1,1854,123.88,680,6,28,5,5,13,0.0298,0.8367,0.1633,0.5495,0.000651,2,278.96
2026-03-14,3,14,5,11,1,0,0,0,digital_wallet,mobile_app,north,retail,android,0,0,1,3016,33.81,982,24,20,3,5,23,0.026,0.84,0.16,0.4828,0.000864,6,177.0
2026-03-14,3,14,5,11,1,0,0,0,digital_wallet,mobile_app,south,premium,ios,0,0,1,1529,49.42,675,11,24,6,1,13,0.0311,0.8354,0.1646,0.4241,0.000709,0,36.72
2026-03-14,3,14,5,11,1,0,0,0,digital_wallet,mobile_app,south,retail,ios,0,0,1,2444,65.19,869,19,33,15,5,30,0.0331,0.8404,0.1596,0.3474,0.001028,5,247.69
2026-03-14,3,14,5,11,1,0,0,0,digital_wallet,mobile_app,west,premium,android,0,0,1,1764,62.77,868,13,22,8,1,9,0.0371,0.8484,0.1516,0.5381,0.000748,1,29.88
2026-03-14,3,14,5,11,1,0,0,0,digital_wallet,mobile_app,west,retail,ios,0,0,1,2601,35.37,1257,32,18,6,4,17,0.031,0.8289,0.1711,0.3454,0.001033,4,122.9
2026-03-14,3,14,5,11,1,0,0,0,digital_wallet,web,east,premium,desktop,0,0,1,1024,73.88,378,14,18,6,1,5,0.0273,0.8509,0.1491,0.3062,0.000549,0,21.64
2026-03-14,3,14,5,11,1,0,0,0,digital_wallet,web,east,retail,android,0,0,1,2181,58.86,1368,10,11,6,1,10,0.0289,0.833,0.167,0.405,0.000731,2,129.26
2026-03-14,3,14,5,11,1,0,0,0,digital_wallet,web,north,premium,desktop,0,0,1,825,39.59,277,6,13,4,2,6,0.0224,0.8425,0.1575,0.272,0.000548,0,0.0
2026-03-14,3,14,5,11,1,0,0,0,digital_wallet,web,north,retail,android,0,0,1,2511,112.1,778,11,13,10,0,11,0.0366,0.8395,0.1605,0.4548,0.000765,2,289.64
2026-03-14,3,14,5,11,1,0,0,0,digital_wallet,web,south,premium,desktop,0,0,1,916,63.92,293,6,17,6,1,5,0.0268,0.8287,0.1713,0.2934,0.000602,0,19.76
2026-03-14,3,14,5,11,1,0,0,0,digital_wallet,web,south,retail,android,0,0,1,2103,65.82,788,11,9,9,1,7,0.0296,0.834,0.166,0.4231,0.000793,1,113.22
2026-03-14,3,14,5,11,1,0,0,0,digital_wallet,web,west,premium,desktop,0,0,1,1076,54.65,367,9,16,12,2,11,0.0331,0.838,0.162,0.2345,0.000614,2,147.29
2026-03-14,3,14,5,11,1,0,0,0,digital_wallet,web,west,retail,desktop,0,0,1,1576,44.43,976,26,13,6,2,14,0.0276,0.8359,0.1641,0.2727,0.0009,3,167.58
2026-03-15,3,15,6,11,1,0,1,0,credit_card,branch,east,premium,desktop,0,0,0,746,105.62,517,17,14,3,1,4,0.0191,0.8558,0.1442,0.2514,0.000325,0,54.29
2026-03-15,3,15,6,11,1,0,1,0,credit_card,branch,east,retail,desktop,0,0,0,1113,85.47,477,28,8,4,2,5,0.0224,0.8725,0.1275,0.3198,0.000472,1,83.61
2026-03-15,3,15,6,11,1,0,1,0,credit_card,branch,north,premium,desktop,0,0,0,692,61.37,463,12,17,5,1,10,0.0236,0.8568,0.1432,0.2375,0.000356,0,0.0
2026-03-15,3,15,6,11,1,0,1,0,credit_card,branch,north,retail,desktop,0,0,0,1010,105.87,530,26,16,9,0,12,0.0232,0.8429,0.1571,0.2109,0.000503,2,292.05
2026-03-15,3,15,6,11,1,0,1,0,credit_card,branch,south,premium,desktop,0,0,0,682,77.83,221,6,11,5,7,5,0.0214,0.856,0.144,0.2649,0.000365,0,10.1
2026-03-15,3,15,6,11,1,0,1,0,credit_card,branch,south,retail,desktop,0,0,0,772,121.65,234,25,17,7,2,10,0.0271,0.8578,0.1422,0.2646,0.00055,0,0.0
2026-03-15,3,15,6,11,1,0,1,0,credit_card,branch,west,premium,desktop,0,0,0,792,58.26,421,11,8,6,2,5,0.0207,0.8411,0.1589,0.2661,0.000398,0,0.0
2026-03-15,3,15,6,11,1,0,1,0,credit_card,branch,west,retail,desktop,0,0,0,894,69.99,344,22,15,7,1,8,0.022,0.8585,0.1415,0.2717,0.000553,0,10.26
2026-03-15,3,15,6,11,1,0,1,0,credit_card,mobile_app,east,premium,ios,0,0,1,2487,64.75,1081,11,22,8,2,16,0.0306,0.8352,0.1648,0.3206,0.000571,1,100.68
2026-03-15,3,15,6,11,1,0,1,0,credit_card,mobile_app,east,retail,android,0,0,1,4745,44.44,2635,31,22,9,6,27,0.0283,0.8462,0.1538,0.5561,0.000765,5,368.0
2026-03-15,3,15,6,11,1,0,1,0,credit_card,mobile_app,north,premium,android,0,0,1,2885,149.85,1296,14,21,12,4,21,0.0281,0.8275,0.1725,0.4875,0.000571,4,989.73
2026-03-15,3,15,6,11,1,0,1,0,credit_card,mobile_app,north,retail,android,0,0,1,5058,95.83,2313,44,29,8,3,28,0.0282,0.8485,0.1515,0.515,0.000792,5,593.13
2026-03-15,3,15,6,11,1,0,1,0,credit_card,mobile_app,south,premium,ios,0,0,1,2492,55.44,836,17,19,9,1,10,0.0271,0.8237,0.1763,0.3275,0.000632,0,22.62
2026-03-15,3,15,6,11,1,0,1,0,credit_card,mobile_app,south,retail,ios,0,0,1,4392,116.37,1646,34,25,11,3,23,0.0274,0.8289,0.1711,0.4042,0.000882,2,313.53
2026-03-15,3,15,6,11,1,0,1,0,credit_card,mobile_app,west,premium,ios,0,0,1,3072,67.99,952,19,25,13,4,12,0.0277,0.8355,0.1645,0.3829,0.000651,2,234.02
2026-03-15,3,15,6,11,1,0,1,0,credit_card,mobile_app,west,retail,android,0,0,1,4626,71.44,2322,28,13,6,5,19,0.0271,0.8235,0.1765,0.5402,0.00094,7,548.2
2026-03-15,3,15,6,11,1,0,1,0,credit_card,web,east,premium,android,0,0,1,2606,76.1,989,7,22,6,2,13,0.0305,0.8418,0.1582,0.4658,0.000487,1,106.72
2026-03-15,3,15,6,11,1,0,1,0,credit_card,web,east,retail,android,0,0,1,3516,63.18,1839,21,18,7,5,13,0.0315,0.849,0.151,0.485,0.00068,3,288.68
2026-03-15,3,15,6,11,1,0,1,0,credit_card,web,north,premium,desktop,0,0,1,1646,95.63,493,17,20,9,0,12,0.0275,0.8473,0.1527,0.2868,0.000509,2,175.43
2026-03-15,3,15,6,11,1,0,1,0,credit_card,web,north,retail,desktop,0,0,1,2265,52.01,789,16,18,8,3,8,0.0324,0.8119,0.1881,0.2388,0.00071,1,33.68
2026-03-15,3,15,6,11,1,0,1,0,credit_card,web,south,premium,desktop,0,0,1,1450,83.71,663,9,17,3,3,6,0.0272,0.8385,0.1615,0.3109,0.000522,1,90.76
2026-03-15,3,15,6,11,1,0,1,0,credit_card,web,south,retail,desktop,0,0,1,2584,96.17,818,25,15,4,3,3,0.0332,0.8324,0.1676,0.2106,0.000782,0,0.0
2026-03-15,3,15,6,11,1,0,1,0,credit_card,web,west,premium,ios,0,0,1,2660,71.74,1266,25,17,7,3,9,0.0293,0.8334,0.1666,0.2619,0.000577,2,269.2
2026-03-15,3,15,6,11,1,0,1,0,credit_card,web,west,retail,android,0,0,1,4044,105.04,1468,24,11,10,5,11,0.0293,0.8293,0.1707,0.4598,0.000765,4,584.87
2026-03-15,3,15,6,11,1,0,1,0,debit_card,branch,east,premium,desktop,0,0,0,518,49.87,243,9,13,7,0,4,0.0174,0.8518,0.1482,0.1608,0.00026,0,16.0
2026-03-15,3,15,6,11,1,0,1,0,debit_card,branch,east,retail,desktop,0,0,0,825,70.27,311,17,12,6,0,6,0.0192,0.8676,0.1324,0.2091,0.000357,0,0.0
2026-03-15,3,15,6,11,1,0,1,0,debit_card,branch,north,premium,desktop,0,0,0,525,115.83,274,12,15,6,2,6,0.0206,0.8569,0.1431,0.2097,0.000286,0,0.0
2026-03-15,3,15,6,11,1,0,1,0,debit_card,branch,north,retail,desktop,0,0,0,807,105.34,260,25,16,7,3,7,0.0189,0.836,0.164,0.2971,0.000368,0,27.84
2026-03-15,3,15,6,11,1,0,1,0,debit_card,branch,south,premium,desktop,0,0,0,458,89.3,128,5,8,3,1,6,0.0175,0.8457,0.1543,0.2372,0.000291,1,79.41
2026-03-15,3,15,6,11,1,0,1,0,debit_card,branch,south,retail,desktop,0,0,0,737,55.07,432,12,13,2,1,8,0.019,0.8652,0.1348,0.3081,0.000386,0,52.71
2026-03-15,3,15,6,11,1,0,1,0,debit_card,branch,west,premium,desktop,0,0,0,550,64.39,192,11,6,4,2,6,0.0215,0.832,0.168,0.2545,0.000312,1,85.85
2026-03-15,3,15,6,11,1,0,1,0,debit_card,branch,west,retail,desktop,0,0,0,1000,56.42,340,21,4,4,0,4,0.0226,0.858,0.142,0.2267,0.000445,1,30.94
2026-03-15,3,15,6,11,1,0,1,0,debit_card,mobile_app,east,premium,ios,0,0,1,2219,44.49,742,13,21,7,3,10,0.0305,0.8393,0.1607,0.379,0.000439,0,0.0
2026-03-15,3,15,6,11,1,0,1,0,debit_card,mobile_app,east,retail,ios,0,0,1,3426,93.47,1764,27,21,10,2,23,0.0352,0.8477,0.1523,0.3761,0.000582,6,584.82
2026-03-15,3,15,6,11,1,0,1,0,debit_card,mobile_app,north,premium,android,0,0,1,2487,90.95,1286,12,21,13,1,15,0.0304,0.8365,0.1635,0.5425,0.000448,1,68.41
2026-03-15,3,15,6,11,1,0,1,0,debit_card,mobile_app,north,retail,android,0,0,1,4230,69.94,2104,27,20,6,3,5,0.0291,0.8411,0.1589,0.5322,0.000627,0,0.0
2026-03-15,3,15,6,11,1,0,1,0,debit_card,mobile_app,south,premium,ios,0,0,1,2138,94.63,868,26,16,9,1,6,0.0267,0.8316,0.1684,0.3586,0.000498,0,0.0
2026-03-15,3,15,6,11,1,0,1,0,debit_card,mobile_app,south,retail,android,0,0,1,3621,78.13,1575,25,24,12,2,8,0.0287,0.8296,0.1704,0.4923,0.000694,2,86.17
2026-03-15,3,15,6,11,1,0,1,0,debit_card,mobile_app,west,premium,android,0,0,1,2420,73.06,1030,11,25,10,1,13,0.0334,0.8305,0.1695,0.6033,0.000502,1,67.68
2026-03-15,3,15,6,11,1,0,1,0,debit_card,mobile_app,west,retail,ios,0,0,1,4040,42.13,1246,30,33,14,2,18,0.0287,0.843,0.157,0.3216,0.000707,3,118.98
2026-03-15,3,15,6,11,1,0,1,0,debit_card,web,east,premium,ios,0,0,1,2110,42.72,840,10,13,6,3,12,0.0292,0.8346,0.1654,0.2371,0.000383,2,88.14
2026-03-15,3,15,6,11,1,0,1,0,debit_card,web,east,retail,desktop,0,0,1,2033,86.38,1023,24,22,10,2,10,0.0333,0.8139,0.1861,0.2297,0.000554,3,426.61
2026-03-15,3,15,6,11,1,0,1,0,debit_card,web,north,premium,desktop,0,0,1,1457,41.01,460,12,9,10,1,5,0.0323,0.8532,0.1468,0.2588,0.000375,0,103.86
2026-03-15,3,15,6,11,1,0,1,0,debit_card,web,north,retail,desktop,0,0,1,2119,52.79,890,17,22,1,3,14,0.0266,0.8487,0.1513,0.2544,0.00053,0,0.0
2026-03-15,3,15,6,11,1,0,1,0,debit_card,web,south,premium,ios,0,0,1,1988,43.52,710,10,9,7,1,6,0.0338,0.826,0.174,0.292,0.000408,1,104.62
2026-03-15,3,15,6,11,1,0,1,0,debit_card,web,south,retail,desktop,0,0,1,1911,76.91,1018,26,14,9,4,9,0.0274,0.8229,0.1771,0.1862,0.000566,0,0.0
2026-03-15,3,15,6,11,1,0,1,0,debit_card,web,west,premium,desktop,0,0,1,1804,34.08,606,14,22,6,3,9,0.0225,0.8429,0.1571,0.2612,0.000451,0,0.0
2026-03-15,3,15,6,11,1,0,1,0,debit_card,web,west,retail,desktop,0,0,1,2088,75.36,941,24,12,6,1,4,0.03,0.8483,0.1517,0.2764,0.000608,1,129.61
2026-03-15,3,15,6,11,1,0,1,0,digital_wallet,branch,east,premium,desktop,0,0,0,428,53.5,146,12,11,6,3,5,0.0167,0.8437,0.1563,0.2589,0.000394,0,30.68
2026-03-15,3,15,6,11,1,0,1,0,digital_wallet,branch,east,retail,desktop,0,0,0,666,69.97,209,15,11,2,2,5,0.0171,0.8635,0.1365,0.219,0.000534,0,0.0
2026-03-15,3,15,6,11,1,0,1,0,digital_wallet,branch,north,premium,desktop,0,0,0,487,76.79,300,9,11,3,1,7,0.0179,0.8518,0.1482,0.2395,0.000391,0,17.69
2026-03-15,3,15,6,11,1,0,1,0,digital_wallet,branch,north,retail,desktop,0,0,0,694,57.75,407,20,12,3,3,3,0.0203,0.8541,0.1459,0.2721,0.000577,0,10.3
2026-03-15,3,15,6,11,1,0,1,0,digital_wallet,branch,south,premium,desktop,0,0,0,420,72.1,245,3,10,10,3,2,0.0173,0.8572,0.1428,0.3003,0.000435,0,0.0
2026-03-15,3,15,6,11,1,0,1,0,digital_wallet,branch,south,retail,desktop,0,0,0,647,46.66,201,18,10,6,1,2,0.0163,0.8545,0.1455,0.2771,0.000592,0,22.65
2026-03-15,3,15,6,11,1,0,1,0,digital_wallet,branch,west,premium,desktop,0,0,0,414,36.48,153,9,10,5,2,6,0.0259,0.8551,0.1449,0.2607,0.000445,0,35.01
2026-03-15,3,15,6,11,1,0,1,0,digital_wallet,branch,west,retail,desktop,0,0,0,729,70.06,443,13,9,1,2,6,0.0239,0.8536,0.1464,0.3015,0.000606,0,58.4
2026-03-15,3,15,6,11,1,0,1,0,digital_wallet,mobile_app,east,premium,ios,0,0,1,1693,88.0,536,17,18,8,6,10,0.0276,0.8379,0.1621,0.3554,0.000623,1,133.56
2026-03-15,3,15,6,11,1,0,1,0,digital_wallet,mobile_app,east,retail,ios,0,0,1,3057,46.17,1665,23,21,21,3,20,0.0294,0.8438,0.1562,0.3724,0.000902,3,112.42
2026-03-15,3,15,6,11,1,0,1,0,digital_wallet,mobile_app,north,premium,ios,0,0,1,2230,98.65,958,12,28,8,3,17,0.0301,0.8289,0.1711,0.3705,0.000649,0,0.0
2026-03-15,3,15,6,11,1,0,1,0,digital_wallet,mobile_app,north,retail,android,0,0,1,2910,90.27,1090,27,29,10,4,23,0.0274,0.8288,0.1712,0.5193,0.000906,3,323.46
2026-03-15,3,15,6,11,1,0,1,0,digital_wallet,mobile_app,south,premium,ios,0,0,1,1786,79.35,698,11,23,13,7,17,0.0292,0.8376,0.1624,0.3598,0.000705,2,220.25
2026-03-15,3,15,6,11,1,0,1,0,digital_wallet,mobile_app,south,retail,android,0,0,1,2668,66.09,1357,22,19,6,2,17,0.0246,0.8419,0.1581,0.5554,0.001077,2,175.14
2026-03-15,3,15,6,11,1,0,1,0,digital_wallet,mobile_app,west,premium,android,0,0,1,2175,69.06,871,12,29,13,2,12,0.0326,0.833,0.167,0.5685,0.000723,3,190.36
2026-03-15,3,15,6,11,1,0,1,0,digital_wallet,mobile_app,west,retail,android,0,0,1,3373,95.22,2242,18,27,9,6,15,0.0327,0.829,0.171,0.5497,0.001055,1,122.31
2026-03-15,3,15,6,11,1,0,1,0,digital_wallet,web,east,premium,android,0,0,1,1711,95.41,602,6,23,11,0,13,0.0321,0.8419,0.1581,0.427,0.00054,1,83.76
2026-03-15,3,15,6,11,1,0,1,0,digital_wallet,web,east,retail,desktop,0,0,1,1654,46.48,520,17,19,2,2,11,0.0233,0.8289,0.1711,0.188,0.000724,0,11.96
2026-03-15,3,15,6,11,1,0,1,0,digital_wallet,web,north,premium,android,0,0,1,1846,83.18,805,8,8,2,2,2,0.0252,0.8371,0.1629,0.4363,0.000519,0,0.0
2026-03-15,3,15,6,11,1,0,1,0,digital_wallet,web,north,retail,android,0,0,1,2625,70.9,782,24,15,11,4,2,0.0307,0.8287,0.1713,0.3603,0.00078,0,0.0
2026-03-15,3,15,6,11,1,0,1,0,digital_wallet,web,south,premium,desktop,0,0,1,1183,73.0,432,5,12,5,1,3,0.0341,0.8362,0.1638,0.2722,0.000616,0,0.0
2026-03-15,3,15,6,11,1,0,1,0,digital_wallet,web,south,retail,desktop,0,0,1,1540,43.81,929,20,15,3,6,11,0.0306,0.8362,0.1638,0.2627,0.000849,1,15.45
2026-03-15,3,15,6,11,1,0,1,0,digital_wallet,web,west,premium,desktop,0,0,1,1201,71.7,379,11,14,16,4,9,0.0384,0.8261,0.1739,0.186,0.000654,0,0.0
2026-03-15,3,15,6,11,1,0,1,0,digital_wallet,web,west,retail,desktop,0,0,1,1682,60.54,532,18,22,2,1,14,0.0244,0.8235,0.1765,0.2095,0.000924,1,0.0
2026-03-16,3,16,0,12,0,0,0,0,credit_card,branch,east,premium,desktop,0,0,0,598,66.7,204,9,13,7,2,6,0.0195,0.8654,0.1346,0.277,0.00033,0,0.0
2026-03-16,3,16,0,12,0,0,0,0,credit_card,branch,east,retail,desktop,0,0,0,1163,38.52,759,22,15,6,3,8,0.0168,0.8585,0.1415,0.218,0.000498,0,0.0
2026-03-16,3,16,0,12,0,0,0,0,credit_card,branch,north,premium,desktop,0,0,0,700,89.04,369,11,5,5,1,2,0.017,0.8651,0.1349,0.2313,0.000332,0,0.0
2026-03-16,3,16,0,12,0,0,0,0,credit_card,branch,north,retail,desktop,0,0,0,1042,60.61,355,25,3,3,1,1,0.0134,0.8568,0.1432,0.2577,0.000457,0,7.71
2026-03-16,3,16,0,12,0,0,0,0,credit_card,branch,south,premium,desktop,0,0,0,716,96.77,245,7,11,4,1,6,0.019,0.8677,0.1323,0.2401,0.000387,1,102.08
2026-03-16,3,16,0,12,0,0,0,0,credit_card,branch,south,retail,desktop,0,0,0,956,76.2,542,16,7,8,0,4,0.0226,0.863,0.137,0.2085,0.000506,0,44.15
2026-03-16,3,16,0,12,0,0,0,0,credit_card,branch,west,premium,desktop,0,0,0,673,43.39,297,13,16,4,0,7,0.0184,0.85,0.15,0.2707,0.00038,0,0.0
2026-03-16,3,16,0,12,0,0,0,0,credit_card,branch,west,retail,desktop,0,0,0,1188,79.81,384,24,13,5,1,10,0.0218,0.8541,0.1459,0.2825,0.000555,1,115.04
2026-03-16,3,16,0,12,0,0,0,0,credit_card,mobile_app,east,premium,android,0,0,1,2987,124.22,1578,12,16,11,0,22,0.0256,0.8174,0.1826,0.5262,0.000586,4,696.74
2026-03-16,3,16,0,12,0,0,0,0,credit_card,mobile_app,east,retail,ios,0,0,1,4499,122.93,1866,23,18,7,6,29,0.0383,0.8433,0.1567,0.3325,0.000808,5,798.54
2026-03-16,3,16,0,12,0,0,0,0,credit_card,mobile_app,north,premium,ios,0,0,1,2194,53.88,656,20,29,7,1,24,0.0219,0.8512,0.1488,0.3832,0.000558,3,146.09
2026-03-16,3,16,0,12,0,0,0,0,credit_card,mobile_app,north,retail,android,0,0,1,4539,85.97,1455,31,26,18,1,16,0.0272,0.8513,0.1487,0.5472,0.000813,2,225.87
2026-03-16,3,16,0,12,0,0,0,0,credit_card,mobile_app,south,premium,android,0,0,1,2656,85.98,815,13,18,7,2,9,0.0283,0.861,0.139,0.516,0.000598,0,17.23
2026-03-16,3,16,0,12,0,0,0,0,credit_card,mobile_app,south,retail,android,0,0,1,3969,81.74,2379,25,24,12,3,31,0.0323,0.8399,0.1601,0.5033,0.000905,6,597.21
2026-03-16,3,16,0,12,0,0,0,0,credit_card,mobile_app,west,premium,ios,0,0,1,2693,90.72,1182,13,26,10,3,20,0.0344,0.8539,0.1461,0.3318,0.000648,2,347.24
2026-03-16,3,16,0,12,0,0,0,0,credit_card,mobile_app,west,retail,android,0,0,1,4871,106.76,1911,32,29,11,1,20,0.0259,0.8454,0.1546,0.497,0.000899,3,365.36
2026-03-16,3,16,0,12,0,0,0,0,credit_card,web,east,premium,desktop,0,0,1,1432,102.39,677,12,15,6,2,10,0.0272,0.8485,0.1515,0.2088,0.00047,1,105.83
2026-03-16,3,16,0,12,0,0,0,0,credit_card,web,east,retail,desktop,0,0,1,2213,42.62,1123,19,13,8,7,8,0.0297,0.8364,0.1636,0.2519,0.000639,0,55.6
2026-03-16,3,16,0,12,0,0,0,0,credit_card,web,north,premium,ios,0,0,1,2557,162.35,941,15,11,5,3,5,0.0321,0.8281,0.1719,0.3072,0.000462,0,0.0
2026-03-16,3,16,0,12,0,0,0,0,credit_card,web,north,retail,ios,0,0,1,3567,67.51,1483,20,19,5,1,10,0.0303,0.8462,0.1538,0.2253,0.000679,0,42.54
2026-03-16,3,16,0,12,0,0,0,0,credit_card,web,south,premium,ios,0,0,1,2039,73.22,1364,21,10,8,3,10,0.025,0.8575,0.1425,0.3024,0.000529,1,61.57
2026-03-16,3,16,0,12,0,0,0,0,credit_card,web,south,retail,desktop,0,0,1,2305,71.32,938,23,9,5,6,9,0.0348,0.8487,0.1513,0.2715,0.000744,1,151.66
2026-03-16,3,16,0,12,0,0,0,0,credit_card,web,west,premium,desktop,0,0,1,1641,139.04,886,20,15,8,2,9,0.0324,0.8472,0.1528,0.2475,0.000564,2,485.55
2026-03-16,3,16,0,12,0,0,0,0,credit_card,web,west,retail,desktop,0,0,1,2425,55.98,1239,23,19,10,6,7,0.029,0.8416,0.1584,0.2327,0.000802,0,0.0
2026-03-16,3,16,0,12,0,0,0,0,debit_card,branch,east,premium,desktop,0,0,0,544,33.14,347,13,4,2,1,2,0.0227,0.8695,0.1305,0.2466,0.000257,0,40.32
2026-03-16,3,16,0,12,0,0,0,0,debit_card,branch,east,retail,desktop,0,0,0,817,132.61,337,17,13,4,1,5,0.0185,0.8428,0.1572,0.2765,0.00038,0,0.0
2026-03-16,3,16,0,12,0,0,0,0,debit_card,branch,north,premium,desktop,0,0,0,654,60.44,264,14,16,3,2,9,0.0205,0.8594,0.1406,0.2795,0.000273,0,13.98
2026-03-16,3,16,0,12,0,0,0,0,debit_card,branch,north,retail,desktop,0,0,0,769,42.54,335,14,16,4,0,10,0.0167,0.8383,0.1617,0.2155,0.000381,0,1.55
2026-03-16,3,16,0,12,0,0,0,0,debit_card,branch,south,premium,desktop,0,0,0,569,113.69,225,16,8,5,1,4,0.0213,0.8646,0.1354,0.2356,0.000282,0,0.0
2026-03-16,3,16,0,12,0,0,0,0,debit_card,branch,south,retail,desktop,0,0,0,770,59.81,453,28,12,6,3,4,0.0224,0.8681,0.1319,0.2117,0.0004,0,0.0
2026-03-16,3,16,0,12,0,0,0,0,debit_card,branch,west,premium,desktop,0,0,0,603,81.66,347,15,11,2,0,3,0.0137,0.8722,0.1278,0.2757,0.0003,0,0.0
2026-03-16,3,16,0,12,0,0,0,0,debit_card,branch,west,retail,desktop,0,0,0,863,70.55,281,13,7,6,0,2,0.0269,0.8616,0.1384,0.2641,0.000423,0,30.43
2026-03-16,3,16,0,12,0,0,0,0,debit_card,mobile_app,east,premium,android,0,0,1,2488,52.77,1237,10,22,11,2,8,0.0284,0.8575,0.1425,0.5199,0.000423,1,29.94
2026-03-16,3,16,0,12,0,0,0,0,debit_card,mobile_app,east,retail,android,0,0,1,3628,101.14,1765,21,20,14,3,11,0.0271,0.8585,0.1415,0.5099,0.000595,1,104.14
2026-03-16,3,16,0,12,0,0,0,0,debit_card,mobile_app,north,premium,android,0,0,1,2211,58.87,1382,12,20,13,1,14,0.0254,0.8375,0.1625,0.5784,0.00045,2,143.11
2026-03-16,3,16,0,12,0,0,0,0,debit_card,mobile_app,north,retail,android,0,0,1,3362,51.33,2210,30,18,15,4,20,0.0314,0.8444,0.1556,0.572,0.000647,4,199.21
2026-03-16,3,16,0,12,0,0,0,0,debit_card,mobile_app,south,premium,ios,0,0,1,2042,86.32,1283,19,14,11,0,9,0.0305,0.8556,0.1444,0.3288,0.000508,2,217.31
2026-03-16,3,16,0,12,0,0,0,0,debit_card,mobile_app,south,retail,android,0,0,1,3378,47.13,1015,20,20,12,5,27,0.036,0.8516,0.1484,0.5397,0.000639,5,260.48
2026-03-16,3,16,0,12,0,0,0,0,debit_card,mobile_app,west,premium,ios,0,0,1,2661,118.59,1028,12,17,13,2,14,0.0356,0.8405,0.1595,0.3896,0.000524,2,285.16
2026-03-16,3,16,0,12,0,0,0,0,debit_card,mobile_app,west,retail,ios,0,0,1,3945,75.91,2265,33,20,9,2,11,0.028,0.8542,0.1458,0.3768,0.000727,1,66.83
2026-03-16,3,16,0,12,0,0,0,0,debit_card,web,east,premium,android,0,0,1,1932,79.97,683,12,17,7,2,8,0.0321,0.8565,0.1435,0.4581,0.00036,0,24.97
2026-03-16,3,16,0,12,0,0,0,0,debit_card,web,east,retail,desktop,0,0,1,2060,31.69,678,15,15,5,2,4,0.0273,0.8576,0.1424,0.2457,0.000506,0,20.28
2026-03-16,3,16,0,12,0,0,0,0,debit_card,web,north,premium,desktop,0,0,1,1445,59.6,463,6,10,4,2,5,0.0345,0.8404,0.1596,0.2759,0.000384,0,10.01
2026-03-16,3,16,0,12,0,0,0,0,debit_card,web,north,retail,desktop,0,0,1,1820,71.68,565,24,11,6,2,7,0.0289,0.8278,0.1722,0.2666,0.000518,1,90.45
2026-03-16,3,16,0,12,0,0,0,0,debit_card,web,south,premium,desktop,0,0,1,1131,64.08,767,12,16,6,1,12,0.0347,0.8333,0.1667,0.1926,0.000421,1,32.38
2026-03-16,3,16,0,12,0,0,0,0,debit_card,web,south,retail,desktop,0,0,1,2168,60.6,648,27,10,9,1,5,0.0268,0.8483,0.1517,0.2297,0.000559,1,8.36
2026-03-16,3,16,0,12,0,0,0,0,debit_card,web,west,premium,android,0,0,1,2367,44.15,889,9,15,8,2,9,0.0386,0.8549,0.1451,0.4601,0.000433,1,0.0
2026-03-16,3,16,0,12,0,0,0,0,debit_card,web,west,retail,android,0,0,1,2751,36.44,1210,30,15,4,3,19,0.0327,0.8423,0.1577,0.4448,0.000618,3,110.21
2026-03-16,3,16,0,12,0,0,0,0,digital_wallet,branch,east,premium,desktop,0,0,0,450,53.13,151,8,6,5,2,2,0.0206,0.8707,0.1293,0.2396,0.000357,0,54.0
2026-03-16,3,16,0,12,0,0,0,0,digital_wallet,branch,east,retail,desktop,0,0,0,658,43.71,262,11,9,5,1,7,0.0196,0.8575,0.1425,0.2639,0.000512,1,53.83
2026-03-16,3,16,0,12,0,0,0,0,digital_wallet,branch,north,premium,desktop,0,0,0,419,52.87,169,8,9,3,2,5,0.0208,0.8781,0.1219,0.2578,0.000389,0,0.32
2026-03-16,3,16,0,12,0,0,0,0,digital_wallet,branch,north,retail,desktop,0,0,0,716,75.05,317,17,14,5,2,5,0.0239,0.8506,0.1494,0.2627,0.000575,1,73.55
2026-03-16,3,16,0,12,0,0,0,0,digital_wallet,branch,south,premium,desktop,0,0,0,411,70.04,232,5,12,8,1,3,0.0275,0.8657,0.1343,0.2742,0.00045,0,66.31
2026-03-16,3,16,0,12,0,0,0,0,digital_wallet,branch,south,retail,desktop,0,0,0,679,49.89,242,23,8,3,4,2,0.0208,0.8592,0.1408,0.2763,0.000572,0,0.0
2026-03-16,3,16,0,12,0,0,0,0,digital_wallet,branch,west,premium,desktop,0,0,0,521,67.14,223,11,9,5,2,3,0.0154,0.8596,0.1404,0.2433,0.000449,0,0.0
2026-03-16,3,16,0,12,0,0,0,0,digital_wallet,branch,west,retail,desktop,0,0,0,717,55.8,335,15,5,3,1,6,0.0169,0.8696,0.1304,0.267,0.000602,1,53.13
2026-03-16,3,16,0,12,0,0,0,0,digital_wallet,mobile_app,east,premium,android,0,0,1,1723,33.77,573,11,14,13,5,10,0.0261,0.8397,0.1603,0.5797,0.000633,1,97.55
2026-03-16,3,16,0,12,0,0,0,0,digital_wallet,mobile_app,east,retail,ios,0,0,1,3031,58.15,1819,16,19,6,2,16,0.0283,0.8545,0.1455,0.3106,0.00085,4,268.24
2026-03-16,3,16,0,12,0,0,0,0,digital_wallet,mobile_app,north,premium,ios,0,0,1,2054,52.2,1122,15,28,13,9,23,0.0292,0.857,0.143,0.3606,0.000653,2,149.04
2026-03-16,3,16,0,12,0,0,0,0,digital_wallet,mobile_app,north,retail,ios,0,0,1,2935,55.96,1666,28,15,15,6,16,0.027,0.8445,0.1555,0.3606,0.000923,3,199.86
2026-03-16,3,16,0,12,0,0,0,0,digital_wallet,mobile_app,south,premium,ios,0,0,1,1736,32.34,565,11,22,14,2,11,0.0322,0.8389,0.1611,0.4178,0.000708,0,0.0
2026-03-16,3,16,0,12,0,0,0,0,digital_wallet,mobile_app,south,retail,ios,0,0,1,2995,45.52,1274,21,15,12,11,10,0.0276,0.8614,0.1386,0.3231,0.001022,3,141.66
2026-03-16,3,16,0,12,0,0,0,0,digital_wallet,mobile_app,west,premium,android,0,0,1,2139,55.63,785,12,23,5,1,7,0.0287,0.8298,0.1702,0.5167,0.000769,0,0.0
2026-03-16,3,16,0,12,0,0,0,0,digital_wallet,mobile_app,west,retail,android,0,0,1,3011,44.94,1890,31,24,10,4,31,0.0309,0.8378,0.1622,0.537,0.000999,5,301.57
2026-03-16,3,16,0,12,0,0,0,0,digital_wallet,web,east,premium,desktop,0,0,1,1146,53.95,427,11,12,10,3,6,0.0274,0.8593,0.1407,0.2721,0.000525,1,44.24
2026-03-16,3,16,0,12,0,0,0,0,digital_wallet,web,east,retail,desktop,0,0,1,1813,86.0,1124,15,17,10,6,6,0.0286,0.8361,0.1639,0.2905,0.0008,0,34.37
2026-03-16,3,16,0,12,0,0,0,0,digital_wallet,web,north,premium,desktop,0,0,1,1170,41.32,674,10,9,11,2,5,0.0222,0.8296,0.1704,0.271,0.000564,1,96.52
2026-03-16,3,16,0,12,0,0,0,0,digital_wallet,web,north,retail,desktop,0,0,1,1657,30.12,774,22,5,4,2,1,0.0302,0.8555,0.1445,0.2555,0.000783,0,34.25
2026-03-16,3,16,0,12,0,0,0,0,digital_wallet,web,south,premium,desktop,0,0,1,1045,62.48,402,7,17,4,7,10,0.0342,0.8397,0.1603,0.2128,0.000587,0,57.26
2026-03-16,3,16,0,12,0,0,0,0,digital_wallet,web,south,retail,desktop,0,0,1,1433,51.44,770,9,11,7,5,3,0.0276,0.8555,0.1445,0.2476,0.000846,0,0.0
2026-03-16,3,16,0,12,0,0,0,0,digital_wallet,web,west,premium,ios,0,0,1,1553,73.87,539,11,14,12,2,13,0.0289,0.849,0.151,0.2448,0.000663,2,242.79
2026-03-16,3,16,0,12,0,0,0,0,digital_wallet,web,west,retail,desktop,0,0,1,1979,66.31,767,20,8,3,6,10,0.0303,0.8388,0.1612,0.2824,0.000904,4,327.76
2026-03-17,3,17,1,12,0,0,0,0,credit_card,branch,east,premium,desktop,0,0,0,806,78.43,337,12,14,3,2,7,0.0124,0.8545,0.1455,0.2307,0.000325,0,0.0
2026-03-17,3,17,1,12,0,0,0,0,credit_card,branch,east,retail,desktop,0,0,0,708,43.58,364,27,7,1,5,7,0.0267,0.8656,0.1344,0.3002,0.000419,1,57.98
2026-03-17,3,17,1,12,0,0,0,0,credit_card,branch,north,premium,desktop,0,0,0,785,95.82,332,10,9,9,1,4,0.0179,0.8517,0.1483,0.2756,0.000366,0,0.0
2026-03-17,3,17,1,12,0,0,0,0,credit_card,branch,north,retail,desktop,0,0,0,909,63.6,289,26,14,4,2,6,0.0169,0.8627,0.1373,0.2291,0.000457,0,19.67
2026-03-17,3,17,1,12,0,0,0,0,credit_card,branch,south,premium,desktop,0,0,0,604,75.37,203,7,12,4,1,3,0.0228,0.8488,0.1512,0.2215,0.000364,0,43.79
2026-03-17,3,17,1,12,0,0,0,0,credit_card,branch,south,retail,desktop,0,0,0,939,45.51,369,27,10,2,1,3,0.0245,0.8561,0.1439,0.2167,0.000504,0,0.0
2026-03-17,3,17,1,12,0,0,0,0,credit_card,branch,west,premium,desktop,0,0,0,715,69.27,308,11,6,5,2,2,0.023,0.8628,0.1372,0.2795,0.000385,0,0.0
2026-03-17,3,17,1,12,0,0,0,0,credit_card,branch,west,retail,desktop,0,0,0,1117,64.86,483,28,12,7,2,6,0.0218,0.8489,0.1511,0.2652,0.000566,1,40.52
2026-03-17,3,17,1,12,0,0,0,0,credit_card,mobile_app,east,premium,android,0,0,1,2860,66.75,1230,13,19,9,2,7,0.0276,0.8384,0.1616,0.5448,0.000553,0,0.0
2026-03-17,3,17,1,12,0,0,0,0,credit_card,mobile_app,east,retail,android,0,0,1,3906,85.54,1199,24,21,15,4,18,0.0289,0.8545,0.1455,0.5372,0.00077,2,203.05
2026-03-17,3,17,1,12,0,0,0,0,credit_card,mobile_app,north,premium,ios,0,0,1,2754,40.47,1548,20,29,11,4,25,0.0295,0.8595,0.1405,0.3207,0.000555,4,142.32
2026-03-17,3,17,1,12,0,0,0,0,credit_card,mobile_app,north,retail,android,0,0,1,4409,99.67,2519,25,18,7,0,13,0.0364,0.8449,0.1551,0.5512,0.000775,2,268.53
2026-03-17,3,17,1,12,0,0,0,0,credit_card,mobile_app,south,premium,ios,0,0,1,2714,88.03,1429,15,17,13,3,14,0.0245,0.8439,0.1561,0.2955,0.000592,2,211.53
2026-03-17,3,17,1,12,0,0,0,0,credit_card,mobile_app,south,retail,ios,0,0,1,3640,120.94,2224,38,10,13,3,23,0.0283,0.857,0.143,0.3294,0.000806,5,1067.93
2026-03-17,3,17,1,12,0,0,0,0,credit_card,mobile_app,west,premium,ios,0,0,1,2774,66.59,1632,20,23,8,7,14,0.0266,0.8584,0.1416,0.3637,0.000627,0,0.0
2026-03-17,3,17,1,12,0,0,0,0,credit_card,mobile_app,west,retail,ios,0,0,1,3978,78.45,2162,26,25,10,3,18,0.0295,0.8489,0.1511,0.2921,0.000922,4,386.33
2026-03-17,3,17,1,12,0,0,0,0,credit_card,web,east,premium,desktop,0,0,1,1752,83.31,600,8,15,9,3,6,0.0346,0.8646,0.1354,0.2613,0.000471,1,105.66
2026-03-17,3,17,1,12,0,0,0,0,credit_card,web,east,retail,desktop,0,0,1,2317,74.88,1322,21,20,1,6,10,0.0309,0.8611,0.1389,0.2204,0.000663,2,195.94
2026-03-17,3,17,1,12,0,0,0,0,credit_card,web,north,premium,android,0,0,1,2369,100.42,1441,13,17,10,2,9,0.031,0.8374,0.1626,0.4307,0.000513,1,174.91
2026-03-17,3,17,1,12,0,0,0,0,credit_card,web,north,retail,android,0,0,1,3554,92.31,1123,36,9,5,7,23,0.0302,0.8552,0.1448,0.4592,0.000657,5,680.6
2026-03-17,3,17,1,12,0,0,0,0,credit_card,web,south,premium,ios,0,0,1,2346,66.91,1086,21,14,9,3,10,0.0382,0.8321,0.1679,0.2587,0.000511,1,125.3
2026-03-17,3,17,1,12,0,0,0,0,credit_card,web,south,retail,desktop,0,0,1,1950,131.18,639,25,16,4,4,8,0.0319,0.8276,0.1724,0.2616,0.000793,1,178.4
2026-03-17,3,17,1,12,0,0,0,0,credit_card,web,west,premium,desktop,0,0,1,1720,72.92,898,14,18,6,5,20,0.027,0.8552,0.1448,0.2654,0.000548,4,302.62
2026-03-17,3,17,1,12,0,0,0,0,credit_card,web,west,retail,ios,0,0,1,3698,68.7,1799,18,16,5,0,18,0.0298,0.837,0.163,0.2113,0.000768,2,243.42
2026-03-17,3,17,1,12,0,0,0,0,debit_card,branch,east,premium,desktop,0,0,0,546,63.26,289,8,14,7,1,5,0.0178,0.863,0.137,0.2872,0.000268,0,0.0
2026-03-17,3,17,1,12,0,0,0,0,debit_card,branch,east,retail,desktop,0,0,0,716,68.38,324,19,7,4,2,4,0.0235,0.8615,0.1385,0.2292,0.000351,0,0.0
2026-03-17,3,17,1,12,0,0,0,0,debit_card,branch,north,premium,desktop,0,0,0,615,79.5,270,5,6,5,0,3,0.0164,0.8649,0.1351,0.2589,0.000269,0,0.0
2026-03-17,3,17,1,12,0,0,0,0,debit_card,branch,north,retail,desktop,0,0,0,896,87.26,313,19,8,4,2,1,0.0225,0.8679,0.1321,0.2195,0.000382,0,0.0
2026-03-17,3,17,1,12,0,0,0,0,debit_card,branch,south,premium,desktop,0,0,0,516,63.03,170,12,8,4,0,3,0.0137,0.842,0.158,0.2618,0.000292,0,0.0
2026-03-17,3,17,1,12,0,0,0,0,debit_card,branch,south,retail,desktop,0,0,0,779,44.43,323,10,17,5,2,6,0.0219,0.852,0.148,0.2675,0.000419,0,0.0
2026-03-17,3,17,1,12,0,0,0,0,debit_card,branch,west,premium,desktop,0,0,0,601,70.16,267,10,8,6,1,3,0.0149,0.8666,0.1334,0.1956,0.000296,0,25.15
2026-03-17,3,17,1,12,0,0,0,0,debit_card,branch,west,retail,desktop,0,0,0,747,71.47,333,24,9,10,3,4,0.0217,0.8642,0.1358,0.2253,0.000434,0,22.35
2026-03-17,3,17,1,12,0,0,0,0,debit_card,mobile_app,east,premium,ios,0,0,1,2603,146.95,965,15,21,13,4,12,0.0274,0.8395,0.1605,0.3661,0.000431,1,223.88
2026-03-17,3,17,1,12,0,0,0,0,debit_card,mobile_app,east,retail,android,0,0,1,3757,79.45,1292,31,22,6,3,22,0.0349,0.8531,0.1469,0.5491,0.000613,4,388.44
2026-03-17,3,17,1,12,0,0,0,0,debit_card,mobile_app,north,premium,android,0,0,1,2620,130.29,792,13,15,10,1,13,0.0279,0.8486,0.1514,0.5574,0.000446,2,199.4
2026-03-17,3,17,1,12,0,0,0,0,debit_card,mobile_app,north,retail,android,0,0,1,3523,59.29,1691,29,29,8,1,19,0.0307,0.8357,0.1643,0.547,0.000676,5,320.85
2026-03-17,3,17,1,12,0,0,0,0,debit_card,mobile_app,south,premium,ios,0,0,1,2314,89.73,1328,18,30,18,3,23,0.0312,0.8429,0.1571,0.382,0.000507,2,118.1
2026-03-17,3,17,1,12,0,0,0,0,debit_card,mobile_app,south,retail,android,0,0,1,2922,49.83,1142,29,27,9,4,14,0.0305,0.8464,0.1536,0.5301,0.00065,1,74.3
2026-03-17,3,17,1,12,0,0,0,0,debit_card,mobile_app,west,premium,android,0,0,1,2414,48.4,724,16,16,13,5,3,0.0233,0.8562,0.1438,0.5211,0.000475,0,0.0
2026-03-17,3,17,1,12,0,0,0,0,debit_card,mobile_app,west,retail,android,0,0,1,3838,57.39,2318,18,19,7,8,10,0.0331,0.8451,0.1549,0.5402,0.00071,0,0.0
2026-03-17,3,17,1,12,0,0,0,0,debit_card,web,east,premium,desktop,0,0,1,1406,56.2,811,7,13,5,2,8,0.0278,0.8262,0.1738,0.2253,0.000377,1,52.42
2026-03-17,3,17,1,12,0,0,0,0,debit_card,web,east,retail,desktop,0,0,1,1754,75.19,642,23,17,11,1,11,0.0199,0.8491,0.1509,0.2732,0.000521,1,96.75
2026-03-17,3,17,1,12,0,0,0,0,debit_card,web,north,premium,desktop,0,0,1,1438,69.08,510,8,11,8,1,4,0.0285,0.843,0.157,0.2538,0.000394,0,0.0
2026-03-17,3,17,1,12,0,0,0,0,debit_card,web,north,retail,desktop,0,0,1,1976,61.42,1286,20,16,7,0,8,0.0265,0.8504,0.1496,0.2612,0.000525,0,0.0
2026-03-17,3,17,1,12,0,0,0,0,debit_card,web,south,premium,desktop,0,0,1,1264,48.35,615,10,10,6,0,3,0.0328,0.843,0.157,0.253,0.000424,0,37.21
2026-03-17,3,17,1,12,0,0,0,0,debit_card,web,south,retail,android,0,0,1,2644,73.95,1057,19,14,10,5,9,0.0272,0.8358,0.1642,0.4244,0.000577,0,0.0
2026-03-17,3,17,1,12,0,0,0,0,debit_card,web,west,premium,desktop,0,0,1,1605,35.05,703,9,13,7,1,8,0.0312,0.8478,0.1522,0.2439,0.000428,0,0.0
2026-03-17,3,17,1,12,0,0,0,0,debit_card,web,west,retail,desktop,0,0,1,2208,47.54,819,27,15,10,5,10,0.024,0.8324,0.1676,0.2177,0.000596,1,34.37
2026-03-17,3,17,1,12,0,0,0,0,digital_wallet,branch,east,premium,desktop,0,0,0,464,105.69,169,9,20,5,0,11,0.023,0.8655,0.1345,0.2734,0.000357,0,0.0
2026-03-17,3,17,1,12,0,0,0,0,digital_wallet,branch,east,retail,desktop,0,0,0,596,102.09,165,13,12,1,3,12,0.0224,0.8458,0.1542,0.2439,0.000507,2,297.71
2026-03-17,3,17,1,12,0,0,0,0,digital_wallet,branch,north,premium,desktop,0,0,0,516,83.24,274,9,14,6,2,6,0.0228,0.8517,0.1483,0.2664,0.000384,1,130.57
2026-03-17,3,17,1,12,0,0,0,0,digital_wallet,branch,north,retail,desktop,0,0,0,696,79.94,348,15,15,4,1,7,0.0197,0.8524,0.1476,0.218,0.000561,1,49.01
2026-03-17,3,17,1,12,0,0,0,0,digital_wallet,branch,south,premium,desktop,0,0,0,374,65.64,128,8,9,8,1,4,0.0243,0.8723,0.1277,0.2636,0.000413,0,0.0
2026-03-17,3,17,1,12,0,0,0,0,digital_wallet,branch,south,retail,desktop,0,0,0,667,69.33,226,15,14,4,4,11,0.0247,0.8372,0.1628,0.2888,0.000621,1,75.0
2026-03-17,3,17,1,12,0,0,0,0,digital_wallet,branch,west,premium,desktop,0,0,0,512,163.11,149,10,11,4,2,3,0.0163,0.8509,0.1491,0.242,0.000441,0,18.35
2026-03-17,3,17,1,12,0,0,0,0,digital_wallet,branch,west,retail,desktop,0,0,0,753,68.32,451,17,10,5,4,6,0.0162,0.8776,0.1224,0.2936,0.000623,0,0.0
2026-03-17,3,17,1,12,0,0,0,0,digital_wallet,mobile_app,east,premium,android,0,0,1,1904,34.14,696,16,16,12,3,5,0.0274,0.8559,0.1441,0.5002,0.000594,0,18.67
2026-03-17,3,17,1,12,0,0,0,0,digital_wallet,mobile_app,east,retail,android,0,0,1,3037,45.5,1154,18,19,8,1,17,0.0341,0.8546,0.1454,0.5542,0.000883,2,72.54
2026-03-17,3,17,1,12,0,0,0,0,digital_wallet,mobile_app,north,premium,android,0,0,1,1896,195.98,614,9,15,14,1,3,0.0331,0.8326,0.1674,0.5201,0.000641,0,0.0
2026-03-17,3,17,1,12,0,0,0,0,digital_wallet,mobile_app,north,retail,android,0,0,1,3013,95.85,1954,19,19,4,3,18,0.0303,0.8352,0.1648,0.5069,0.000944,3,283.81
2026-03-17,3,17,1,12,0,0,0,0,digital_wallet,mobile_app,south,premium,ios,0,0,1,1871,72.6,602,10,24,10,2,12,0.0303,0.8474,0.1526,0.3024,0.000714,1,57.77
2026-03-17,3,17,1,12,0,0,0,0,digital_wallet,mobile_app,south,retail,ios,0,0,1,3007,95.97,1031,22,14,11,6,23,0.034,0.8463,0.1537,0.3282,0.000961,7,970.98
2026-03-17,3,17,1,12,0,0,0,0,digital_wallet,mobile_app,west,premium,ios,0,0,1,1979,125.53,571,13,23,9,2,30,0.027,0.8433,0.1567,0.3339,0.000758,5,873.33
2026-03-17,3,17,1,12,0,0,0,0,digital_wallet,mobile_app,west,retail,ios,0,0,1,3040,56.75,1514,24,23,11,7,19,0.0246,0.8328,0.1672,0.3238,0.001032,4,260.74
2026-03-17,3,17,1,12,0,0,0,0,digital_wallet,web,east,premium,desktop,0,0,1,1213,50.88,566,8,20,4,2,8,0.0322,0.8497,0.1503,0.2733,0.000518,0,0.0
2026-03-17,3,17,1,12,0,0,0,0,digital_wallet,web,east,retail,desktop,0,0,1,1598,35.57,471,24,13,7,3,10,0.0243,0.84,0.16,0.3034,0.000784,1,64.89
2026-03-17,3,17,1,12,0,0,0,0,digital_wallet,web,north,premium,ios,0,0,1,1759,44.25,709,9,16,6,4,12,0.0321,0.8435,0.1565,0.2521,0.000581,1,57.04
2026-03-17,3,17,1,12,0,0,0,0,digital_wallet,web,north,retail,android,0,0,1,2331,99.97,820,13,15,4,8,14,0.0342,0.8643,0.1357,0.4134,0.000774,3,232.37
2026-03-17,3,17,1,12,0,0,0,0,digital_wallet,web,south,premium,desktop,0,0,1,1108,98.87,498,14,11,9,1,4,0.0361,0.8287,0.1713,0.2538,0.000609,0,0.0
2026-03-17,3,17,1,12,0,0,0,0,digital_wallet,web,south,retail,desktop,0,0,1,1297,41.94,600,18,16,4,2,10,0.0276,0.8438,0.1562,0.2316,0.000871,2,95.35
2026-03-17,3,17,1,12,0,0,0,0,digital_wallet,web,west,premium,desktop,0,0,1,1216,65.26,368,7,12,7,2,4,0.017,0.848,0.152,0.2503,0.00061,0,25.84
2026-03-17,3,17,1,12,0,0,0,0,digital_wallet,web,west,retail,desktop,0,0,1,1797,37.36,677,17,13,10,3,11,0.0236,0.8542,0.1458,0.2967,0.000906,2,138.88
2026-03-18,3,18,2,12,0,0,0,0,credit_card,branch,east,premium,desktop,0,0,0,593,115.14,282,15,9,4,0,5,0.0262,0.8525,0.1475,0.2824,0.000324,0,80.82
2026-03-18,3,18,2,12,0,0,0,0,credit_card,branch,east,retail,desktop,0,0,0,936,65.86,286,36,13,5,1,7,0.025,0.8641,0.1359,0.2056,0.000468,0,0.0
2026-03-18,3,18,2,12,0,0,0,0,credit_card,branch,north,premium,desktop,0,0,0,655,77.79,238,15,14,2,2,2,0.0176,0.8394,0.1606,0.2034,0.000343,0,0.0
2026-03-18,3,18,2,12,0,0,0,0,credit_card,branch,north,retail,desktop,0,0,0,1116,85.34,705,26,13,2,2,8,0.0257,0.854,0.146,0.2623,0.00048,0,0.0
2026-03-18,3,18,2,12,0,0,0,0,credit_card,branch,south,premium,desktop,0,0,0,589,66.64,230,8,9,4,3,4,0.0199,0.8709,0.1291,0.2042,0.000366,1,59.82
2026-03-18,3,18,2,12,0,0,0,0,credit_card,branch,south,retail,desktop,0,0,0,933,37.57,557,33,8,4,2,2,0.0112,0.8685,0.1315,0.228,0.000517,0,0.0
2026-03-18,3,18,2,12,0,0,0,0,credit_card,branch,west,premium,desktop,0,0,0,674,44.79,190,7,10,7,2,6,0.0192,0.8754,0.1246,0.2102,0.000391,0,49.26
2026-03-18,3,18,2,12,0,0,0,0,credit_card,branch,west,retail,desktop,0,0,0,1077,74.04,433,25,8,4,1,5,0.0156,0.859,0.141,0.2562,0.000575,0,18.57
2026-03-18,3,18,2,12,0,0,0,0,credit_card,mobile_app,east,premium,ios,0,0,1,2697,79.51,1068,15,20,11,3,16,0.0222,0.8443,0.1557,0.3002,0.000569,1,106.69
2026-03-18,3,18,2,12,0,0,0,0,credit_card,mobile_app,east,retail,ios,0,0,1,3601,58.95,1975,34,17,8,5,13,0.0402,0.8422,0.1578,0.3376,0.000811,2,225.77
2026-03-18,3,18,2,12,0,0,0,0,credit_card,mobile_app,north,premium,android,0,0,1,2562,61.63,1478,16,18,8,1,15,0.0384,0.8525,0.1475,0.5305,0.00055,1,73.89
2026-03-18,3,18,2,12,0,0,0,0,credit_card,mobile_app,north,retail,ios,0,0,1,4334,112.37,1278,32,21,15,2,25,0.0248,0.8552,0.1448,0.3655,0.000815,4,404.41
2026-03-18,3,18,2,12,0,0,0,0,credit_card,mobile_app,south,premium,android,0,0,1,3103,77.32,1943,22,22,12,4,14,0.0268,0.8263,0.1737,0.5261,0.000643,1,61.06
2026-03-18,3,18,2,12,0,0,0,0,credit_card,mobile_app,south,retail,ios,0,0,1,3568,60.02,1080,23,26,10,5,9,0.0335,0.8521,0.1479,0.3652,0.000884,1,37.29
2026-03-18,3,18,2,12,0,0,0,0,credit_card,mobile_app,west,premium,ios,0,0,1,3109,64.24,1249,17,34,11,5,5,0.0343,0.823,0.177,0.2984,0.000655,0,0.0
2026-03-18,3,18,2,12,0,0,0,0,credit_card,mobile_app,west,retail,ios,0,0,1,4358,97.53,2646,26,27,10,7,30,0.0253,0.8253,0.1747,0.357,0.000914,5,650.59
2026-03-18,3,18,2,12,0,0,0,0,credit_card,web,east,premium,desktop,0,0,1,1771,64.21,1047,10,9,8,3,9,0.0336,0.8445,0.1555,0.2388,0.000473,2,135.56
2026-03-18,3,18,2,12,0,0,0,0,credit_card,web,east,retail,desktop,0,0,1,2348,64.34,1343,30,12,6,4,6,0.0276,0.8507,0.1493,0.2335,0.000646,1,90.1
2026-03-18,3,18,2,12,0,0,0,0,credit_card,web,north,premium,desktop,0,0,1,1614,78.44,753,13,8,3,1,12,0.0348,0.8573,0.1427,0.2401,0.000485,2,216.47
2026-03-18,3,18,2,12,0,0,0,0,credit_card,web,north,retail,desktop,0,0,1,2632,52.71,1134,30,11,11,5,13,0.0433,0.8416,0.1584,0.2845,0.000678,3,288.21
2026-03-18,3,18,2,12,0,0,0,0,credit_card,web,south,premium,desktop,0,0,1,1490,59.38,510,14,16,11,0,4,0.0299,0.8326,0.1674,0.2577,0.000552,0,0.0
2026-03-18,3,18,2,12,0,0,0,0,credit_card,web,south,retail,desktop,0,0,1,2225,58.59,996,18,14,3,4,9,0.0263,0.8582,0.1418,0.2081,0.000774,2,120.07
2026-03-18,3,18,2,12,0,0,0,0,credit_card,web,west,premium,desktop,0,0,1,1660,47.19,720,17,7,2,6,6,0.0406,0.8403,0.1597,0.2645,0.000528,1,3.08
2026-03-18,3,18,2,12,0,0,0,0,credit_card,web,west,retail,desktop,0,0,1,2524,93.78,1525,26,15,7,6,8,0.0299,0.832,0.168,0.2895,0.000774,1,143.21
2026-03-18,3,18,2,12,0,0,0,0,debit_card,branch,east,premium,desktop,0,0,0,505,52.64,233,16,16,3,1,5,0.0157,0.8569,0.1431,0.2531,0.000264,1,134.96
2026-03-18,3,18,2,12,0,0,0,0,debit_card,branch,east,retail,desktop,0,0,0,764,50.55,230,26,18,7,0,10,0.0198,0.8611,0.1389,0.2861,0.000373,1,98.48
2026-03-18,3,18,2,12,0,0,0,0,debit_card,branch,north,premium,desktop,0,0,0,580,42.74,256,7,18,5,0,8,0.019,0.8686,0.1314,0.3043,0.000281,0,0.0
2026-03-18,3,18,2,12,0,0,0,0,debit_card,branch,north,retail,desktop,0,0,0,877,91.74,367,14,10,3,0,6,0.0211,0.8563,0.1437,0.2415,0.000379,1,132.82
2026-03-18,3,18,2,12,0,0,0,0,debit_card,branch,south,premium,desktop,0,0,0,488,37.96,162,7,8,3,2,4,0.0154,0.849,0.151,0.2423,0.000272,0,0.0
2026-03-18,3,18,2,12,0,0,0,0,debit_card,branch,south,retail,desktop,0,0,0,780,108.29,420,21,10,2,1,4,0.0247,0.8458,0.1542,0.2031,0.000399,0,0.0
2026-03-18,3,18,2,12,0,0,0,0,debit_card,branch,west,premium,desktop,0,0,0,615,77.09,259,7,7,6,2,2,0.0135,0.8678,0.1322,0.2719,0.00029,0,73.92
2026-03-18,3,18,2,12,0,0,0,0,debit_card,branch,west,retail,desktop,0,0,0,811,65.76,392,23,16,4,1,4,0.0219,0.855,0.145,0.3185,0.00042,0,0.0
2026-03-18,3,18,2,12,0,0,0,0,debit_card,mobile_app,east,premium,android,0,0,1,2533,61.04,1210,12,22,18,2,10,0.0322,0.847,0.153,0.5401,0.000426,1,34.76
2026-03-18,3,18,2,12,0,0,0,0,debit_card,mobile_app,east,retail,android,0,0,1,3630,66.38,1420,24,23,13,5,23,0.0346,0.8528,0.1472,0.4792,0.000598,5,342.26
2026-03-18,3,18,2,12,0,0,0,0,debit_card,mobile_app,north,premium,android,0,0,1,2494,65.28,916,11,11,10,0,11,0.0258,0.8393,0.1607,0.5419,0.000442,2,200.53
2026-03-18,3,18,2,12,0,0,0,0,debit_card,mobile_app,north,retail,android,0,0,1,3722,85.52,1108,22,13,10,4,24,0.0233,0.8704,0.1296,0.5142,0.000632,5,685.85
2026-03-18,3,18,2,12,0,0,0,0,debit_card,mobile_app,south,premium,ios,0,0,1,2495,65.65,1063,7,23,5,2,17,0.0287,0.826,0.174,0.3367,0.000466,1,84.81
2026-03-18,3,18,2,12,0,0,0,0,debit_card,mobile_app,south,retail,android,0,0,1,3344,184.87,1685,23,8,8,1,6,0.0283,0.8514,0.1486,0.5352,0.000651,1,250.8
2026-03-18,3,18,2,12,0,0,0,0,debit_card,mobile_app,west,premium,ios,0,0,1,2582,43.13,1450,18,14,11,1,13,0.0319,0.8541,0.1459,0.3008,0.000497,2,94.54
2026-03-18,3,18,2,12,0,0,0,0,debit_card,mobile_app,west,retail,ios,0,0,1,3632,35.67,1617,21,15,14,2,10,0.0315,0.8374,0.1626,0.3798,0.000704,1,13.13
2026-03-18,3,18,2,12,0,0,0,0,debit_card,web,east,premium,desktop,0,0,1,1233,29.7,744,13,14,6,1,6,0.0301,0.8551,0.1449,0.2728,0.000355,0,11.4
2026-03-18,3,18,2,12,0,0,0,0,debit_card,web,east,retail,android,0,0,1,2786,73.92,1331,27,16,4,3,10,0.0314,0.8537,0.1463,0.3997,0.000504,1,125.96
2026-03-18,3,18,2,12,0,0,0,0,debit_card,web,north,premium,android,0,0,1,1460,33.29,878,12,15,5,1,10,0.0271,0.8503,0.1497,0.3756,0.000401,1,10.24
2026-03-18,3,18,2,12,0,0,0,0,debit_card,web,north,retail,desktop,0,0,1,1988,74.32,676,12,15,6,3,9,0.0332,0.8465,0.1535,0.2335,0.00054,1,83.36
2026-03-18,3,18,2,12,0,0,0,0,debit_card,web,south,premium,ios,0,0,1,1956,125.58,653,13,21,4,2,4,0.0267,0.8608,0.1392,0.2393,0.000409,0,5.52
2026-03-18,3,18,2,12,0,0,0,0,debit_card,web,south,retail,desktop,0,0,1,2024,40.51,1127,28,13,5,3,7,0.0323,0.8547,0.1453,0.2511,0.000608,0,25.62
2026-03-18,3,18,2,12,0,0,0,0,debit_card,web,west,premium,desktop,0,0,1,1352,45.05,772,15,11,2,1,6,0.0305,0.8452,0.1548,0.2506,0.000419,1,55.81
2026-03-18,3,18,2,12,0,0,0,0,debit_card,web,west,retail,desktop,0,0,1,2092,68.23,936,13,10,8,2,9,0.0329,0.8511,0.1489,0.2065,0.000591,1,84.85
2026-03-18,3,18,2,12,0,0,0,0,digital_wallet,branch,east,premium,desktop,0,0,0,488,93.86,279,13,11,6,1,2,0.0163,0.8433,0.1567,0.2576,0.00037,0,0.0
2026-03-18,3,18,2,12,0,0,0,0,digital_wallet,branch,east,retail,desktop,0,0,0,764,50.1,321,23,11,3,2,9,0.0176,0.8597,0.1403,0.2569,0.000512,1,0.0
2026-03-18,3,18,2,12,0,0,0,0,digital_wallet,branch,north,premium,desktop,0,0,0,499,52.18,233,8,13,6,1,8,0.0176,0.8667,0.1333,0.2596,0.000388,0,0.62
2026-03-18,3,18,2,12,0,0,0,0,digital_wallet,branch,north,retail,desktop,0,0,0,671,45.25,321,14,7,6,3,11,0.0156,0.8449,0.1551,0.2535,0.000527,2,132.01
2026-03-18,3,18,2,12,0,0,0,0,digital_wallet,branch,south,premium,desktop,0,0,0,413,42.52,155,7,7,8,1,4,0.0212,0.8692,0.1308,0.3031,0.000428,0,0.0
2026-03-18,3,18,2,12,0,0,0,0,digital_wallet,branch,south,retail,desktop,0,0,0,670,102.98,229,23,8,3,6,6,0.0171,0.8623,0.1377,0.2304,0.000589,1,145.89
2026-03-18,3,18,2,12,0,0,0,0,digital_wallet,branch,west,premium,desktop,0,0,0,484,75.98,157,7,4,2,2,1,0.0148,0.8703,0.1297,0.251,0.000431,0,25.25
2026-03-18,3,18,2,12,0,0,0,0,digital_wallet,branch,west,retail,desktop,0,0,0,714,92.13,411,16,8,3,3,5,0.0222,0.8669,0.1331,0.2625,0.000616,1,185.16
2026-03-18,3,18,2,12,0,0,0,0,digital_wallet,mobile_app,east,premium,android,0,0,1,2273,63.38,887,8,20,10,3,13,0.0236,0.8478,0.1522,0.4739,0.000615,2,94.57
2026-03-18,3,18,2,12,0,0,0,0,digital_wallet,mobile_app,east,retail,ios,0,0,1,2917,31.38,906,14,18,9,2,11,0.0323,0.8425,0.1575,0.3586,0.000859,1,37.24
2026-03-18,3,18,2,12,0,0,0,0,digital_wallet,mobile_app,north,premium,android,0,0,1,2012,96.3,668,9,15,7,3,6,0.021,0.8458,0.1542,0.4996,0.000673,0,49.35
2026-03-18,3,18,2,12,0,0,0,0,digital_wallet,mobile_app,north,retail,ios,0,0,1,2938,61.76,1089,29,21,13,1,16,0.0362,0.852,0.148,0.3701,0.000876,3,205.4
2026-03-18,3,18,2,12,0,0,0,0,digital_wallet,mobile_app,south,premium,android,0,0,1,1649,101.78,688,16,14,6,3,9,0.0283,0.8264,0.1736,0.451,0.000691,0,11.43
2026-03-18,3,18,2,12,0,0,0,0,digital_wallet,mobile_app,south,retail,ios,0,0,1,2445,75.69,701,25,30,15,5,25,0.0347,0.8553,0.1447,0.3106,0.001024,6,555.12
2026-03-18,3,18,2,12,0,0,0,0,digital_wallet,mobile_app,west,premium,ios,0,0,1,2004,38.84,778,7,11,12,9,13,0.0191,0.8564,0.1436,0.3162,0.000768,3,135.0
2026-03-18,3,18,2,12,0,0,0,0,digital_wallet,mobile_app,west,retail,ios,0,0,1,2696,85.04,1443,20,24,7,5,32,0.0277,0.8399,0.1601,0.3824,0.001074,5,339.75
2026-03-18,3,18,2,12,0,0,0,0,digital_wallet,web,east,premium,desktop,0,0,1,928,61.25,407,5,17,6,5,8,0.0363,0.8598,0.1402,0.2104,0.000544,0,0.0
2026-03-18,3,18,2,12,0,0,0,0,digital_wallet,web,east,retail,ios,0,0,1,2441,79.01,907,14,17,4,3,8,0.0253,0.838,0.162,0.2354,0.000737,1,168.81
2026-03-18,3,18,2,12,0,0,0,0,digital_wallet,web,north,premium,desktop,0,0,1,1132,76.89,569,9,12,3,2,8,0.028,0.8379,0.1621,0.2096,0.000546,1,117.92
2026-03-18,3,18,2,12,0,0,0,0,digital_wallet,web,north,retail,android,0,0,1,2766,57.23,903,14,12,10,5,11,0.032,0.8502,0.1498,0.4356,0.000827,2,141.09
2026-03-18,3,18,2,12,0,0,0,0,digital_wallet,web,south,premium,ios,0,0,1,1698,23.41,947,7,12,6,3,3,0.0261,0.8575,0.1425,0.2633,0.000624,0,0.0
2026-03-18,3,18,2,12,0,0,0,0,digital_wallet,web,south,retail,desktop,0,0,1,1691,91.34,515,14,11,8,2,7,0.0267,0.8341,0.1659,0.2118,0.000827,0,13.81
2026-03-18,3,18,2,12,0,0,0,0,digital_wallet,web,west,premium,ios,0,0,1,1465,73.86,809,9,9,6,5,4,0.0354,0.8342,0.1658,0.2114,0.000632,0,0.0
2026-03-18,3,18,2,12,0,0,0,0,digital_wallet,web,west,retail,desktop,0,0,1,1599,92.86,553,25,16,4,2,22,0.0241,0.8436,0.1564,0.2116,0.000841,3,374.49
2026-03-19,3,19,3,12,0,0,0,0,credit_card,branch,east,premium,desktop,0,0,0,682,53.27,251,5,12,5,1,6,0.0252,0.8768,0.1232,0.3032,0.000325,0,4.9
2026-03-19,3,19,3,12,0,0,0,0,credit_card,branch,east,retail,desktop,0,0,0,939,50.86,301,27,12,2,2,6,0.0247,0.8736,0.1264,0.232,0.000477,0,10.95
2026-03-19,3,19,3,12,0,0,0,0,credit_card,branch,north,premium,desktop,0,0,0,563,79.78,273,13,10,4,2,7,0.018,0.862,0.138,0.1879,0.000345,1,131.79
2026-03-19,3,19,3,12,0,0,0,0,credit_card,branch,north,retail,desktop,0,0,0,1024,36.72,419,29,12,5,2,5,0.0268,0.8472,0.1528,0.2145,0.000456,0,5.65
2026-03-19,3,19,3,12,0,0,0,0,credit_card,branch,south,premium,desktop,0,0,0,560,92.76,156,12,9,8,3,6,0.0181,0.8649,0.1351,0.2737,0.000371,0,63.58
2026-03-19,3,19,3,12,0,0,0,0,credit_card,branch,south,retail,desktop,0,0,0,937,27.76,303,28,10,6,3,6,0.0206,0.8631,0.1369,0.3045,0.000534,0,0.0
2026-03-19,3,19,3,12,0,0,0,0,credit_card,branch,west,premium,desktop,0,0,0,708,68.43,404,13,12,5,2,4,0.0171,0.8447,0.1553,0.2238,0.000396,0,0.0
2026-03-19,3,19,3,12,0,0,0,0,credit_card,branch,west,retail,desktop,0,0,0,1014,57.72,329,26,7,4,2,7,0.0206,0.8616,0.1384,0.2741,0.000558,1,154.82
2026-03-19,3,19,3,12,0,0,0,0,credit_card,mobile_app,east,premium,ios,0,0,1,2989,54.46,1045,16,21,7,0,8,0.0372,0.8427,0.1573,0.336,0.000532,2,133.53
2026-03-19,3,19,3,12,0,0,0,0,credit_card,mobile_app,east,retail,android,0,0,1,3983,81.25,1792,33,21,11,4,21,0.0244,0.8561,0.1439,0.4992,0.000789,4,469.76
2026-03-19,3,19,3,12,0,0,0,0,credit_card,mobile_app,north,premium,ios,0,0,1,2133,56.14,824,15,15,9,4,7,0.0316,0.8466,0.1534,0.3437,0.000575,1,52.93
2026-03-19,3,19,3,12,0,0,0,0,credit_card,mobile_app,north,retail,ios,0,0,1,3958,54.7,2314,28,16,9,1,18,0.0321,0.8377,0.1623,0.362,0.000816,4,205.77
2026-03-19,3,19,3,12,0,0,0,0,credit_card,mobile_app,south,premium,android,0,0,1,2753,99.68,1616,9,19,13,3,6,0.0286,0.854,0.146,0.4984,0.000635,0,34.53
2026-03-19,3,19,3,12,0,0,0,0,credit_card,mobile_app,south,retail,android,0,0,1,4236,49.3,2575,30,12,18,8,13,0.0265,0.8399,0.1601,0.5362,0.000882,4,228.92
2026-03-19,3,19,3,12,0,0,0,0,credit_card,mobile_app,west,premium,ios,0,0,1,2554,69.28,1049,24,21,16,5,5,0.0353,0.8455,0.1545,0.4325,0.000664,0,0.22
2026-03-19,3,19,3,12,0,0,0,0,credit_card,mobile_app,west,retail,android,0,0,1,4948,85.34,2131,30,18,7,2,14,0.0236,0.8457,0.1543,0.5453,0.00092,4,573.49
2026-03-19,3,19,3,12,0,0,0,0,credit_card,web,east,premium,android,0,0,1,2636,107.16,791,14,11,5,0,9,0.0249,0.8509,0.1491,0.4485,0.000431,2,258.95
2026-03-19,3,19,3,12,0,0,0,0,credit_card,web,east,retail,desktop,0,0,1,2108,56.31,738,25,10,15,3,7,0.03,0.8439,0.1561,0.2576,0.000657,1,178.68
2026-03-19,3,19,3,12,0,0,0,0,credit_card,web,north,premium,ios,0,0,1,2244,106.39,649,9,20,8,2,7,0.0343,0.8577,0.1423,0.2347,0.000495,1,198.08
2026-03-19,3,19,3,12,0,0,0,0,credit_card,web,north,retail,desktop,0,0,1,2451,106.32,916,13,10,6,3,7,0.0303,0.8498,0.1502,0.1858,0.000647,2,237.15
2026-03-19,3,19,3,12,0,0,0,0,credit_card,web,south,premium,ios,0,0,1,2169,67.41,1263,15,16,9,1,15,0.0272,0.8387,0.1613,0.3056,0.000517,3,334.46
2026-03-19,3,19,3,12,0,0,0,0,credit_card,web,south,retail,android,0,0,1,3345,69.59,1093,17,11,6,4,12,0.0292,0.8407,0.1593,0.4515,0.000778,3,290.86
2026-03-19,3,19,3,12,0,0,0,0,credit_card,web,west,premium,desktop,0,0,1,2009,93.34,784,16,19,12,3,4,0.0347,0.841,0.159,0.2781,0.000588,0,0.0
2026-03-19,3,19,3,12,0,0,0,0,credit_card,web,west,retail,desktop,0,0,1,2130,33.07,1180,30,16,2,4,25,0.0299,0.8536,0.1464,0.2621,0.000794,5,229.93
2026-03-19,3,19,3,12,0,0,0,0,debit_card,branch,east,premium,desktop,0,0,0,423,36.34,198,9,15,7,0,3,0.017,0.8749,0.1251,0.301,0.00025,0,32.3
2026-03-19,3,19,3,12,0,0,0,0,debit_card,branch,east,retail,desktop,0,0,0,787,141.79,279,21,5,5,1,1,0.0231,0.8689,0.1311,0.2186,0.000356,0,19.76
2026-03-19,3,19,3,12,0,0,0,0,debit_card,branch,north,premium,desktop,0,0,0,607,70.0,196,13,11,5,3,5,0.0262,0.8455,0.1545,0.2509,0.000259,0,0.0
2026-03-19,3,19,3,12,0,0,0,0,debit_card,branch,north,retail,desktop,0,0,0,873,51.79,277,26,11,6,0,5,0.0142,0.8699,0.1301,0.2382,0.000374,0,11.43
2026-03-19,3,19,3,12,0,0,0,0,debit_card,branch,south,premium,desktop,0,0,0,448,82.12,141,2,11,4,0,2,0.0191,0.844,0.156,0.2489,0.000277,0,61.77
2026-03-19,3,19,3,12,0,0,0,0,debit_card,branch,south,retail,desktop,0,0,0,703,74.08,263,25,9,6,1,5,0.0204,0.8594,0.1406,0.2741,0.000424,1,58.51
2026-03-19,3,19,3,12,0,0,0,0,debit_card,branch,west,premium,desktop,0,0,0,561,52.29,167,13,10,3,0,5,0.0124,0.8777,0.1223,0.2769,0.000312,0,25.62
2026-03-19,3,19,3,12,0,0,0,0,debit_card,branch,west,retail,desktop,0,0,0,707,81.36,336,17,5,2,1,2,0.0259,0.8519,0.1481,0.2696,0.000395,0,7.59
2026-03-19,3,19,3,12,0,0,0,0,debit_card,mobile_app,east,premium,android,0,0,1,2404,44.78,915,13,22,12,4,4,0.0305,0.8491,0.1509,0.5599,0.000434,0,0.0
2026-03-19,3,19,3,12,0,0,0,0,debit_card,mobile_app,east,retail,android,0,0,1,3071,72.57,1687,25,26,11,2,26,0.0215,0.8205,0.1795,0.5404,0.000639,3,229.86
2026-03-19,3,19,3,12,0,0,0,0,debit_card,mobile_app,north,premium,ios,0,0,1,2247,118.19,762,11,15,7,2,8,0.0267,0.862,0.138,0.283,0.000441,0,55.41
2026-03-19,3,19,3,12,0,0,0,0,debit_card,mobile_app,north,retail,android,0,0,1,3765,55.39,1177,19,28,11,2,19,0.0273,0.8464,0.1536,0.5244,0.000642,5,238.81
2026-03-19,3,19,3,12,0,0,0,0,debit_card,mobile_app,south,premium,ios,0,0,1,2190,49.47,905,17,23,12,1,11,0.0345,0.8576,0.1424,0.3701,0.00049,0,0.0
2026-03-19,3,19,3,12,0,0,0,0,debit_card,mobile_app,south,retail,ios,0,0,1,2748,44.06,1723,26,21,7,2,19,0.035,0.8687,0.1313,0.3715,0.000692,2,115.24
2026-03-19,3,19,3,12,0,0,0,0,debit_card,mobile_app,west,premium,ios,0,0,1,2055,47.69,782,12,21,12,1,16,0.0253,0.8406,0.1594,0.3063,0.000499,1,0.0
2026-03-19,3,19,3,12,0,0,0,0,debit_card,mobile_app,west,retail,android,0,0,1,3779,45.35,1284,31,23,8,3,22,0.0286,0.8406,0.1594,0.5618,0.000669,4,225.5
2026-03-19,3,19,3,12,0,0,0,0,debit_card,web,east,premium,desktop,0,0,1,1234,52.5,446,10,14,7,3,5,0.0316,0.8578,0.1422,0.288,0.000376,0,52.12
2026-03-19,3,19,3,12,0,0,0,0,debit_card,web,east,retail,desktop,0,0,1,2160,59.82,794,21,16,5,3,4,0.0254,0.851,0.149,0.2607,0.000525,0,0.0
2026-03-19,3,19,3,12,0,0,0,0,debit_card,web,north,premium,android,0,0,1,1923,65.8,1229,14,12,5,2,5,0.0235,0.8521,0.1479,0.4111,0.000374,1,95.08
2026-03-19,3,19,3,12,0,0,0,0,debit_card,web,north,retail,ios,0,0,1,3068,47.57,945,15,15,7,2,9,0.0302,0.8408,0.1592,0.3092,0.000533,3,144.87
2026-03-19,3,19,3,12,0,0,0,0,debit_card,web,south,premium,android,0,0,1,2023,54.05,1200,7,18,2,0,8,0.0346,0.8403,0.1597,0.4012,0.000392,1,0.0
2026-03-19,3,19,3,12,0,0,0,0,debit_card,web,south,retail,android,0,0,1,3008,58.06,1307,15,20,8,2,10,0.0277,0.8547,0.1453,0.4027,0.000591,1,38.85
2026-03-19,3,19,3,12,0,0,0,0,debit_card,web,west,premium,desktop,0,0,1,1551,67.13,909,13,14,9,3,9,0.0345,0.8361,0.1639,0.1883,0.000402,1,50.94
2026-03-19,3,19,3,12,0,0,0,0,debit_card,web,west,retail,ios,0,0,1,3341,72.16,1147,24,11,9,4,10,0.0311,0.8326,0.1674,0.233,0.000602,2,148.98
2026-03-19,3,19,3,12,0,0,0,0,digital_wallet,branch,east,premium,desktop,0,0,0,470,67.46,159,12,14,3,1,6,0.0192,0.8492,0.1508,0.2448,0.000368,0,0.0
2026-03-19,3,19,3,12,0,0,0,0,digital_wallet,branch,east,retail,desktop,0,0,0,659,59.67,308,12,13,2,1,5,0.0206,0.8613,0.1387,0.2511,0.000529,0,0.0
2026-03-19,3,19,3,12,0,0,0,0,digital_wallet,branch,north,premium,desktop,0,0,0,385,57.51,224,8,11,1,0,4,0.0196,0.8554,0.1446,0.276,0.000383,0,23.76
2026-03-19,3,19,3,12,0,0,0,0,digital_wallet,branch,north,retail,desktop,0,0,0,683,51.21,224,15,9,6,1,4,0.0121,0.8627,0.1373,0.2341,0.000553,0,6.09
2026-03-19,3,19,3,12,0,0,0,0,digital_wallet,branch,south,premium,desktop,0,0,0,474,77.97,174,5,8,4,1,3,0.0165,0.8641,0.1359,0.305,0.000379,0,0.0
2026-03-19,3,19,3,12,0,0,0,0,digital_wallet,branch,south,retail,desktop,0,0,0,650,73.4,212,17,13,0,0,4,0.0162,0.8591,0.1409,0.2176,0.000578,0,53.68
2026-03-19,3,19,3,12,0,0,0,0,digital_wallet,branch,west,premium,desktop,0,0,0,454,61.39,291,16,10,8,5,2,0.022,0.8589,0.1411,0.2336,0.000453,0,22.75
2026-03-19,3,19,3,12,0,0,0,0,digital_wallet,branch,west,retail,desktop,0,0,0,681,33.62,422,19,14,1,3,7,0.0267,0.8641,0.1359,0.2411,0.000611,1,45.55
2026-03-19,3,19,3,12,0,0,0,0,digital_wallet,mobile_app,east,premium,ios,0,0,1,1820,48.64,1069,20,20,16,1,12,0.0346,0.8541,0.1459,0.3632,0.000651,1,51.6
2026-03-19,3,19,3,12,0,0,0,0,digital_wallet,mobile_app,east,retail,ios,0,0,1,2852,90.43,1544,22,27,12,8,13,0.0279,0.8329,0.1671,0.3874,0.000879,2,165.2
2026-03-19,3,19,3,12,0,0,0,0,digital_wallet,mobile_app,north,premium,android,0,0,1,1903,56.56,820,11,23,17,2,8,0.0334,0.8493,0.1507,0.6088,0.000615,1,20.67
2026-03-19,3,19,3,12,0,0,0,0,digital_wallet,mobile_app,north,retail,android,0,0,1,3122,60.78,1640,27,14,13,4,12,0.0315,0.852,0.148,0.5306,0.00087,1,143.47
2026-03-19,3,19,3,12,0,0,0,0,digital_wallet,mobile_app,south,premium,ios,0,0,1,1554,52.53,711,10,22,11,1,8,0.0314,0.8504,0.1496,0.3411,0.000716,0,0.0
2026-03-19,3,19,3,12,0,0,0,0,digital_wallet,mobile_app,south,retail,ios,0,0,1,2602,55.96,812,27,16,15,2,10,0.0328,0.8428,0.1572,0.3877,0.000981,1,88.44
2026-03-19,3,19,3,12,0,0,0,0,digital_wallet,mobile_app,west,premium,android,0,0,1,2141,77.57,696,18,14,10,5,8,0.0253,0.8315,0.1685,0.4985,0.000728,2,206.75
2026-03-19,3,19,3,12,0,0,0,0,digital_wallet,mobile_app,west,retail,ios,0,0,1,3002,52.76,1610,22,20,2,3,11,0.0303,0.848,0.152,0.3284,0.001011,0,52.06
2026-03-19,3,19,3,12,0,0,0,0,digital_wallet,web,east,premium,desktop,0,0,1,1118,41.07,594,7,12,11,2,4,0.0318,0.8306,0.1694,0.2342,0.000564,0,0.0
2026-03-19,3,19,3,12,0,0,0,0,digital_wallet,web,east,retail,ios,0,0,1,1961,66.7,774,15,11,6,3,9,0.0234,0.8451,0.1549,0.2671,0.000754,1,73.46
2026-03-19,3,19,3,12,0,0,0,0,digital_wallet,web,north,premium,android,0,0,1,1660,29.98,714,12,15,7,3,10,0.0281,0.832,0.168,0.4006,0.000548,1,0.0
2026-03-19,3,19,3,12,0,0,0,0,digital_wallet,web,north,retail,desktop,0,0,1,1676,48.2,651,24,13,8,3,12,0.0297,0.8487,0.1513,0.2922,0.000797,3,149.88
2026-03-19,3,19,3,12,0,0,0,0,digital_wallet,web,south,premium,android,0,0,1,1599,31.85,472,6,14,6,3,14,0.0299,0.8446,0.1554,0.3871,0.000583,3,71.88
2026-03-19,3,19,3,12,0,0,0,0,digital_wallet,web,south,retail,android,0,0,1,2235,80.24,649,19,20,7,3,6,0.0238,0.8549,0.1451,0.4517,0.000826,0,12.69
2026-03-19,3,19,3,12,0,0,0,0,digital_wallet,web,west,premium,desktop,0,0,1,1112,81.95,553,10,22,8,2,11,0.0294,0.8479,0.1521,0.2443,0.000612,0,0.0
2026-03-19,3,19,3,12,0,0,0,0,digital_wallet,web,west,retail,desktop,0,0,1,1590,52.48,582,15,16,5,9,10,0.0268,0.8495,0.1505,0.2866,0.000843,1,45.82
2026-03-20,3,20,4,12,0,0,0,0,credit_card,branch,east,premium,desktop,0,0,0,550,203.8,318,11,12,5,1,3,0.0167,0.8543,0.1457,0.2626,0.000343,0,41.32
2026-03-20,3,20,4,12,0,0,0,0,credit_card,branch,east,retail,desktop,0,0,0,788,74.79,299,29,12,9,0,3,0.0257,0.8584,0.1416,0.24,0.000468,0,7.65
2026-03-20,3,20,4,12,0,0,0,0,credit_card,branch,north,premium,desktop,0,0,0,652,54.75,334,17,7,6,1,4,0.0215,0.8684,0.1316,0.2698,0.000336,0,0.0
2026-03-20,3,20,4,12,0,0,0,0,credit_card,branch,north,retail,desktop,0,0,0,910,68.66,590,25,7,2,0,4,0.0227,0.8715,0.1285,0.2421,0.000481,0,30.81
2026-03-20,3,20,4,12,0,0,0,0,credit_card,branch,south,premium,desktop,0,0,0,579,43.31,342,15,10,5,0,9,0.0123,0.8554,0.1446,0.1788,0.000392,1,51.25
2026-03-20,3,20,4,12,0,0,0,0,credit_card,branch,south,retail,desktop,0,0,0,952,58.79,320,30,6,5,2,2,0.0152,0.8546,0.1454,0.2451,0.000526,0,0.0
2026-03-20,3,20,4,12,0,0,0,0,credit_card,branch,west,premium,desktop,0,0,0,621,70.78,247,13,5,4,1,1,0.0238,0.875,0.125,0.2636,0.000372,0,0.0
2026-03-20,3,20,4,12,0,0,0,0,credit_card,branch,west,retail,desktop,0,0,0,1001,123.76,669,26,11,4,2,16,0.0237,0.8606,0.1394,0.2512,0.000499,3,582.09
2026-03-20,3,20,4,12,0,0,0,0,credit_card,mobile_app,east,premium,ios,0,0,1,2841,61.28,929,18,32,12,3,19,0.026,0.8419,0.1581,0.3457,0.000559,0,0.0
2026-03-20,3,20,4,12,0,0,0,0,credit_card,mobile_app,east,retail,android,0,0,1,4491,61.08,1691,21,17,9,1,12,0.0273,0.8468,0.1532,0.4943,0.000796,2,166.1
2026-03-20,3,20,4,12,0,0,0,0,credit_card,mobile_app,north,premium,ios,0,0,1,3131,142.08,975,27,22,12,3,7,0.0187,0.8528,0.1472,0.2927,0.000576,0,0.0
2026-03-20,3,20,4,12,0,0,0,0,credit_card,mobile_app,north,retail,ios,0,0,1,4592,46.01,1580,32,17,10,5,11,0.0348,0.8385,0.1615,0.3465,0.000794,1,124.76
2026-03-20,3,20,4,12,0,0,0,0,credit_card,mobile_app,south,premium,ios,0,0,1,2560,133.75,905,11,26,8,4,13,0.0316,0.8462,0.1538,0.4044,0.000601,1,209.81
2026-03-20,3,20,4,12,0,0,0,0,credit_card,mobile_app,south,retail,ios,0,0,1,3385,80.71,1412,36,15,9,4,17,0.0274,0.8516,0.1484,0.3475,0.000848,4,501.6
2026-03-20,3,20,4,12,0,0,0,0,credit_card,mobile_app,west,premium,ios,0,0,1,2901,41.17,1281,19,25,13,0,13,0.0297,0.8464,0.1536,0.3466,0.00064,1,86.03
2026-03-20,3,20,4,12,0,0,0,0,credit_card,mobile_app,west,retail,ios,0,0,1,4098,102.93,1430,36,19,7,5,22,0.0283,0.8268,0.1732,0.3202,0.000907,5,777.86
2026-03-20,3,20,4,12,0,0,0,0,credit_card,web,east,premium,desktop,0,0,1,1618,109.07,491,9,14,5,0,9,0.0312,0.8284,0.1716,0.3181,0.000477,0,0.0
2026-03-20,3,20,4,12,0,0,0,0,credit_card,web,east,retail,ios,0,0,1,3210,84.76,1652,20,21,7,5,28,0.031,0.8504,0.1496,0.2441,0.000672,4,518.96
2026-03-20,3,20,4,12,0,0,0,0,credit_card,web,north,premium,desktop,0,0,1,1661,41.82,837,16,10,8,0,9,0.0239,0.8292,0.1708,0.2192,0.000497,2,128.0
2026-03-20,3,20,4,12,0,0,0,0,credit_card,web,north,retail,ios,0,0,1,3809,73.03,1389,28,15,10,3,16,0.0354,0.8586,0.1414,0.3079,0.000699,2,243.37
2026-03-20,3,20,4,12,0,0,0,0,credit_card,web,south,premium,desktop,0,0,1,1547,38.9,510,11,10,7,2,4,0.0327,0.8445,0.1555,0.2398,0.00054,0,0.0
2026-03-20,3,20,4,12,0,0,0,0,credit_card,web,south,retail,desktop,0,0,1,1692,75.34,574,29,18,4,2,11,0.0248,0.8333,0.1667,0.2641,0.000727,0,0.0
2026-03-20,3,20,4,12,0,0,0,0,credit_card,web,west,premium,desktop,0,0,1,1454,59.32,742,8,19,11,3,8,0.0269,0.8387,0.1613,0.1931,0.000549,1,143.15
2026-03-20,3,20,4,12,0,0,0,0,credit_card,web,west,retail,desktop,0,0,1,2104,79.27,814,31,21,5,2,7,0.0277,0.8413,0.1587,0.2952,0.0008,1,125.53
2026-03-20,3,20,4,12,0,0,0,0,debit_card,branch,east,premium,desktop,0,0,0,536,73.22,167,12,10,6,1,5,0.0163,0.8689,0.1311,0.2805,0.000258,0,15.98
2026-03-20,3,20,4,12,0,0,0,0,debit_card,branch,east,retail,desktop,0,0,0,706,90.87,332,22,15,2,1,3,0.0218,0.8648,0.1352,0.2043,0.00035,0,0.0
2026-03-20,3,20,4,12,0,0,0,0,debit_card,branch,north,premium,desktop,0,0,0,551,72.96,201,12,12,9,0,7,0.0169,0.8568,0.1432,0.2739,0.000262,0,17.02
2026-03-20,3,20,4,12,0,0,0,0,debit_card,branch,north,retail,desktop,0,0,0,790,117.43,309,18,8,8,1,5,0.0277,0.8504,0.1496,0.25,0.000382,0,47.54
2026-03-20,3,20,4,12,0,0,0,0,debit_card,branch,south,premium,desktop,0,0,0,565,55.36,172,8,13,4,0,3,0.0244,0.8542,0.1458,0.2254,0.000294,0,12.32
2026-03-20,3,20,4,12,0,0,0,0,debit_card,branch,south,retail,desktop,0,0,0,669,57.25,321,15,5,1,3,2,0.0203,0.8444,0.1556,0.2679,0.000387,0,54.93
2026-03-20,3,20,4,12,0,0,0,0,debit_card,branch,west,premium,desktop,0,0,0,579,90.17,271,14,13,7,0,3,0.0222,0.8334,0.1666,0.227,0.000321,0,0.0
2026-03-20,3,20,4,12,0,0,0,0,debit_card,branch,west,retail,desktop,0,0,0,866,66.46,271,13,11,5,1,5,0.0148,0.868,0.132,0.2083,0.000433,1,74.33
2026-03-20,3,20,4,12,0,0,0,0,debit_card,mobile_app,east,premium,android,0,0,1,2485,47.97,909,11,18,7,1,14,0.0309,0.8299,0.1701,0.5041,0.000424,1,77.27
2026-03-20,3,20,4,12,0,0,0,0,debit_card,mobile_app,east,retail,ios,0,0,1,3214,71.25,1249,31,18,9,2,11,0.0403,0.8473,0.1527,0.3585,0.000599,3,155.74
2026-03-20,3,20,4,12,0,0,0,0,debit_card,mobile_app,north,premium,android,0,0,1,2986,73.85,1038,8,21,11,1,14,0.0309,0.8494,0.1506,0.489,0.000452,3,228.7
2026-03-20,3,20,4,12,0,0,0,0,debit_card,mobile_app,north,retail,ios,0,0,1,3152,80.45,1049,20,24,13,4,13,0.0275,0.8536,0.1464,0.3667,0.000655,4,431.68
2026-03-20,3,20,4,12,0,0,0,0,debit_card,mobile_app,south,premium,android,0,0,1,2462,80.54,914,15,14,7,3,11,0.0276,0.8449,0.1551,0.4658,0.00049,1,69.25
2026-03-20,3,20,4,12,0,0,0,0,debit_card,mobile_app,south,retail,ios,0,0,1,3484,55.37,1351,16,20,7,3,15,0.0259,0.8407,0.1593,0.3386,0.000668,1,34.16
2026-03-20,3,20,4,12,0,0,0,0,debit_card,mobile_app,west,premium,android,0,0,1,2672,80.06,1434,11,38,11,2,33,0.0266,0.8503,0.1497,0.5158,0.000509,3,234.37
2026-03-20,3,20,4,12,0,0,0,0,debit_card,mobile_app,west,retail,ios,0,0,1,3897,73.9,1569,29,19,10,0,29,0.0205,0.8432,0.1568,0.37,0.000715,8,622.08
2026-03-20,3,20,4,12,0,0,0,0,debit_card,web,east,premium,android,0,0,1,1971,72.42,831,10,9,11,5,6,0.0227,0.8342,0.1658,0.432,0.000357,1,94.55
2026-03-20,3,20,4,12,0,0,0,0,debit_card,web,east,retail,desktop,0,0,1,1961,65.12,748,22,23,7,1,10,0.0274,0.8331,0.1669,0.2128,0.000533,2,132.76
2026-03-20,3,20,4,12,0,0,0,0,debit_card,web,north,premium,desktop,0,0,1,1345,28.71,584,13,17,16,0,9,0.0218,0.8322,0.1678,0.2396,0.000391,0,35.14
2026-03-20,3,20,4,12,0,0,0,0,debit_card,web,north,retail,android,0,0,1,3230,31.08,1080,17,13,6,7,10,0.0272,0.8522,0.1478,0.4348,0.000561,1,49.83
2026-03-20,3,20,4,12,0,0,0,0,debit_card,web,south,premium,desktop,0,0,1,1209,53.36,381,14,17,5,3,3,0.0268,0.8429,0.1571,0.1896,0.000445,0,5.91
2026-03-20,3,20,4,12,0,0,0,0,debit_card,web,south,retail,android,0,0,1,2880,55.21,1090,25,16,6,2,11,0.0274,0.8581,0.1419,0.4284,0.000584,2,143.22
2026-03-20,3,20,4,12,0,0,0,0,debit_card,web,west,premium,desktop,0,0,1,1233,60.66,530,10,15,5,2,5,0.0294,0.8555,0.1445,0.2615,0.000444,0,0.0
2026-03-20,3,20,4,12,0,0,0,0,debit_card,web,west,retail,desktop,0,0,1,1906,78.22,915,14,20,2,0,9,0.0286,0.8443,0.1557,0.2633,0.000586,0,17.43
2026-03-20,3,20,4,12,0,0,0,0,digital_wallet,branch,east,premium,desktop,0,0,0,477,80.24,239,8,10,5,1,5,0.0268,0.8738,0.1262,0.2699,0.00036,0,0.0
2026-03-20,3,20,4,12,0,0,0,0,digital_wallet,branch,east,retail,desktop,0,0,0,720,37.91,486,16,8,4,2,2,0.01,0.853,0.147,0.2465,0.000528,0,0.0
2026-03-20,3,20,4,12,0,0,0,0,digital_wallet,branch,north,premium,desktop,0,0,0,507,54.24,309,6,3,2,1,1,0.0203,0.8641,0.1359,0.2417,0.000362,0,0.0
2026-03-20,3,20,4,12,0,0,0,0,digital_wallet,branch,north,retail,desktop,0,0,0,590,33.91,174,26,16,2,0,10,0.016,0.8536,0.1464,0.2378,0.000549,0,4.95
2026-03-20,3,20,4,12,0,0,0,0,digital_wallet,branch,south,premium,desktop,0,0,0,400,79.95,262,9,11,6,1,6,0.0173,0.8607,0.1393,0.2372,0.000426,0,10.38
2026-03-20,3,20,4,12,0,0,0,0,digital_wallet,branch,south,retail,desktop,0,0,0,655,95.25,294,16,12,6,3,4,0.0243,0.8485,0.1515,0.2486,0.000577,0,0.0
2026-03-20,3,20,4,12,0,0,0,0,digital_wallet,branch,west,premium,desktop,0,0,0,513,40.79,292,6,4,5,1,2,0.0232,0.8377,0.1623,0.2641,0.000443,0,60.5
2026-03-20,3,20,4,12,0,0,0,0,digital_wallet,branch,west,retail,desktop,0,0,0,674,34.9,303,17,10,5,2,4,0.0226,0.8603,0.1397,0.2506,0.000613,0,0.0
2026-03-20,3,20,4,12,0,0,0,0,digital_wallet,mobile_app,east,premium,android,0,0,1,1881,21.61,844,15,23,16,6,14,0.0304,0.853,0.147,0.5354,0.000619,2,10.25
2026-03-20,3,20,4,12,0,0,0,0,digital_wallet,mobile_app,east,retail,android,0,0,1,2936,86.85,1209,25,13,13,5,13,0.0232,0.8446,0.1554,0.5536,0.000915,2,113.63
2026-03-20,3,20,4,12,0,0,0,0,digital_wallet,mobile_app,north,premium,ios,0,0,1,1796,39.3,934,9,22,11,4,18,0.0391,0.8325,0.1675,0.2986,0.000686,2,106.51
2026-03-20,3,20,4,12,0,0,0,0,digital_wallet,mobile_app,north,retail,ios,0,0,1,3112,67.85,1305,19,25,11,4,25,0.0284,0.845,0.155,0.3327,0.000941,3,179.09
2026-03-20,3,20,4,12,0,0,0,0,digital_wallet,mobile_app,south,premium,android,0,0,1,1977,41.36,757,24,23,10,1,10,0.0272,0.8557,0.1443,0.5927,0.000718,0,18.78
2026-03-20,3,20,4,12,0,0,0,0,digital_wallet,mobile_app,south,retail,android,0,0,1,2722,59.85,1079,25,25,11,3,9,0.0302,0.8493,0.1507,0.5409,0.00102,3,244.31
2026-03-20,3,20,4,12,0,0,0,0,digital_wallet,mobile_app,west,premium,ios,0,0,1,1744,83.31,876,13,26,12,3,18,0.032,0.8425,0.1575,0.4051,0.000728,1,101.74
2026-03-20,3,20,4,12,0,0,0,0,digital_wallet,mobile_app,west,retail,android,0,0,1,2612,54.97,869,32,28,10,8,25,0.0394,0.8328,0.1672,0.5323,0.001018,2,137.2
2026-03-20,3,20,4,12,0,0,0,0,digital_wallet,web,east,premium,android,0,0,1,1491,59.62,841,12,13,6,0,7,0.034,0.8419,0.1581,0.4765,0.000537,1,72.7
2026-03-20,3,20,4,12,0,0,0,0,digital_wallet,web,east,retail,desktop,0,0,1,1737,34.17,1079,15,6,5,1,3,0.0262,0.8467,0.1533,0.2175,0.000734,0,33.59
2026-03-20,3,20,4,12,0,0,0,0,digital_wallet,web,north,premium,android,0,0,1,1753,55.1,709,4,10,6,4,9,0.0347,0.8301,0.1699,0.3973,0.000548,1,37.93
2026-03-20,3,20,4,12,0,0,0,0,digital_wallet,web,north,retail,android,0,0,1,2208,83.06,644,16,13,11,2,13,0.0296,0.8353,0.1647,0.4225,0.000757,3,363.02
2026-03-20,3,20,4,12,0,0,0,0,digital_wallet,web,south,premium,desktop,0,0,1,1229,47.66,386,8,11,7,3,6,0.0375,0.8404,0.1596,0.2225,0.000596,0,23.96
2026-03-20,3,20,4,12,0,0,0,0,digital_wallet,web,south,retail,desktop,0,0,1,1792,27.39,588,19,17,10,2,10,0.0268,0.861,0.139,0.2878,0.000847,0,31.47
2026-03-20,3,20,4,12,0,0,0,0,digital_wallet,web,west,premium,ios,0,0,1,1800,62.9,1037,7,19,4,4,6,0.0321,0.8712,0.1288,0.2486,0.000652,0,16.97
2026-03-20,3,20,4,12,0,0,0,0,digital_wallet,web,west,retail,desktop,0,0,1,1796,38.37,864,24,11,10,8,8,0.0272,0.8418,0.1582,0.2074,0.00086,2,12.96
2026-03-21,3,21,5,12,1,0,0,0,credit_card,branch,east,premium,desktop,0,0,0,671,63.4,200,18,14,2,1,9,0.019,0.8378,0.1622,0.2764,0.00033,0,0.0
2026-03-21,3,21,5,12,1,0,0,0,credit_card,branch,east,retail,desktop,0,0,0,847,68.65,368,21,18,6,4,8,0.0203,0.856,0.144,0.2482,0.000486,0,0.0
2026-03-21,3,21,5,12,1,0,0,0,credit_card,branch,north,premium,desktop,0,0,0,545,35.52,181,15,4,6,1,1,0.0138,0.8461,0.1539,0.248,0.000336,0,28.2
2026-03-21,3,21,5,12,1,0,0,0,credit_card,branch,north,retail,desktop,0,0,0,642,79.01,249,23,10,4,1,7,0.0236,0.8751,0.1249,0.2615,0.000514,1,128.3
2026-03-21,3,21,5,12,1,0,0,0,credit_card,branch,south,premium,desktop,0,0,0,561,55.56,186,14,11,7,1,2,0.0153,0.8603,0.1397,0.2775,0.000379,0,28.73
2026-03-21,3,21,5,12,1,0,0,0,credit_card,branch,south,retail,desktop,0,0,0,776,47.97,276,20,9,8,0,5,0.0222,0.8376,0.1624,0.289,0.000528,0,9.01
2026-03-21,3,21,5,12,1,0,0,0,credit_card,branch,west,premium,desktop,0,0,0,572,71.3,315,15,8,5,2,7,0.0185,0.8415,0.1585,0.2097,0.000385,1,4.35
2026-03-21,3,21,5,12,1,0,0,0,credit_card,branch,west,retail,desktop,0,0,0,932,55.31,528,28,6,6,3,4,0.0133,0.8511,0.1489,0.2499,0.000547,1,44.93
2026-03-21,3,21,5,12,1,0,0,0,credit_card,mobile_app,east,premium,ios,0,0,1,2425,79.36,875,18,18,8,0,6,0.0243,0.8246,0.1754,0.3681,0.000566,0,0.0
2026-03-21,3,21,5,12,1,0,0,0,credit_card,mobile_app,east,retail,ios,0,0,1,3276,85.5,1801,30,23,7,2,12,0.029,0.8584,0.1416,0.3455,0.000782,2,212.28
2026-03-21,3,21,5,12,1,0,0,0,credit_card,mobile_app,north,premium,android,0,0,1,2751,71.33,1730,22,26,9,2,10,0.0326,0.8367,0.1633,0.544,0.00061,1,198.11
2026-03-21,3,21,5,12,1,0,0,0,credit_card,mobile_app,north,retail,ios,0,0,1,3117,56.43,1483,33,16,11,1,9,0.0318,0.85,0.15,0.366,0.00079,0,6.27
2026-03-21,3,21,5,12,1,0,0,0,credit_card,mobile_app,south,premium,ios,0,0,1,2191,106.73,820,24,26,10,0,17,0.0274,0.8416,0.1584,0.3468,0.000587,2,297.82
2026-03-21,3,21,5,12,1,0,0,0,credit_card,mobile_app,south,retail,ios,0,0,1,2947,39.91,878,34,20,7,5,17,0.0245,0.8335,0.1665,0.4015,0.000884,5,346.41
2026-03-21,3,21,5,12,1,0,0,0,credit_card,mobile_app,west,premium,ios,0,0,1,2515,141.54,862,15,24,15,4,11,0.0297,0.8368,0.1632,0.3096,0.000669,2,505.53
2026-03-21,3,21,5,12,1,0,0,0,credit_card,mobile_app,west,retail,android,0,0,1,4282,125.68,1948,39,20,9,3,8,0.0241,0.8418,0.1582,0.5453,0.000897,1,202.88
2026-03-21,3,21,5,12,1,0,0,0,credit_card,web,east,premium,android,0,0,1,2363,50.24,1283,16,19,9,0,17,0.0292,0.8382,0.1618,0.45,0.000463,2,157.18
2026-03-21,3,21,5,12,1,0,0,0,credit_card,web,east,retail,ios,0,0,1,2573,74.58,1600,22,20,7,1,16,0.0292,0.8314,0.1686,0.2608,0.000647,4,374.87
2026-03-21,3,21,5,12,1,0,0,0,credit_card,web,north,premium,desktop,0,0,1,1457,57.0,575,13,15,8,4,9,0.0265,0.8357,0.1643,0.237,0.000481,0,0.0
2026-03-21,3,21,5,12,1,0,0,0,credit_card,web,north,retail,desktop,0,0,1,2135,64.84,758,32,17,4,3,11,0.0304,0.8449,0.1551,0.2972,0.000696,3,339.08
2026-03-21,3,21,5,12,1,0,0,0,credit_card,web,south,premium,desktop,0,0,1,1269,76.28,605,18,17,9,4,8,0.0329,0.8371,0.1629,0.1714,0.000524,1,133.71
2026-03-21,3,21,5,12,1,0,0,0,credit_card,web,south,retail,desktop,0,0,1,1765,81.94,1098,42,24,6,5,16,0.0353,0.8486,0.1514,0.2701,0.00075,1,156.33
2026-03-21,3,21,5,12,1,0,0,0,credit_card,web,west,premium,desktop,0,0,1,1599,78.58,556,10,15,8,1,8,0.0294,0.8576,0.1424,0.1997,0.000553,1,91.12
2026-03-21,3,21,5,12,1,0,0,0,credit_card,web,west,retail,desktop,0,0,1,1889,73.23,851,21,16,6,3,12,0.029,0.8075,0.1925,0.2825,0.000763,1,97.2
2026-03-21,3,21,5,12,1,0,0,0,debit_card,branch,east,premium,desktop,0,0,0,508,67.14,176,8,17,8,0,6,0.0157,0.8475,0.1525,0.2334,0.000275,0,0.0
2026-03-21,3,21,5,12,1,0,0,0,debit_card,branch,east,retail,desktop,0,0,0,689,90.36,228,16,13,7,2,3,0.0251,0.8457,0.1543,0.2515,0.000349,0,6.35
2026-03-21,3,21,5,12,1,0,0,0,debit_card,branch,north,premium,desktop,0,0,0,379,48.4,171,10,8,4,0,5,0.0211,0.8571,0.1429,0.206,0.000275,1,52.93
2026-03-21,3,21,5,12,1,0,0,0,debit_card,branch,north,retail,desktop,0,0,0,746,20.07,255,19,13,6,1,2,0.017,0.8516,0.1484,0.2095,0.000365,0,33.71
2026-03-21,3,21,5,12,1,0,0,0,debit_card,branch,south,premium,desktop,0,0,0,452,64.14,238,12,12,3,2,7,0.0217,0.8675,0.1325,0.2863,0.000302,1,55.18
2026-03-21,3,21,5,12,1,0,0,0,debit_card,branch,south,retail,desktop,0,0,0,651,50.79,361,18,15,3,1,10,0.0166,0.8664,0.1336,0.2275,0.000421,0,0.0
2026-03-21,3,21,5,12,1,0,0,0,debit_card,branch,west,premium,desktop,0,0,0,582,53.94,192,12,11,2,1,6,0.0218,0.8621,0.1379,0.2918,0.000305,0,19.24
2026-03-21,3,21,5,12,1,0,0,0,debit_card,branch,west,retail,desktop,0,0,0,811,86.32,383,27,9,8,1,3,0.0176,0.8514,0.1486,0.2333,0.000446,0,0.0
2026-03-21,3,21,5,12,1,0,0,0,debit_card,mobile_app,east,premium,ios,0,0,1,1849,37.39,581,12,25,5,2,9,0.0347,0.854,0.146,0.3775,0.000452,0,0.6
2026-03-21,3,21,5,12,1,0,0,0,debit_card,mobile_app,east,retail,android,0,0,1,2715,74.63,955,21,31,11,4,21,0.0298,0.8271,0.1729,0.4801,0.000619,2,178.63
2026-03-21,3,21,5,12,1,0,0,0,debit_card,mobile_app,north,premium,android,0,0,1,1954,41.03,864,14,32,11,1,14,0.0263,0.8365,0.1635,0.551,0.000466,0,19.43
2026-03-21,3,21,5,12,1,0,0,0,debit_card,mobile_app,north,retail,ios,0,0,1,3012,52.98,1028,17,26,8,0,22,0.0276,0.8465,0.1535,0.2802,0.00066,2,134.59
2026-03-21,3,21,5,12,1,0,0,0,debit_card,mobile_app,south,premium,android,0,0,1,1569,103.45,1016,18,26,8,1,11,0.0276,0.8306,0.1694,0.5353,0.000502,1,169.54
2026-03-21,3,21,5,12,1,0,0,0,debit_card,mobile_app,south,retail,android,0,0,1,3157,60.05,1032,28,19,13,1,9,0.0252,0.8572,0.1428,0.5368,0.000674,1,90.7
2026-03-21,3,21,5,12,1,0,0,0,debit_card,mobile_app,west,premium,ios,0,0,1,2068,57.88,734,17,26,9,2,14,0.036,0.84,0.16,0.3866,0.000504,0,24.25
2026-03-21,3,21,5,12,1,0,0,0,debit_card,mobile_app,west,retail,android,0,0,1,3083,82.37,940,27,28,6,0,19,0.0208,0.8346,0.1654,0.519,0.000695,1,98.19
2026-03-21,3,21,5,12,1,0,0,0,debit_card,web,east,premium,ios,0,0,1,2005,57.58,630,15,18,2,0,12,0.0303,0.8293,0.1707,0.1995,0.000372,1,108.9
2026-03-21,3,21,5,12,1,0,0,0,debit_card,web,east,retail,desktop,0,0,1,1593,66.44,794,34,18,6,4,8,0.0273,0.8568,0.1432,0.2834,0.000518,1,50.6
2026-03-21,3,21,5,12,1,0,0,0,debit_card,web,north,premium,desktop,0,0,1,1152,59.43,613,15,21,6,3,12,0.0325,0.8315,0.1685,0.2077,0.000382,0,0.0
2026-03-21,3,21,5,12,1,0,0,0,debit_card,web,north,retail,desktop,0,0,1,1733,53.19,631,18,13,11,1,6,0.0264,0.8301,0.1699,0.2876,0.000512,1,82.9
2026-03-21,3,21,5,12,1,0,0,0,debit_card,web,south,premium,desktop,0,0,1,1075,44.17,438,15,18,10,1,11,0.0267,0.8351,0.1649,0.2881,0.000406,0,0.0
2026-03-21,3,21,5,12,1,0,0,0,debit_card,web,south,retail,desktop,0,0,1,1369,42.56,518,19,19,8,4,7,0.0292,0.8337,0.1663,0.172,0.000582,0,16.52
2026-03-21,3,21,5,12,1,0,0,0,debit_card,web,west,premium,desktop,0,0,1,1233,55.8,460,11,16,5,2,10,0.0347,0.8261,0.1739,0.2518,0.000451,0,36.08
2026-03-21,3,21,5,12,1,0,0,0,debit_card,web,west,retail,android,0,0,1,2987,60.01,1105,25,15,7,1,7,0.0302,0.8493,0.1507,0.4803,0.00059,0,18.15
2026-03-21,3,21,5,12,1,0,0,0,digital_wallet,branch,east,premium,desktop,0,0,0,327,23.44,139,7,14,5,0,2,0.0153,0.8632,0.1368,0.296,0.000369,0,3.07
2026-03-21,3,21,5,12,1,0,0,0,digital_wallet,branch,east,retail,desktop,0,0,0,456,44.45,233,15,9,6,4,6,0.0218,0.8552,0.1448,0.2295,0.000569,1,32.6
2026-03-21,3,21,5,12,1,0,0,0,digital_wallet,branch,north,premium,desktop,0,0,0,357,72.76,140,16,10,3,3,3,0.0201,0.8593,0.1407,0.2222,0.000382,0,1.15
2026-03-21,3,21,5,12,1,0,0,0,digital_wallet,branch,north,retail,desktop,0,0,0,518,41.76,171,15,11,2,0,2,0.0181,0.8451,0.1549,0.2556,0.000571,0,0.0
2026-03-21,3,21,5,12,1,0,0,0,digital_wallet,branch,south,premium,desktop,0,0,0,395,60.82,162,8,13,6,2,8,0.0203,0.8535,0.1465,0.3063,0.000428,1,41.3
2026-03-21,3,21,5,12,1,0,0,0,digital_wallet,branch,south,retail,desktop,0,0,0,571,64.67,195,14,10,4,0,8,0.02,0.8433,0.1567,0.2265,0.000596,1,29.22
2026-03-21,3,21,5,12,1,0,0,0,digital_wallet,branch,west,premium,desktop,0,0,0,408,68.86,279,8,9,2,1,7,0.0153,0.8456,0.1544,0.2822,0.000431,1,108.95
2026-03-21,3,21,5,12,1,0,0,0,digital_wallet,branch,west,retail,desktop,0,0,0,624,41.51,202,23,8,7,3,3,0.0221,0.8567,0.1433,0.2721,0.000634,0,0.0
2026-03-21,3,21,5,12,1,0,0,0,digital_wallet,mobile_app,east,premium,ios,0,0,1,1516,77.91,608,11,22,17,2,12,0.0303,0.843,0.157,0.3475,0.000623,0,0.0
2026-03-21,3,21,5,12,1,0,0,0,digital_wallet,mobile_app,east,retail,android,0,0,1,2656,53.04,1032,20,25,9,5,10,0.0216,0.8313,0.1687,0.5987,0.000896,1,52.66
2026-03-21,3,21,5,12,1,0,0,0,digital_wallet,mobile_app,north,premium,android,0,0,1,1835,59.06,812,13,22,9,3,12,0.0287,0.837,0.163,0.5177,0.00067,2,66.98
2026-03-21,3,21,5,12,1,0,0,0,digital_wallet,mobile_app,north,retail,android,0,0,1,2204,66.03,707,23,24,13,6,16,0.0337,0.8407,0.1593,0.4943,0.000883,3,140.17
2026-03-21,3,21,5,12,1,0,0,0,digital_wallet,mobile_app,south,premium,ios,0,0,1,1445,46.64,425,12,30,9,4,8,0.0264,0.8391,0.1609,0.3131,0.000717,0,0.0
2026-03-21,3,21,5,12,1,0,0,0,digital_wallet,mobile_app,south,retail,ios,0,0,1,2151,75.79,753,23,19,8,0,8,0.0291,0.8351,0.1649,0.3258,0.000998,1,79.79
2026-03-21,3,21,5,12,1,0,0,0,digital_wallet,mobile_app,west,premium,ios,0,0,1,1610,46.64,517,9,30,8,7,13,0.0311,0.8338,0.1662,0.3527,0.000746,1,43.73
2026-03-21,3,21,5,12,1,0,0,0,digital_wallet,mobile_app,west,retail,ios,0,0,1,3204,51.18,1653,29,25,11,6,24,0.0276,0.8226,0.1774,0.2905,0.001014,6,373.72
2026-03-21,3,21,5,12,1,0,0,0,digital_wallet,web,east,premium,android,0,0,1,1633,60.89,678,8,14,9,1,5,0.0345,0.8353,0.1647,0.4509,0.000548,0,88.35
2026-03-21,3,21,5,12,1,0,0,0,digital_wallet,web,east,retail,desktop,0,0,1,1331,68.83,716,16,14,5,6,7,0.0335,0.8425,0.1575,0.2537,0.000775,1,65.15
2026-03-21,3,21,5,12,1,0,0,0,digital_wallet,web,north,premium,desktop,0,0,1,936,59.39,311,9,9,1,1,2,0.0296,0.8183,0.1817,0.2444,0.00056,0,55.82
2026-03-21,3,21,5,12,1,0,0,0,digital_wallet,web,north,retail,desktop,0,0,1,1175,53.75,692,16,14,3,3,6,0.0292,0.8235,0.1765,0.2135,0.000776,2,63.65
2026-03-21,3,21,5,12,1,0,0,0,digital_wallet,web,south,premium,desktop,0,0,1,752,73.69,371,10,11,8,3,15,0.0282,0.8486,0.1514,0.2852,0.000614,3,287.21
2026-03-21,3,21,5,12,1,0,0,0,digital_wallet,web,south,retail,ios,0,0,1,1700,104.56,836,19,10,7,3,8,0.0336,0.8334,0.1666,0.2599,0.000874,1,183.94
2026-03-21,3,21,5,12,1,0,0,0,digital_wallet,web,west,premium,desktop,0,0,1,1082,67.31,364,12,13,5,4,2,0.0285,0.8414,0.1586,0.2605,0.000634,0,1.99
2026-03-21,3,21,5,12,1,0,0,0,digital_wallet,web,west,retail,desktop,0,0,1,1441,66.71,451,12,14,8,6,10,0.0303,0.8516,0.1484,0.1906,0.000867,1,67.75
2026-03-22,3,22,6,12,1,0,0,0,credit_card,branch,east,premium,desktop,0,0,0,548,43.12,283,8,8,3,2,4,0.0195,0.864,0.136,0.2691,0.000327,0,0.0
2026-03-22,3,22,6,12,1,0,0,0,credit_card,branch,east,retail,desktop,0,0,0,832,126.03,338,24,10,5,3,5,0.0226,0.8543,0.1457,0.2629,0.000452,0,0.0
2026-03-22,3,22,6,12,1,0,0,0,credit_card,branch,north,premium,desktop,0,0,0,543,67.44,233,12,9,2,1,2,0.0167,0.8651,0.1349,0.2387,0.000328,0,65.22
2026-03-22,3,22,6,12,1,0,0,0,credit_card,branch,north,retail,desktop,0,0,0,906,69.85,340,26,8,5,1,2,0.019,0.8365,0.1635,0.2768,0.000468,0,0.0
2026-03-22,3,22,6,12,1,0,0,0,credit_card,branch,south,premium,desktop,0,0,0,538,108.7,235,17,15,3,1,5,0.0248,0.8502,0.1498,0.2391,0.000372,0,8.42
2026-03-22,3,22,6,12,1,0,0,0,credit_card,branch,south,retail,desktop,0,0,0,711,73.7,388,32,11,2,2,4,0.0185,0.847,0.153,0.2281,0.000528,0,0.0
2026-03-22,3,22,6,12,1,0,0,0,credit_card,branch,west,premium,desktop,0,0,0,606,82.21,187,17,11,4,1,2,0.0252,0.8417,0.1583,0.2325,0.000381,0,26.81
2026-03-22,3,22,6,12,1,0,0,0,credit_card,branch,west,retail,desktop,0,0,0,905,87.19,280,29,11,5,2,5,0.0173,0.8525,0.1475,0.2753,0.00055,0,41.63
2026-03-22,3,22,6,12,1,0,0,0,credit_card,mobile_app,east,premium,android,0,0,1,2358,64.72,1050,10,25,12,1,9,0.0335,0.8322,0.1678,0.5222,0.000547,1,121.8
2026-03-22,3,22,6,12,1,0,0,0,credit_card,mobile_app,east,retail,ios,0,0,1,3530,89.41,1041,32,21,11,3,19,0.0333,0.8363,0.1637,0.345,0.000793,3,368.76
2026-03-22,3,22,6,12,1,0,0,0,credit_card,mobile_app,north,premium,ios,0,0,1,2017,151.57,712,13,25,7,2,11,0.03,0.8247,0.1753,0.3952,0.000548,2,457.53
2026-03-22,3,22,6,12,1,0,0,0,credit_card,mobile_app,north,retail,ios,0,0,1,3519,80.59,1049,38,19,4,3,19,0.0309,0.8372,0.1628,0.3464,0.000804,3,343.21
2026-03-22,3,22,6,12,1,0,0,0,credit_card,mobile_app,south,premium,android,0,0,1,2462,85.2,1270,16,21,14,3,14,0.0364,0.8632,0.1368,0.5024,0.00061,1,153.93
2026-03-22,3,22,6,12,1,0,0,0,credit_card,mobile_app,south,retail,ios,0,0,1,2780,76.6,977,31,23,5,3,18,0.0414,0.8358,0.1642,0.3307,0.000897,3,389.01
2026-03-22,3,22,6,12,1,0,0,0,credit_card,mobile_app,west,premium,ios,0,0,1,2595,74.21,773,23,24,15,6,15,0.032,0.8443,0.1557,0.3356,0.00066,5,403.8
2026-03-22,3,22,6,12,1,0,0,0,credit_card,mobile_app,west,retail,android,0,0,1,4129,66.78,2707,37,25,10,5,12,0.0282,0.8511,0.1489,0.4885,0.000921,2,242.83
2026-03-22,3,22,6,12,1,0,0,0,credit_card,web,east,premium,desktop,0,0,1,1421,48.93,438,17,12,6,4,3,0.0204,0.8541,0.1459,0.2788,0.000488,0,39.14
2026-03-22,3,22,6,12,1,0,0,0,credit_card,web,east,retail,ios,0,0,1,3072,95.31,1640,25,17,2,4,18,0.0277,0.8442,0.1558,0.2285,0.000667,3,286.41
2026-03-22,3,22,6,12,1,0,0,0,credit_card,web,north,premium,desktop,0,0,1,1356,99.7,591,9,15,12,2,6,0.0324,0.8353,0.1647,0.2132,0.000509,0,47.67
2026-03-22,3,22,6,12,1,0,0,0,credit_card,web,north,retail,desktop,0,0,1,1962,103.01,779,32,12,7,2,13,0.0346,0.8377,0.1623,0.2553,0.000706,2,274.4
2026-03-22,3,22,6,12,1,0,0,0,credit_card,web,south,premium,android,0,0,1,1725,49.14,597,18,18,5,1,11,0.0354,0.8474,0.1526,0.3848,0.000558,0,0.0
2026-03-22,3,22,6,12,1,0,0,0,credit_card,web,south,retail,desktop,0,0,1,1884,51.71,752,24,16,7,2,17,0.0297,0.8416,0.1584,0.3057,0.000769,2,165.02
2026-03-22,3,22,6,12,1,0,0,0,credit_card,web,west,premium,ios,0,0,1,1992,123.28,697,5,19,4,1,18,0.0303,0.8482,0.1518,0.2747,0.000561,2,377.67
2026-03-22,3,22,6,12,1,0,0,0,credit_card,web,west,retail,desktop,0,0,1,2135,63.04,1045,22,16,8,2,10,0.0295,0.8535,0.1465,0.2321,0.000797,1,147.94
2026-03-22,3,22,6,12,1,0,0,0,debit_card,branch,east,premium,desktop,0,0,0,457,41.27,143,8,12,4,2,9,0.0174,0.8412,0.1588,0.2597,0.000256,1,59.69
2026-03-22,3,22,6,12,1,0,0,0,debit_card,branch,east,retail,desktop,0,0,0,705,57.32,357,30,9,6,3,1,0.0221,0.852,0.148,0.2449,0.000374,0,0.0
2026-03-22,3,22,6,12,1,0,0,0,debit_card,branch,north,premium,desktop,0,0,0,485,46.35,166,9,17,3,4,6,0.0141,0.8516,0.1484,0.2645,0.00028,0,0.0
2026-03-22,3,22,6,12,1,0,0,0,debit_card,branch,north,retail,desktop,0,0,0,786,91.93,381,17,11,9,0,8,0.021,0.8505,0.1495,0.2111,0.000378,1,96.25
2026-03-22,3,22,6,12,1,0,0,0,debit_card,branch,south,premium,desktop,0,0,0,406,91.55,173,11,10,7,1,3,0.0162,0.8715,0.1285,0.2497,0.000291,0,0.0
2026-03-22,3,22,6,12,1,0,0,0,debit_card,branch,south,retail,desktop,0,0,0,669,43.99,432,20,11,6,2,9,0.0208,0.8621,0.1379,0.27,0.000418,1,51.75
2026-03-22,3,22,6,12,1,0,0,0,debit_card,branch,west,premium,desktop,0,0,0,538,44.2,219,10,9,0,1,2,0.0216,0.8585,0.1415,0.2055,0.000295,0,0.0
2026-03-22,3,22,6,12,1,0,0,0,debit_card,branch,west,retail,desktop,0,0,0,727,118.94,321,17,5,4,2,4,0.0138,0.8434,0.1566,0.2809,0.00041,1,92.91
2026-03-22,3,22,6,12,1,0,0,0,debit_card,mobile_app,east,premium,android,0,0,1,2176,30.55,728,12,20,9,0,8,0.0267,0.8558,0.1442,0.5203,0.000431,0,0.0
2026-03-22,3,22,6,12,1,0,0,0,debit_card,mobile_app,east,retail,android,0,0,1,2606,44.42,1124,28,24,11,1,17,0.0235,0.8257,0.1743,0.56,0.000603,3,191.16
2026-03-22,3,22,6,12,1,0,0,0,debit_card,mobile_app,north,premium,android,0,0,1,1969,46.09,852,17,21,15,1,9,0.023,0.839,0.161,0.5144,0.000471,1,41.12
2026-03-22,3,22,6,12,1,0,0,0,debit_card,mobile_app,north,retail,android,0,0,1,2804,31.29,1035,34,15,8,4,14,0.0319,0.8357,0.1643,0.5848,0.000617,3,67.4
2026-03-22,3,22,6,12,1,0,0,0,debit_card,mobile_app,south,premium,android,0,0,1,1940,52.03,981,15,14,13,1,11,0.0232,0.8451,0.1549,0.5762,0.000504,1,2.75
2026-03-22,3,22,6,12,1,0,0,0,debit_card,mobile_app,south,retail,ios,0,0,1,2514,50.29,981,27,20,13,1,22,0.0355,0.8321,0.1679,0.3437,0.000665,3,134.51
2026-03-22,3,22,6,12,1,0,0,0,debit_card,mobile_app,west,premium,ios,0,0,1,2318,52.88,1053,14,32,14,2,11,0.0294,0.8518,0.1482,0.3163,0.000527,1,51.02
2026-03-22,3,22,6,12,1,0,0,0,debit_card,mobile_app,west,retail,ios,0,0,1,2476,29.52,751,32,23,16,4,14,0.034,0.8142,0.1858,0.3856,0.000692,0,44.67
2026-03-22,3,22,6,12,1,0,0,0,debit_card,web,east,premium,desktop,0,0,1,1064,81.09,363,12,11,5,2,3,0.0236,0.8343,0.1657,0.235,0.000377,0,0.0
2026-03-22,3,22,6,12,1,0,0,0,debit_card,web,east,retail,android,0,0,1,2440,85.82,1197,15,19,5,4,9,0.0344,0.8276,0.1724,0.413,0.000532,2,172.59
2026-03-22,3,22,6,12,1,0,0,0,debit_card,web,north,premium,desktop,0,0,1,1159,33.43,410,6,14,7,2,3,0.0233,0.832,0.168,0.2612,0.000397,0,0.0
2026-03-22,3,22,6,12,1,0,0,0,debit_card,web,north,retail,desktop,0,0,1,1562,43.81,531,22,10,6,3,8,0.0316,0.839,0.161,0.2107,0.000538,2,20.36
2026-03-22,3,22,6,12,1,0,0,0,debit_card,web,south,premium,ios,0,0,1,1668,37.82,594,10,12,5,2,10,0.0281,0.8367,0.1633,0.2311,0.000416,1,69.97
2026-03-22,3,22,6,12,1,0,0,0,debit_card,web,south,retail,desktop,0,0,1,1613,71.94,1047,15,14,7,5,11,0.0313,0.8509,0.1491,0.2428,0.000572,1,137.6
2026-03-22,3,22,6,12,1,0,0,0,debit_card,web,west,premium,desktop,0,0,1,1282,93.49,409,8,15,4,4,7,0.0287,0.8372,0.1628,0.2775,0.000432,0,71.65
2026-03-22,3,22,6,12,1,0,0,0,debit_card,web,west,retail,desktop,0,0,1,1775,41.89,1006,22,24,8,4,17,0.0306,0.845,0.155,0.2935,0.000609,1,63.62
2026-03-22,3,22,6,12,1,0,0,0,digital_wallet,branch,east,premium,desktop,0,0,0,363,77.6,156,5,10,7,0,4,0.0209,0.859,0.141,0.2228,0.000366,0,35.48
2026-03-22,3,22,6,12,1,0,0,0,digital_wallet,branch,east,retail,desktop,0,0,0,505,53.62,175,23,10,1,3,2,0.0193,0.8398,0.1602,0.2948,0.000524,0,5.96
2026-03-22,3,22,6,12,1,0,0,0,digital_wallet,branch,north,premium,desktop,0,0,0,337,40.27,134,8,8,4,1,2,0.0179,0.8667,0.1333,0.2563,0.00038,0,36.92
2026-03-22,3,22,6,12,1,0,0,0,digital_wallet,branch,north,retail,desktop,0,0,0,530,86.36,240,19,6,4,0,1,0.0267,0.8605,0.1395,0.2503,0.000525,0,42.72
2026-03-22,3,22,6,12,1,0,0,0,digital_wallet,branch,south,premium,desktop,0,0,0,429,54.84,128,9,11,7,1,3,0.0166,0.8505,0.1495,0.2691,0.000424,0,0.0
2026-03-22,3,22,6,12,1,0,0,0,digital_wallet,branch,south,retail,desktop,0,0,0,581,52.17,227,13,8,4,3,4,0.0171,0.8441,0.1559,0.2765,0.000614,0,0.0
2026-03-22,3,22,6,12,1,0,0,0,digital_wallet,branch,west,premium,desktop,0,0,0,393,48.94,188,7,8,6,1,4,0.0159,0.8516,0.1484,0.2012,0.00043,0,64.79
2026-03-22,3,22,6,12,1,0,0,0,digital_wallet,branch,west,retail,desktop,0,0,0,593,98.01,212,16,11,4,1,3,0.031,0.8521,0.1479,0.2542,0.00062,0,0.0
2026-03-22,3,22,6,12,1,0,0,0,digital_wallet,mobile_app,east,premium,android,0,0,1,1813,42.75,602,10,29,6,3,16,0.0234,0.8441,0.1559,0.527,0.000651,1,90.76
2026-03-22,3,22,6,12,1,0,0,0,digital_wallet,mobile_app,east,retail,ios,0,0,1,2483,51.91,1222,16,26,12,6,17,0.0247,0.8355,0.1645,0.3492,0.000852,2,167.02
2026-03-22,3,22,6,12,1,0,0,0,digital_wallet,mobile_app,north,premium,android,0,0,1,1555,63.71,480,10,26,10,2,19,0.0364,0.8388,0.1612,0.5655,0.000656,1,115.68
2026-03-22,3,22,6,12,1,0,0,0,digital_wallet,mobile_app,north,retail,android,0,0,1,2366,51.59,698,25,23,9,4,14,0.0214,0.8346,0.1654,0.5091,0.000892,1,46.97
2026-03-22,3,22,6,12,1,0,0,0,digital_wallet,mobile_app,south,premium,ios,0,0,1,1325,73.4,411,10,21,9,3,13,0.0299,0.8334,0.1666,0.3061,0.000674,1,134.62
2026-03-22,3,22,6,12,1,0,0,0,digital_wallet,mobile_app,south,retail,android,0,0,1,2341,132.22,690,21,27,14,6,14,0.0368,0.8212,0.1788,0.5248,0.001023,2,360.16
2026-03-22,3,22,6,12,1,0,0,0,digital_wallet,mobile_app,west,premium,ios,0,0,1,1378,105.06,709,13,21,8,4,5,0.0284,0.8472,0.1528,0.3832,0.000699,0,20.31
2026-03-22,3,22,6,12,1,0,0,0,digital_wallet,mobile_app,west,retail,android,0,0,1,2349,54.57,901,27,25,10,7,19,0.0365,0.8247,0.1753,0.5093,0.001013,4,275.53
2026-03-22,3,22,6,12,1,0,0,0,digital_wallet,web,east,premium,desktop,0,0,1,849,110.02,308,6,13,4,3,7,0.0317,0.8313,0.1687,0.2215,0.000547,1,133.61
2026-03-22,3,22,6,12,1,0,0,0,digital_wallet,web,east,retail,ios,0,0,1,1938,63.15,829,10,15,6,3,12,0.0304,0.8461,0.1539,0.2572,0.000738,1,117.87
2026-03-22,3,22,6,12,1,0,0,0,digital_wallet,web,north,premium,desktop,0,0,1,947,88.61,493,7,22,6,1,9,0.0311,0.824,0.176,0.2716,0.000537,0,6.17
2026-03-22,3,22,6,12,1,0,0,0,digital_wallet,web,north,retail,desktop,0,0,1,1279,72.32,541,19,17,6,4,7,0.0308,0.8345,0.1655,0.1545,0.000828,1,83.2
2026-03-22,3,22,6,12,1,0,0,0,digital_wallet,web,south,premium,android,0,0,1,1217,84.2,767,9,23,7,5,15,0.0357,0.8287,0.1713,0.4767,0.000617,1,174.72
2026-03-22,3,22,6,12,1,0,0,0,digital_wallet,web,south,retail,desktop,0,0,1,1403,62.03,830,12,10,9,4,6,0.0344,0.8467,0.1533,0.2386,0.000858,1,154.94
2026-03-22,3,22,6,12,1,0,0,0,digital_wallet,web,west,premium,desktop,0,0,1,930,78.25,451,6,13,8,2,3,0.0301,0.8297,0.1703,0.2875,0.000639,0,32.69
2026-03-22,3,22,6,12,1,0,0,0,digital_wallet,web,west,retail,desktop,0,0,1,1328,87.4,492,12,15,5,3,7,0.0299,0.8367,0.1633,0.2583,0.000881,1,28.95
2026-03-23,3,23,0,13,0,0,0,0,credit_card,branch,east,premium,desktop,0,0,0,657,37.39,206,11,11,6,1,6,0.0208,0.8544,0.1456,0.2058,0.000346,0,21.56
2026-03-23,3,23,0,13,0,0,0,0,credit_card,branch,east,retail,desktop,0,0,0,877,55.99,285,17,7,5,1,4,0.0202,0.862,0.138,0.2486,0.000478,0,20.8
2026-03-23,3,23,0,13,0,0,0,0,credit_card,branch,north,premium,desktop,0,0,0,788,59.18,273,13,13,2,0,7,0.0244,0.8541,0.1459,0.2429,0.00033,0,0.0
2026-03-23,3,23,0,13,0,0,0,0,credit_card,branch,north,retail,desktop,0,0,0,798,58.52,263,32,9,0,2,6,0.02,0.8393,0.1607,0.2868,0.0005,1,95.24
2026-03-23,3,23,0,13,0,0,0,0,credit_card,branch,south,premium,desktop,0,0,0,597,96.18,185,9,11,4,2,2,0.017,0.8591,0.1409,0.2905,0.000362,0,20.43
2026-03-23,3,23,0,13,0,0,0,0,credit_card,branch,south,retail,desktop,0,0,0,850,58.29,271,29,10,3,2,6,0.0158,0.869,0.131,0.2794,0.000493,0,0.0
2026-03-23,3,23,0,13,0,0,0,0,credit_card,branch,west,premium,desktop,0,0,0,661,68.55,333,10,9,6,5,6,0.0232,0.8616,0.1384,0.217,0.000392,0,64.11
2026-03-23,3,23,0,13,0,0,0,0,credit_card,branch,west,retail,desktop,0,0,0,983,41.08,490,26,5,2,1,3,0.0167,0.8613,0.1387,0.2347,0.000543,0,0.0
2026-03-23,3,23,0,13,0,0,0,0,credit_card,mobile_app,east,premium,android,0,0,1,2735,65.26,1117,21,15,10,1,4,0.0285,0.8564,0.1436,0.48,0.00053,0,10.82
2026-03-23,3,23,0,13,0,0,0,0,credit_card,mobile_app,east,retail,ios,0,0,1,3970,82.0,1930,47,18,8,6,31,0.0297,0.8314,0.1686,0.3388,0.000778,6,843.09
2026-03-23,3,23,0,13,0,0,0,0,credit_card,mobile_app,north,premium,android,0,0,1,2646,87.27,875,13,23,12,5,20,0.0269,0.8496,0.1504,0.5677,0.000612,3,314.19
2026-03-23,3,23,0,13,0,0,0,0,credit_card,mobile_app,north,retail,ios,0,0,1,3751,89.73,1441,33,16,9,4,12,0.0348,0.8485,0.1515,0.3946,0.000772,2,266.94
2026-03-23,3,23,0,13,0,0,0,0,credit_card,mobile_app,south,premium,ios,0,0,1,2544,37.3,1149,16,12,5,4,8,0.0274,0.8379,0.1621,0.3071,0.000626,1,12.88
2026-03-23,3,23,0,13,0,0,0,0,credit_card,mobile_app,south,retail,android,0,0,1,3914,71.06,1287,43,21,9,3,29,0.0244,0.8658,0.1342,0.5234,0.000909,5,549.6
2026-03-23,3,23,0,13,0,0,0,0,credit_card,mobile_app,west,premium,android,0,0,1,3119,69.05,958,13,25,17,3,15,0.0323,0.8475,0.1525,0.5111,0.000623,3,270.09
2026-03-23,3,23,0,13,0,0,0,0,credit_card,mobile_app,west,retail,ios,0,0,1,3933,62.75,1960,33,20,7,5,19,0.0308,0.8415,0.1585,0.3511,0.000911,4,334.6
2026-03-23,3,23,0,13,0,0,0,0,credit_card,web,east,premium,ios,0,0,1,2097,36.93,891,14,25,7,1,12,0.0254,0.8491,0.1509,0.2461,0.000479,0,18.47
2026-03-23,3,23,0,13,0,0,0,0,credit_card,web,east,retail,desktop,0,0,1,2711,62.4,1120,30,10,6,4,11,0.0263,0.856,0.144,0.2088,0.000673,3,314.56
2026-03-23,3,23,0,13,0,0,0,0,credit_card,web,north,premium,ios,0,0,1,2334,124.05,824,5,12,5,3,8,0.0357,0.8539,0.1461,0.27,0.0005,1,127.77
2026-03-23,3,23,0,13,0,0,0,0,credit_card,web,north,retail,ios,0,0,1,3234,63.55,1134,19,16,6,3,13,0.0265,0.8372,0.1628,0.2663,0.000676,3,181.7
2026-03-23,3,23,0,13,0,0,0,0,credit_card,web,south,premium,android,0,0,1,2296,47.92,731,17,6,8,1,3,0.0296,0.8619,0.1381,0.4517,0.000533,0,15.62
2026-03-23,3,23,0,13,0,0,0,0,credit_card,web,south,retail,desktop,0,0,1,2197,58.03,1108,27,18,8,2,23,0.0282,0.8465,0.1535,0.2503,0.000723,3,255.59
2026-03-23,3,23,0,13,0,0,0,0,credit_card,web,west,premium,desktop,0,0,1,1671,70.35,1094,14,12,7,2,3,0.0307,0.845,0.155,0.2535,0.00055,0,0.0
2026-03-23,3,23,0,13,0,0,0,0,credit_card,web,west,retail,desktop,0,0,1,2083,47.53,1064,23,17,6,4,10,0.0363,0.8485,0.1515,0.2049,0.000776,0,0.0
2026-03-23,3,23,0,13,0,0,0,0,debit_card,branch,east,premium,desktop,0,0,0,520,135.99,135,11,13,3,0,8,0.021,0.8557,0.1443,0.275,0.000233,0,0.0
2026-03-23,3,23,0,13,0,0,0,0,debit_card,branch,east,retail,desktop,0,0,0,783,52.95,321,21,13,10,2,8,0.022,0.8556,0.1444,0.2379,0.000365,0,0.0
2026-03-23,3,23,0,13,0,0,0,0,debit_card,branch,north,premium,desktop,0,0,0,466,76.04,258,8,8,6,0,3,0.015,0.8582,0.1418,0.2383,0.000269,0,0.0
2026-03-23,3,23,0,13,0,0,0,0,debit_card,branch,north,retail,desktop,0,0,0,794,38.51,390,16,7,3,3,3,0.0216,0.8586,0.1414,0.2185,0.000373,0,0.0
2026-03-23,3,23,0,13,0,0,0,0,debit_card,branch,south,premium,desktop,0,0,0,527,99.73,286,8,10,6,0,8,0.0284,0.8581,0.1419,0.26,0.000276,1,57.31
2026-03-23,3,23,0,13,0,0,0,0,debit_card,branch,south,retail,desktop,0,0,0,744,52.52,274,23,7,3,2,2,0.0277,0.8549,0.1451,0.1863,0.000402,0,0.0
2026-03-23,3,23,0,13,0,0,0,0,debit_card,branch,west,premium,desktop,0,0,0,665,27.83,284,13,6,6,3,4,0.0178,0.863,0.137,0.1848,0.000299,0,18.39
2026-03-23,3,23,0,13,0,0,0,0,debit_card,branch,west,retail,desktop,0,0,0,834,63.1,466,25,12,13,2,14,0.0196,0.8591,0.1409,0.2629,0.000436,2,172.46
2026-03-23,3,23,0,13,0,0,0,0,debit_card,mobile_app,east,premium,android,0,0,1,2377,50.8,965,11,17,19,4,7,0.0253,0.8354,0.1646,0.5367,0.000424,0,0.0
2026-03-23,3,23,0,13,0,0,0,0,debit_card,mobile_app,east,retail,android,0,0,1,3497,80.39,1049,24,21,10,1,20,0.0274,0.836,0.164,0.5108,0.000597,2,170.66
2026-03-23,3,23,0,13,0,0,0,0,debit_card,mobile_app,north,premium,ios,0,0,1,2029,42.48,1012,24,24,16,2,12,0.0311,0.8409,0.1591,0.3631,0.00047,1,48.21
2026-03-23,3,23,0,13,0,0,0,0,debit_card,mobile_app,north,retail,android,0,0,1,3607,100.41,1426,30,16,4,5,13,0.0315,0.8512,0.1488,0.5401,0.000622,2,200.27
2026-03-23,3,23,0,13,0,0,0,0,debit_card,mobile_app,south,premium,ios,0,0,1,1958,40.17,860,11,27,6,1,18,0.0295,0.8463,0.1537,0.3189,0.000483,2,70.22
2026-03-23,3,23,0,13,0,0,0,0,debit_card,mobile_app,south,retail,android,0,0,1,3130,78.34,1142,36,31,13,2,24,0.0314,0.8505,0.1495,0.5268,0.000635,4,441.35
2026-03-23,3,23,0,13,0,0,0,0,debit_card,mobile_app,west,premium,ios,0,0,1,2478,60.78,1527,18,15,13,0,10,0.0287,0.8543,0.1457,0.3799,0.000512,2,99.72
2026-03-23,3,23,0,13,0,0,0,0,debit_card,mobile_app,west,retail,ios,0,0,1,3403,74.03,1040,35,26,16,1,27,0.0329,0.8677,0.1323,0.3894,0.000754,5,447.17
2026-03-23,3,23,0,13,0,0,0,0,debit_card,web,east,premium,android,0,0,1,2165,44.63,728,7,15,1,2,15,0.0269,0.8463,0.1537,0.435,0.000367,2,130.16
2026-03-23,3,23,0,13,0,0,0,0,debit_card,web,east,retail,desktop,0,0,1,1655,47.36,500,20,7,8,7,2,0.0268,0.8456,0.1544,0.2485,0.000496,0,51.69
2026-03-23,3,23,0,13,0,0,0,0,debit_card,web,north,premium,desktop,0,0,1,1534,98.2,545,7,14,11,1,9,0.0285,0.8391,0.1609,0.2295,0.00038,0,9.97
2026-03-23,3,23,0,13,0,0,0,0,debit_card,web,north,retail,desktop,0,0,1,1819,50.31,905,21,19,4,3,21,0.0272,0.8429,0.1571,0.2089,0.000538,3,178.28
2026-03-23,3,23,0,13,0,0,0,0,debit_card,web,south,premium,ios,0,0,1,1737,84.8,549,13,8,11,3,2,0.0286,0.8652,0.1348,0.2879,0.000403,0,20.99
2026-03-23,3,23,0,13,0,0,0,0,debit_card,web,south,retail,desktop,0,0,1,1874,78.77,562,25,15,10,1,7,0.0348,0.8515,0.1485,0.2546,0.000601,0,10.79
2026-03-23,3,23,0,13,0,0,0,0,debit_card,web,west,premium,desktop,0,0,1,1774,96.82,980,9,14,10,1,9,0.0264,0.8397,0.1603,0.2998,0.00044,0,76.77
2026-03-23,3,23,0,13,0,0,0,0,debit_card,web,west,retail,desktop,0,0,1,2292,72.32,749,31,9,6,2,10,0.0333,0.8319,0.1681,0.2375,0.00058,2,171.68
2026-03-23,3,23,0,13,0,0,0,0,digital_wallet,branch,east,premium,desktop,0,0,0,385,48.28,189,10,15,2,2,6,0.0193,0.8455,0.1545,0.2777,0.000383,0,27.66
2026-03-23,3,23,0,13,0,0,0,0,digital_wallet,branch,east,retail,desktop,0,0,0,702,70.9,377,25,11,3,2,7,0.0259,0.8802,0.1198,0.3295,0.000519,0,0.0
2026-03-23,3,23,0,13,0,0,0,0,digital_wallet,branch,north,premium,desktop,0,0,0,496,51.6,153,7,7,7,0,4,0.0211,0.8676,0.1324,0.2366,0.000387,0,0.0
2026-03-23,3,23,0,13,0,0,0,0,digital_wallet,branch,north,retail,desktop,0,0,0,671,78.45,292,21,6,3,2,4,0.0157,0.8665,0.1335,0.2329,0.000503,1,57.52
2026-03-23,3,23,0,13,0,0,0,0,digital_wallet,branch,south,premium,desktop,0,0,0,458,52.58,183,11,8,4,2,2,0.021,0.871,0.129,0.1816,0.000408,0,15.18
2026-03-23,3,23,0,13,0,0,0,0,digital_wallet,branch,south,retail,desktop,0,0,0,639,43.02,227,20,8,5,1,4,0.0184,0.8728,0.1272,0.2534,0.00058,0,54.06
2026-03-23,3,23,0,13,0,0,0,0,digital_wallet,branch,west,premium,desktop,0,0,0,443,38.88,151,8,13,3,1,6,0.0097,0.8525,0.1475,0.2369,0.000451,1,30.0
2026-03-23,3,23,0,13,0,0,0,0,digital_wallet,branch,west,retail,desktop,0,0,0,589,63.75,380,18,8,9,3,3,0.0272,0.8636,0.1364,0.263,0.000623,0,0.3
2026-03-23,3,23,0,13,0,0,0,0,digital_wallet,mobile_app,east,premium,android,0,0,1,1926,60.61,949,9,22,6,2,11,0.0273,0.8433,0.1567,0.5016,0.000609,0,0.0
2026-03-23,3,23,0,13,0,0,0,0,digital_wallet,mobile_app,east,retail,ios,0,0,1,3125,77.54,1246,25,14,8,4,13,0.0284,0.8337,0.1663,0.3744,0.000851,3,259.02
2026-03-23,3,23,0,13,0,0,0,0,digital_wallet,mobile_app,north,premium,android,0,0,1,2130,70.84,781,19,15,6,2,8,0.0275,0.8302,0.1698,0.5318,0.000616,1,91.52
2026-03-23,3,23,0,13,0,0,0,0,digital_wallet,mobile_app,north,retail,android,0,0,1,2918,53.81,990,24,17,13,6,15,0.0335,0.838,0.162,0.4782,0.000936,3,134.9
2026-03-23,3,23,0,13,0,0,0,0,digital_wallet,mobile_app,south,premium,ios,0,0,1,1822,35.61,778,17,20,15,7,14,0.0348,0.8462,0.1538,0.3735,0.00068,2,75.49
2026-03-23,3,23,0,13,0,0,0,0,digital_wallet,mobile_app,south,retail,ios,0,0,1,2548,71.26,1181,20,17,21,3,24,0.0328,0.8476,0.1524,0.3859,0.001054,6,320.09
2026-03-23,3,23,0,13,0,0,0,0,digital_wallet,mobile_app,west,premium,android,0,0,1,2017,35.98,934,9,15,5,1,14,0.0342,0.8522,0.1478,0.5457,0.000709,3,112.92
2026-03-23,3,23,0,13,0,0,0,0,digital_wallet,mobile_app,west,retail,ios,0,0,1,2869,96.85,1073,30,15,14,3,9,0.0325,0.8365,0.1635,0.3129,0.00105,1,60.2
2026-03-23,3,23,0,13,0,0,0,0,digital_wallet,web,east,premium,desktop,0,0,1,982,47.04,584,12,9,7,1,4,0.0301,0.8582,0.1418,0.2136,0.000497,0,0.0
2026-03-23,3,23,0,13,0,0,0,0,digital_wallet,web,east,retail,desktop,0,0,1,1662,99.44,979,12,10,8,3,5,0.0348,0.8453,0.1547,0.2606,0.000749,1,140.82
2026-03-23,3,23,0,13,0,0,0,0,digital_wallet,web,north,premium,ios,0,0,1,1407,88.78,553,8,11,5,2,6,0.0299,0.8442,0.1558,0.2288,0.000539,1,85.71
2026-03-23,3,23,0,13,0,0,0,0,digital_wallet,web,north,retail,desktop,0,0,1,1522,34.96,999,11,7,5,4,7,0.0382,0.8538,0.1462,0.274,0.000798,1,103.86
2026-03-23,3,23,0,13,0,0,0,0,digital_wallet,web,south,premium,android,0,0,1,1394,87.61,416,9,11,6,6,7,0.0318,0.8488,0.1512,0.4382,0.000584,1,85.38
2026-03-23,3,23,0,13,0,0,0,0,digital_wallet,web,south,retail,desktop,0,0,1,1577,52.9,504,15,18,8,5,6,0.0344,0.8197,0.1803,0.231,0.000859,1,34.78
2026-03-23,3,23,0,13,0,0,0,0,digital_wallet,web,west,premium,desktop,0,0,1,1234,81.07,343,2,20,6,2,5,0.0331,0.8505,0.1495,0.263,0.000661,0,22.52
2026-03-23,3,23,0,13,0,0,0,0,digital_wallet,web,west,retail,desktop,0,0,1,1786,55.73,613,13,9,6,2,6,0.027,0.8389,0.1611,0.2219,0.000836,1,78.72
2026-03-24,3,24,1,13,0,0,0,0,credit_card,branch,east,premium,desktop,0,0,0,706,88.1,368,8,9,4,1,4,0.0189,0.8405,0.1595,0.2086,0.000321,0,0.0
2026-03-24,3,24,1,13,0,0,0,0,credit_card,branch,east,retail,desktop,0,0,0,936,71.16,475,28,10,2,2,5,0.0188,0.8735,0.1265,0.2695,0.000448,0,15.81
2026-03-24,3,24,1,13,0,0,0,0,credit_card,branch,north,premium,desktop,0,0,0,722,94.32,300,16,7,4,3,4,0.0192,0.8528,0.1472,0.2435,0.000342,0,21.49
2026-03-24,3,24,1,13,0,0,0,0,credit_card,branch,north,retail,desktop,0,0,0,840,47.63,267,19,9,5,0,2,0.0157,0.8441,0.1559,0.2305,0.000467,0,0.0
2026-03-24,3,24,1,13,0,0,0,0,credit_card,branch,south,premium,desktop,0,0,0,656,63.8,302,13,12,3,3,7,0.0192,0.8587,0.1413,0.1908,0.000372,0,0.0
2026-03-24,3,24,1,13,0,0,0,0,credit_card,branch,south,retail,desktop,0,0,0,1069,131.5,516,21,11,4,0,7,0.0192,0.8503,0.1497,0.2663,0.0005,1,170.54
2026-03-24,3,24,1,13,0,0,0,0,credit_card,branch,west,premium,desktop,0,0,0,720,66.32,208,12,7,4,0,6,0.0242,0.8544,0.1456,0.2345,0.000387,1,86.94
2026-03-24,3,24,1,13,0,0,0,0,credit_card,branch,west,retail,desktop,0,0,0,925,87.28,261,36,3,8,1,2,0.0277,0.8501,0.1499,0.2661,0.000538,0,37.17
2026-03-24,3,24,1,13,0,0,0,0,credit_card,mobile_app,east,premium,ios,0,0,1,2520,70.69,1594,17,27,9,4,10,0.0257,0.8466,0.1534,0.363,0.000563,1,71.88
2026-03-24,3,24,1,13,0,0,0,0,credit_card,mobile_app,east,retail,ios,0,0,1,4053,46.43,1487,38,19,14,3,11,0.0283,0.8264,0.1736,0.287,0.000787,3,191.98
2026-03-24,3,24,1,13,0,0,0,0,credit_card,mobile_app,north,premium,android,0,0,1,2915,43.03,1943,16,28,12,3,21,0.0331,0.8374,0.1626,0.5408,0.00057,3,180.44
2026-03-24,3,24,1,13,0,0,0,0,credit_card,mobile_app,north,retail,ios,0,0,1,4103,126.78,2055,35,20,8,3,28,0.0327,0.8433,0.1567,0.3675,0.000781,5,1052.79
2026-03-24,3,24,1,13,0,0,0,0,credit_card,mobile_app,south,premium,android,0,0,1,2727,52.76,835,13,27,13,3,4,0.0266,0.8525,0.1475,0.5474,0.000646,0,1.79
2026-03-24,3,24,1,13,0,0,0,0,credit_card,mobile_app,south,retail,ios,0,0,1,3275,63.86,1697,37,16,8,5,6,0.0286,0.8526,0.1474,0.3367,0.00081,1,96.86
2026-03-24,3,24,1,13,0,0,0,0,credit_card,mobile_app,west,premium,ios,0,0,1,3145,103.99,981,17,20,8,2,11,0.0318,0.8574,0.1426,0.3096,0.000658,1,126.34
2026-03-24,3,24,1,13,0,0,0,0,credit_card,mobile_app,west,retail,android,0,0,1,3807,63.04,1163,31,17,6,4,18,0.0302,0.8451,0.1549,0.5437,0.000866,4,368.59
2026-03-24,3,24,1,13,0,0,0,0,credit_card,web,east,premium,desktop,0,0,1,1675,46.21,711,11,20,8,2,10,0.029,0.8326,0.1674,0.2677,0.000497,1,52.4
2026-03-24,3,24,1,13,0,0,0,0,credit_card,web,east,retail,desktop,0,0,1,2404,68.38,1245,33,11,10,1,4,0.0287,0.8475,0.1525,0.2454,0.000674,0,0.0
2026-03-24,3,24,1,13,0,0,0,0,credit_card,web,north,premium,desktop,0,0,1,1301,75.34,557,11,7,7,0,4,0.0221,0.8359,0.1641,0.2119,0.000478,0,0.0
2026-03-24,3,24,1,13,0,0,0,0,credit_card,web,north,retail,desktop,0,0,1,2017,36.35,1308,26,12,5,0,16,0.0324,0.8371,0.1629,0.2732,0.00066,3,121.11
2026-03-24,3,24,1,13,0,0,0,0,credit_card,web,south,premium,ios,0,0,1,2130,61.54,896,11,12,8,1,16,0.0265,0.858,0.142,0.1022,0.000527,3,267.44
2026-03-24,3,24,1,13,0,0,0,0,credit_card,web,south,retail,desktop,0,0,1,2299,87.37,683,14,20,8,1,13,0.0248,0.856,0.144,0.2161,0.000725,3,372.96
2026-03-24,3,24,1,13,0,0,0,0,credit_card,web,west,premium,desktop,0,0,1,1783,75.97,622,12,15,10,1,6,0.0286,0.8467,0.1533,0.2405,0.00054,1,101.99
2026-03-24,3,24,1,13,0,0,0,0,credit_card,web,west,retail,desktop,0,0,1,2261,45.89,734,23,14,2,3,12,0.0276,0.8363,0.1637,0.2768,0.000771,3,235.99
2026-03-24,3,24,1,13,0,0,0,0,debit_card,branch,east,premium,desktop,0,0,0,495,70.35,167,11,7,3,0,4,0.0146,0.8812,0.1188,0.2444,0.000256,0,0.0
2026-03-24,3,24,1,13,0,0,0,0,debit_card,branch,east,retail,desktop,0,0,0,691,74.62,229,19,6,7,0,6,0.0254,0.8564,0.1436,0.2754,0.000343,1,36.2
2026-03-24,3,24,1,13,0,0,0,0,debit_card,branch,north,premium,desktop,0,0,0,515,71.74,215,16,13,4,0,8,0.0255,0.8639,0.1361,0.1905,0.000259,1,69.38
2026-03-24,3,24,1,13,0,0,0,0,debit_card,branch,north,retail,desktop,0,0,0,901,81.78,429,18,8,7,1,10,0.0174,0.8749,0.1251,0.2378,0.000381,2,223.13
2026-03-24,3,24,1,13,0,0,0,0,debit_card,branch,south,premium,desktop,0,0,0,560,63.78,216,15,10,5,0,4,0.0149,0.8611,0.1389,0.2007,0.000287,0,11.7
2026-03-24,3,24,1,13,0,0,0,0,debit_card,branch,south,retail,desktop,0,0,0,830,85.73,469,16,12,8,2,2,0.0188,0.8771,0.1229,0.2573,0.000415,0,0.0
2026-03-24,3,24,1,13,0,0,0,0,debit_card,branch,west,premium,desktop,0,0,0,482,35.66,273,7,9,4,1,6,0.0228,0.867,0.133,0.3201,0.000296,0,29.43
2026-03-24,3,24,1,13,0,0,0,0,debit_card,branch,west,retail,desktop,0,0,0,791,33.37,496,19,10,6,4,5,0.0202,0.858,0.142,0.2707,0.000414,0,0.0
2026-03-24,3,24,1,13,0,0,0,0,debit_card,mobile_app,east,premium,android,0,0,1,2068,53.57,724,9,19,4,5,12,0.0302,0.8461,0.1539,0.5145,0.00043,0,0.0
2026-03-24,3,24,1,13,0,0,0,0,debit_card,mobile_app,east,retail,ios,0,0,1,2362,57.04,1172,19,22,9,3,15,0.0232,0.8591,0.1409,0.319,0.0006,2,86.23
2026-03-24,3,24,1,13,0,0,0,0,debit_card,mobile_app,north,premium,ios,0,0,1,2267,66.13,908,15,14,6,1,7,0.0224,0.8336,0.1664,0.3676,0.000442,1,100.95
2026-03-24,3,24,1,13,0,0,0,0,debit_card,mobile_app,north,retail,android,0,0,1,3280,50.48,1193,25,13,8,1,11,0.0305,0.8514,0.1486,0.5272,0.000609,2,133.45
2026-03-24,3,24,1,13,0,0,0,0,debit_card,mobile_app,south,premium,android,0,0,1,2438,73.25,948,20,23,9,0,14,0.0301,0.8462,0.1538,0.5164,0.000475,3,254.18
2026-03-24,3,24,1,13,0,0,0,0,debit_card,mobile_app,south,retail,ios,0,0,1,2489,50.14,1221,33,27,10,4,29,0.0227,0.8364,0.1636,0.3581,0.000697,4,186.14
2026-03-24,3,24,1,13,0,0,0,0,debit_card,mobile_app,west,premium,android,0,0,1,2501,66.36,1653,18,16,10,4,9,0.0344,0.8337,0.1663,0.5129,0.000503,1,105.13
2026-03-24,3,24,1,13,0,0,0,0,debit_card,mobile_app,west,retail,android,0,0,1,3501,68.38,1381,34,18,14,4,11,0.0328,0.8353,0.1647,0.5213,0.00073,1,86.85
2026-03-24,3,24,1,13,0,0,0,0,debit_card,web,east,premium,desktop,0,0,1,1251,101.16,428,12,9,5,3,3,0.0272,0.8559,0.1441,0.227,0.000353,0,0.0
2026-03-24,3,24,1,13,0,0,0,0,debit_card,web,east,retail,desktop,0,0,1,1983,73.11,961,24,13,10,6,8,0.0391,0.8594,0.1406,0.2111,0.000514,0,0.0
2026-03-24,3,24,1,13,0,0,0,0,debit_card,web,north,premium,ios,0,0,1,1998,69.23,604,10,14,8,1,23,0.028,0.8525,0.1475,0.287,0.000395,4,334.87
2026-03-24,3,24,1,13,0,0,0,0,debit_card,web,north,retail,desktop,0,0,1,1856,97.75,749,16,14,13,6,4,0.0304,0.8528,0.1472,0.2764,0.000547,0,0.0
2026-03-24,3,24,1,13,0,0,0,0,debit_card,web,south,premium,desktop,0,0,1,1421,86.9,472,16,13,9,0,15,0.0301,0.8414,0.1586,0.287,0.000435,2,204.71
2026-03-24,3,24,1,13,0,0,0,0,debit_card,web,south,retail,desktop,0,0,1,1852,89.44,613,10,21,4,4,11,0.0295,0.8474,0.1526,0.2024,0.000558,0,44.81
2026-03-24,3,24,1,13,0,0,0,0,debit_card,web,west,premium,ios,0,0,1,2135,82.62,1108,16,17,4,1,6,0.0294,0.8377,0.1623,0.2595,0.000432,1,123.23
2026-03-24,3,24,1,13,0,0,0,0,debit_card,web,west,retail,desktop,0,0,1,2073,82.81,707,20,9,9,1,5,0.0319,0.8446,0.1554,0.2703,0.000602,1,53.94
2026-03-24,3,24,1,13,0,0,0,0,digital_wallet,branch,east,premium,desktop,0,0,0,416,34.84,177,4,8,5,0,2,0.014,0.8372,0.1628,0.272,0.000388,0,0.0
2026-03-24,3,24,1,13,0,0,0,0,digital_wallet,branch,east,retail,desktop,0,0,0,633,71.91,257,26,7,4,2,5,0.0191,0.858,0.142,0.2589,0.000492,1,16.78
2026-03-24,3,24,1,13,0,0,0,0,digital_wallet,branch,north,premium,desktop,0,0,0,517,137.59,264,8,10,0,2,3,0.0159,0.8594,0.1406,0.2755,0.000346,0,0.0
2026-03-24,3,24,1,13,0,0,0,0,digital_wallet,branch,north,retail,desktop,0,0,0,708,33.51,279,18,9,3,1,3,0.021,0.8677,0.1323,0.2472,0.000529,0,0.0
2026-03-24,3,24,1,13,0,0,0,0,digital_wallet,branch,south,premium,desktop,0,0,0,429,98.2,266,8,8,3,2,4,0.0217,0.8646,0.1354,0.2458,0.000416,0,0.0
2026-03-24,3,24,1,13,0,0,0,0,digital_wallet,branch,south,retail,desktop,0,0,0,501,141.44,307,11,14,4,2,7,0.0177,0.8515,0.1485,0.2461,0.000596,0,0.0
2026-03-24,3,24,1,13,0,0,0,0,digital_wallet,branch,west,premium,desktop,0,0,0,503,86.19,179,8,7,5,0,3,0.0208,0.8624,0.1376,0.233,0.000428,0,0.0
2026-03-24,3,24,1,13,0,0,0,0,digital_wallet,branch,west,retail,desktop,0,0,0,596,76.62,397,17,7,8,1,7,0.0291,0.8743,0.1257,0.2282,0.000593,1,105.52
2026-03-24,3,24,1,13,0,0,0,0,digital_wallet,mobile_app,east,premium,android,0,0,1,1927,47.67,723,12,24,15,3,13,0.0295,0.8459,0.1541,0.5734,0.000599,0,31.79
2026-03-24,3,24,1,13,0,0,0,0,digital_wallet,mobile_app,east,retail,android,0,0,1,2777,27.41,1584,27,25,8,3,41,0.025,0.8392,0.1608,0.4968,0.000875,7,155.11
2026-03-24,3,24,1,13,0,0,0,0,digital_wallet,mobile_app,north,premium,android,0,0,1,1848,73.62,795,5,25,7,3,15,0.0291,0.8588,0.1412,0.4791,0.000646,2,175.47
2026-03-24,3,24,1,13,0,0,0,0,digital_wallet,mobile_app,north,retail,android,0,0,1,2669,32.67,818,26,22,10,6,17,0.0308,0.853,0.147,0.5041,0.000948,1,56.16
2026-03-24,3,24,1,13,0,0,0,0,digital_wallet,mobile_app,south,premium,android,0,0,1,1940,105.96,996,14,18,10,5,15,0.0314,0.8345,0.1655,0.5313,0.000678,2,235.57
2026-03-24,3,24,1,13,0,0,0,0,digital_wallet,mobile_app,south,retail,ios,0,0,1,2737,74.76,1007,30,19,11,2,25,0.031,0.8353,0.1647,0.4013,0.000983,5,312.17
2026-03-24,3,24,1,13,0,0,0,0,digital_wallet,mobile_app,west,premium,android,0,0,1,1750,57.62,739,10,23,8,3,9,0.0278,0.8332,0.1668,0.5085,0.000746,0,3.06
2026-03-24,3,24,1,13,0,0,0,0,digital_wallet,mobile_app,west,retail,ios,0,0,1,2471,45.81,808,23,29,11,3,20,0.0234,0.8365,0.1635,0.3477,0.001016,4,297.22
2026-03-24,3,24,1,13,0,0,0,0,digital_wallet,web,east,premium,desktop,0,0,1,1125,70.77,368,7,13,9,3,5,0.0316,0.846,0.154,0.2234,0.000535,0,0.0
2026-03-24,3,24,1,13,0,0,0,0,digital_wallet,web,east,retail,ios,0,0,1,2147,61.91,776,21,16,9,2,14,0.0302,0.8188,0.1812,0.2336,0.000794,2,193.7
2026-03-24,3,24,1,13,0,0,0,0,digital_wallet,web,north,premium,desktop,0,0,1,1103,42.2,437,8,12,11,2,6,0.029,0.8327,0.1673,0.2869,0.00058,0,14.56
2026-03-24,3,24,1,13,0,0,0,0,digital_wallet,web,north,retail,desktop,0,0,1,1430,57.19,688,10,12,4,6,23,0.0293,0.8618,0.1382,0.2699,0.000766,4,293.71
2026-03-24,3,24,1,13,0,0,0,0,digital_wallet,web,south,premium,desktop,0,0,1,1199,83.7,600,5,15,9,0,16,0.0292,0.854,0.146,0.2001,0.000621,2,233.95
2026-03-24,3,24,1,13,0,0,0,0,digital_wallet,web,south,retail,ios,0,0,1,2019,96.67,1081,29,15,9,2,10,0.028,0.8497,0.1503,0.1868,0.000873,2,203.88
2026-03-24,3,24,1,13,0,0,0,0,digital_wallet,web,west,premium,desktop,0,0,1,1169,62.79,455,7,17,7,2,8,0.0303,0.8286,0.1714,0.2827,0.00065,1,87.79
2026-03-24,3,24,1,13,0,0,0,0,digital_wallet,web,west,retail,ios,0,0,1,2725,48.69,1215,13,16,7,3,9,0.0291,0.8379,0.1621,0.3012,0.000896,2,76.5
2026-03-25,3,25,2,13,0,0,0,0,credit_card,branch,east,premium,desktop,0,0,0,512,58.55,149,8,10,6,1,6,0.0228,0.8803,0.1197,0.281,0.000342,0,0.0
2026-03-25,3,25,2,13,0,0,0,0,credit_card,branch,east,retail,desktop,0,0,0,904,121.81,273,30,14,6,2,3,0.0195,0.876,0.124,0.2717,0.000453,0,79.83
2026-03-25,3,25,2,13,0,0,0,0,credit_card,branch,north,premium,desktop,0,0,0,689,48.73,369,15,12,1,5,7,0.0228,0.8642,0.1358,0.2288,0.000337,0,0.0
2026-03-25,3,25,2,13,0,0,0,0,credit_card,branch,north,retail,desktop,0,0,0,989,70.09,352,17,7,3,2,2,0.025,0.8685,0.1315,0.2113,0.000456,0,46.82
2026-03-25,3,25,2,13,0,0,0,0,credit_card,branch,south,premium,desktop,0,0,0,678,143.78,295,12,8,7,1,1,0.0231,0.8771,0.1229,0.2348,0.000377,0,63.61
2026-03-25,3,25,2,13,0,0,0,0,credit_card,branch,south,retail,desktop,0,0,0,923,84.07,485,25,8,4,4,3,0.0233,0.8558,0.1442,0.2446,0.000505,0,0.0
2026-03-25,3,25,2,13,0,0,0,0,credit_card,branch,west,premium,desktop,0,0,0,708,59.54,343,11,10,4,1,3,0.0159,0.858,0.142,0.2015,0.000354,0,0.0
2026-03-25,3,25,2,13,0,0,0,0,credit_card,branch,west,retail,desktop,0,0,0,956,83.3,366,32,12,7,2,7,0.0226,0.875,0.125,0.2513,0.000548,0,0.0
2026-03-25,3,25,2,13,0,0,0,0,credit_card,mobile_app,east,premium,ios,0,0,1,2408,106.05,1267,16,28,12,0,23,0.0288,0.8484,0.1516,0.3548,0.000555,2,392.38
2026-03-25,3,25,2,13,0,0,0,0,credit_card,mobile_app,east,retail,android,0,0,1,3897,54.97,2335,32,19,10,3,23,0.0325,0.8254,0.1746,0.5534,0.000747,3,220.68
2026-03-25,3,25,2,13,0,0,0,0,credit_card,mobile_app,north,premium,android,0,0,1,2933,33.77,1766,18,26,11,4,24,0.0301,0.8471,0.1529,0.5467,0.000611,3,55.95
2026-03-25,3,25,2,13,0,0,0,0,credit_card,mobile_app,north,retail,ios,0,0,1,3363,102.78,1631,42,28,10,6,16,0.0272,0.8488,0.1512,0.3452,0.000795,0,33.1
2026-03-25,3,25,2,13,0,0,0,0,credit_card,mobile_app,south,premium,ios,0,0,1,2317,127.11,1024,22,25,8,4,11,0.034,0.8336,0.1664,0.3398,0.000634,0,0.0
2026-03-25,3,25,2,13,0,0,0,0,credit_card,mobile_app,south,retail,ios,0,0,1,4031,36.85,1251,28,22,12,1,15,0.0411,0.8471,0.1529,0.3378,0.000868,5,175.13
2026-03-25,3,25,2,13,0,0,0,0,credit_card,mobile_app,west,premium,ios,0,0,1,2711,60.87,936,15,14,10,2,11,0.038,0.8283,0.1717,0.3433,0.000609,1,0.28
2026-03-25,3,25,2,13,0,0,0,0,credit_card,mobile_app,west,retail,ios,0,0,1,4545,31.7,2401,26,17,7,7,30,0.0358,0.8493,0.1507,0.3119,0.000929,9,480.15
2026-03-25,3,25,2,13,0,0,0,0,credit_card,web,east,premium,android,0,0,1,2353,122.39,1439,15,17,9,4,17,0.026,0.8285,0.1715,0.3925,0.000481,2,368.94
2026-03-25,3,25,2,13,0,0,0,0,credit_card,web,east,retail,desktop,0,0,1,2759,61.53,1031,22,11,5,4,9,0.0328,0.8491,0.1509,0.2744,0.00066,2,172.45
2026-03-25,3,25,2,13,0,0,0,0,credit_card,web,north,premium,ios,0,0,1,2230,84.77,1321,18,16,8,0,8,0.0332,0.8227,0.1773,0.2779,0.000533,0,5.9
2026-03-25,3,25,2,13,0,0,0,0,credit_card,web,north,retail,desktop,0,0,1,2312,81.95,695,31,15,5,3,11,0.0377,0.849,0.151,0.2005,0.000721,1,86.62
2026-03-25,3,25,2,13,0,0,0,0,credit_card,web,south,premium,ios,0,0,1,1977,76.34,921,16,17,6,6,7,0.0306,0.8513,0.1487,0.2587,0.000551,1,134.21
2026-03-25,3,25,2,13,0,0,0,0,credit_card,web,south,retail,ios,0,0,1,2761,105.17,878,25,17,7,4,28,0.0277,0.8577,0.1423,0.273,0.000679,5,736.39
2026-03-25,3,25,2,13,0,0,0,0,credit_card,web,west,premium,desktop,0,0,1,1772,78.27,899,16,18,7,0,11,0.0378,0.8541,0.1459,0.2144,0.000579,0,0.95
2026-03-25,3,25,2,13,0,0,0,0,credit_card,web,west,retail,android,0,0,1,4112,79.42,2191,20,12,3,1,14,0.0317,0.8463,0.1537,0.4014,0.000732,3,439.62
2026-03-25,3,25,2,13,0,0,0,0,debit_card,branch,east,premium,desktop,0,0,0,563,66.87,255,9,10,4,1,4,0.0246,0.8466,0.1534,0.2879,0.000257,0,14.09
2026-03-25,3,25,2,13,0,0,0,0,debit_card,branch,east,retail,desktop,0,0,0,799,66.1,254,23,10,4,1,3,0.0232,0.8547,0.1453,0.2602,0.000365,0,0.0
2026-03-25,3,25,2,13,0,0,0,0,debit_card,branch,north,premium,desktop,0,0,0,543,95.34,248,9,9,6,1,7,0.0218,0.8505,0.1495,0.2344,0.000263,1,139.27
2026-03-25,3,25,2,13,0,0,0,0,debit_card,branch,north,retail,desktop,0,0,0,776,57.05,324,23,11,1,1,6,0.019,0.8698,0.1302,0.2443,0.000377,0,0.0
2026-03-25,3,25,2,13,0,0,0,0,debit_card,branch,south,premium,desktop,0,0,0,528,61.91,175,9,12,6,1,6,0.0192,0.8658,0.1342,0.2529,0.000285,1,5.98
2026-03-25,3,25,2,13,0,0,0,0,debit_card,branch,south,retail,desktop,0,0,0,824,65.29,358,18,9,7,0,5,0.0155,0.8802,0.1198,0.2514,0.000414,0,96.49
2026-03-25,3,25,2,13,0,0,0,0,debit_card,branch,west,premium,desktop,0,0,0,578,56.71,225,13,7,8,1,3,0.024,0.868,0.132,0.2418,0.000309,0,46.5
2026-03-25,3,25,2,13,0,0,0,0,debit_card,branch,west,retail,desktop,0,0,0,702,51.78,318,16,12,13,2,6,0.0183,0.8531,0.1469,0.282,0.000433,1,42.31
2026-03-25,3,25,2,13,0,0,0,0,debit_card,mobile_app,east,premium,android,0,0,1,2515,69.97,850,9,23,8,3,16,0.0234,0.8496,0.1504,0.4241,0.000424,3,245.85
2026-03-25,3,25,2,13,0,0,0,0,debit_card,mobile_app,east,retail,android,0,0,1,3301,32.01,1911,28,27,7,0,10,0.0291,0.8549,0.1451,0.5039,0.000632,2,24.49
2026-03-25,3,25,2,13,0,0,0,0,debit_card,mobile_app,north,premium,ios,0,0,1,2044,85.52,701,18,17,10,1,12,0.0244,0.8383,0.1617,0.3603,0.000456,2,220.23
2026-03-25,3,25,2,13,0,0,0,0,debit_card,mobile_app,north,retail,android,0,0,1,3614,30.17,2279,23,25,7,3,23,0.0255,0.8536,0.1464,0.5311,0.000645,3,143.49
2026-03-25,3,25,2,13,0,0,0,0,debit_card,mobile_app,south,premium,ios,0,0,1,2143,56.19,893,17,15,15,2,5,0.0277,0.8407,0.1593,0.3166,0.000492,0,0.0
2026-03-25,3,25,2,13,0,0,0,0,debit_card,mobile_app,south,retail,ios,0,0,1,3227,68.97,1039,41,29,16,0,9,0.0298,0.8261,0.1739,0.3481,0.000699,1,24.25
2026-03-25,3,25,2,13,0,0,0,0,debit_card,mobile_app,west,premium,android,0,0,1,2540,46.26,1040,17,19,6,3,15,0.0269,0.8439,0.1561,0.5622,0.000522,3,124.73
2026-03-25,3,25,2,13,0,0,0,0,debit_card,mobile_app,west,retail,android,0,0,1,3508,54.54,1173,25,11,12,2,16,0.0297,0.8172,0.1828,0.5108,0.00068,5,292.05
2026-03-25,3,25,2,13,0,0,0,0,debit_card,web,east,premium,ios,0,0,1,1985,92.0,955,8,12,7,2,3,0.0301,0.8378,0.1622,0.2456,0.000374,0,26.13
2026-03-25,3,25,2,13,0,0,0,0,debit_card,web,east,retail,desktop,0,0,1,2125,37.02,1029,23,16,7,2,22,0.0272,0.8579,0.1421,0.2259,0.000506,3,228.15
2026-03-25,3,25,2,13,0,0,0,0,debit_card,web,north,premium,ios,0,0,1,1989,54.71,673,8,16,8,1,8,0.0284,0.855,0.145,0.2331,0.000381,0,18.75
2026-03-25,3,25,2,13,0,0,0,0,debit_card,web,north,retail,android,0,0,1,3392,99.88,1197,24,15,5,4,9,0.0322,0.8304,0.1696,0.4187,0.000535,1,46.51
2026-03-25,3,25,2,13,0,0,0,0,debit_card,web,south,premium,desktop,0,0,1,1141,88.13,467,14,21,6,2,17,0.0352,0.8477,0.1523,0.2863,0.000428,1,102.06
2026-03-25,3,25,2,13,0,0,0,0,debit_card,web,south,retail,desktop,0,0,1,1977,69.51,891,28,14,8,2,16,0.0311,0.8408,0.1592,0.2868,0.000592,3,314.62
2026-03-25,3,25,2,13,0,0,0,0,debit_card,web,west,premium,ios,0,0,1,2251,51.0,1095,14,16,9,1,9,0.0337,0.8639,0.1361,0.2821,0.000444,0,0.0
2026-03-25,3,25,2,13,0,0,0,0,debit_card,web,west,retail,desktop,0,0,1,2045,61.14,682,30,18,8,8,13,0.0293,0.8529,0.1471,0.282,0.00061,3,265.68
2026-03-25,3,25,2,13,0,0,0,0,digital_wallet,branch,east,premium,desktop,0,0,0,382,67.23,120,10,9,4,0,2,0.0246,0.87,0.13,0.2307,0.000368,0,9.51
2026-03-25,3,25,2,13,0,0,0,0,digital_wallet,branch,east,retail,desktop,0,0,0,717,63.09,330,9,14,4,1,9,0.0271,0.8544,0.1456,0.2862,0.000565,1,41.99
2026-03-25,3,25,2,13,0,0,0,0,digital_wallet,branch,north,premium,desktop,0,0,0,446,101.89,176,17,4,5,1,2,0.0223,0.8587,0.1413,0.2558,0.000381,0,6.31
2026-03-25,3,25,2,13,0,0,0,0,digital_wallet,branch,north,retail,desktop,0,0,0,677,52.63,323,21,9,8,2,3,0.0165,0.8506,0.1494,0.2599,0.000558,0,4.48
2026-03-25,3,25,2,13,0,0,0,0,digital_wallet,branch,south,premium,desktop,0,0,0,347,75.97,121,6,10,4,2,5,0.0227,0.8602,0.1398,0.246,0.000418,0,0.0
2026-03-25,3,25,2,13,0,0,0,0,digital_wallet,branch,south,retail,desktop,0,0,0,522,82.49,189,19,13,5,2,3,0.0249,0.8637,0.1363,0.2384,0.000585,0,0.0
2026-03-25,3,25,2,13,0,0,0,0,digital_wallet,branch,west,premium,desktop,0,0,0,437,29.51,209,11,11,2,3,6,0.0198,0.8656,0.1344,0.2897,0.000415,0,0.0
2026-03-25,3,25,2,13,0,0,0,0,digital_wallet,branch,west,retail,desktop,0,0,0,735,142.44,391,14,6,9,1,1,0.0186,0.8516,0.1484,0.2512,0.000596,0,0.0
2026-03-25,3,25,2,13,0,0,0,0,digital_wallet,mobile_app,east,premium,ios,0,0,1,1600,89.69,808,12,23,11,4,15,0.0277,0.8489,0.1511,0.3442,0.000633,0,3.32
2026-03-25,3,25,2,13,0,0,0,0,digital_wallet,mobile_app,east,retail,android,0,0,1,2772,52.73,1251,19,26,20,1,24,0.0315,0.8523,0.1477,0.5465,0.000929,3,209.94
2026-03-25,3,25,2,13,0,0,0,0,digital_wallet,mobile_app,north,premium,ios,0,0,1,1570,52.15,664,14,24,10,2,9,0.0282,0.8441,0.1559,0.3356,0.000652,1,83.46
2026-03-25,3,25,2,13,0,0,0,0,digital_wallet,mobile_app,north,retail,ios,0,0,1,2894,101.03,1796,26,17,17,2,16,0.0236,0.8317,0.1683,0.4098,0.000901,2,301.99
2026-03-25,3,25,2,13,0,0,0,0,digital_wallet,mobile_app,south,premium,android,0,0,1,1704,36.85,584,8,15,8,1,14,0.0227,0.842,0.158,0.5305,0.0007,3,111.32
2026-03-25,3,25,2,13,0,0,0,0,digital_wallet,mobile_app,south,retail,ios,0,0,1,2371,53.83,816,21,17,10,5,11,0.0298,0.8469,0.1531,0.3105,0.000973,2,50.73
2026-03-25,3,25,2,13,0,0,0,0,digital_wallet,mobile_app,west,premium,ios,0,0,1,1965,76.38,737,9,22,11,6,29,0.032,0.835,0.165,0.291,0.000765,5,475.9
2026-03-25,3,25,2,13,0,0,0,0,digital_wallet,mobile_app,west,retail,android,0,0,1,3119,53.05,1742,27,19,12,6,19,0.0249,0.8256,0.1744,0.506,0.000998,3,138.77
2026-03-25,3,25,2,13,0,0,0,0,digital_wallet,web,east,premium,ios,0,0,1,1365,82.16,516,7,16,7,4,9,0.0312,0.8415,0.1585,0.2729,0.000549,1,118.37
2026-03-25,3,25,2,13,0,0,0,0,digital_wallet,web,east,retail,desktop,0,0,1,1444,99.77,822,8,9,6,5,2,0.0352,0.845,0.155,0.2251,0.000734,0,28.91
2026-03-25,3,25,2,13,0,0,0,0,digital_wallet,web,north,premium,ios,0,0,1,1883,110.42,890,5,12,4,0,7,0.0352,0.8495,0.1505,0.2108,0.000549,0,0.0
2026-03-25,3,25,2,13,0,0,0,0,digital_wallet,web,north,retail,desktop,0,0,1,1589,72.42,936,18,17,7,6,8,0.031,0.8361,0.1639,0.3358,0.000748,0,0.0
2026-03-25,3,25,2,13,0,0,0,0,digital_wallet,web,south,premium,android,0,0,1,1431,31.86,516,3,20,4,2,16,0.0285,0.8473,0.1527,0.3774,0.000589,2,91.92
2026-03-25,3,25,2,13,0,0,0,0,digital_wallet,web,south,retail,desktop,0,0,1,1549,70.95,884,15,10,5,3,7,0.0314,0.8397,0.1603,0.2227,0.000837,1,47.28
2026-03-25,3,25,2,13,0,0,0,0,digital_wallet,web,west,premium,desktop,0,0,1,1232,49.03,783,10,11,10,7,6,0.0257,0.8476,0.1524,0.2559,0.00062,0,14.68
2026-03-25,3,25,2,13,0,0,0,0,digital_wallet,web,west,retail,ios,0,0,1,2154,40.45,1283,16,10,8,3,10,0.0301,0.8444,0.1556,0.1945,0.000857,1,53.52
2026-03-26,3,26,3,13,0,0,0,0,credit_card,branch,east,premium,desktop,0,0,0,745,101.45,323,17,6,5,1,4,0.0112,0.8713,0.1287,0.2351,0.000335,1,54.78
2026-03-26,3,26,3,13,0,0,0,0,credit_card,branch,east,retail,desktop,0,0,0,972,57.85,359,24,6,6,2,2,0.0166,0.8746,0.1254,0.2099,0.00046,0,0.0
2026-03-26,3,26,3,13,0,0,0,0,credit_card,branch,north,premium,desktop,0,0,0,695,53.07,335,13,9,2,0,3,0.0235,0.8644,0.1356,0.213,0.000345,0,10.02
2026-03-26,3,26,3,13,0,0,0,0,credit_card,branch,north,retail,desktop,0,0,0,970,42.8,361,21,6,2,2,8,0.0223,0.8684,0.1316,0.2429,0.000465,1,85.27
2026-03-26,3,26,3,13,0,0,0,0,credit_card,branch,south,premium,desktop,0,0,0,584,96.3,268,13,5,2,0,2,0.0221,0.8635,0.1365,0.1916,0.000351,0,21.9
2026-03-26,3,26,3,13,0,0,0,0,credit_card,branch,south,retail,desktop,0,0,0,892,42.43,424,16,14,7,2,9,0.0174,0.8556,0.1444,0.2802,0.000517,0,45.29
2026-03-26,3,26,3,13,0,0,0,0,credit_card,branch,west,premium,desktop,0,0,0,627,59.17,245,15,5,4,2,2,0.0272,0.8699,0.1301,0.2242,0.000386,0,0.0
2026-03-26,3,26,3,13,0,0,0,0,credit_card,branch,west,retail,desktop,0,0,0,935,49.99,592,27,10,6,0,9,0.0213,0.857,0.143,0.2056,0.000532,1,52.47
2026-03-26,3,26,3,13,0,0,0,0,credit_card,mobile_app,east,premium,ios,0,0,1,2288,66.56,869,17,19,14,2,7,0.0286,0.844,0.156,0.3223,0.000564,0,19.55
2026-03-26,3,26,3,13,0,0,0,0,credit_card,mobile_app,east,retail,android,0,0,1,4191,77.84,2040,41,20,10,4,16,0.0306,0.845,0.155,0.5072,0.000761,3,362.26
2026-03-26,3,26,3,13,0,0,0,0,credit_card,mobile_app,north,premium,ios,0,0,1,2668,40.06,1382,18,14,11,4,4,0.0365,0.8416,0.1584,0.361,0.000567,0,0.0
2026-03-26,3,26,3,13,0,0,0,0,credit_card,mobile_app,north,retail,ios,0,0,1,4237,55.8,2739,39,24,9,3,10,0.0257,0.8306,0.1694,0.3639,0.000812,3,287.59
2026-03-26,3,26,3,13,0,0,0,0,credit_card,mobile_app,south,premium,ios,0,0,1,2592,66.65,855,20,16,7,6,11,0.0283,0.8389,0.1611,0.3251,0.000616,1,85.86
2026-03-26,3,26,3,13,0,0,0,0,credit_card,mobile_app,south,retail,android,0,0,1,3770,58.87,1333,32,21,9,3,15,0.0353,0.8326,0.1674,0.5442,0.000867,2,111.98
2026-03-26,3,26,3,13,0,0,0,0,credit_card,mobile_app,west,premium,android,0,0,1,3143,56.7,1532,14,24,8,1,18,0.0293,0.8368,0.1632,0.4891,0.000665,3,186.93
2026-03-26,3,26,3,13,0,0,0,0,credit_card,mobile_app,west,retail,ios,0,0,1,3992,48.07,2545,34,13,17,3,24,0.0237,0.8336,0.1664,0.3517,0.000858,5,244.03
2026-03-26,3,26,3,13,0,0,0,0,credit_card,web,east,premium,desktop,0,0,1,1629,85.02,605,12,21,7,4,20,0.0339,0.8531,0.1469,0.2821,0.000457,2,259.54
2026-03-26,3,26,3,13,0,0,0,0,credit_card,web,east,retail,desktop,0,0,1,2589,55.0,926,30,14,8,0,6,0.0293,0.8406,0.1594,0.2201,0.000652,1,118.27
2026-03-26,3,26,3,13,0,0,0,0,credit_card,web,north,premium,desktop,0,0,1,1726,49.58,971,11,10,7,4,7,0.0371,0.8473,0.1527,0.2562,0.000485,1,93.99
2026-03-26,3,26,3,13,0,0,0,0,credit_card,web,north,retail,desktop,0,0,1,2434,77.26,1354,22,10,5,2,14,0.0309,0.851,0.149,0.2626,0.000696,3,367.37
2026-03-26,3,26,3,13,0,0,0,0,credit_card,web,south,premium,desktop,0,0,1,1632,79.87,677,13,11,4,2,4,0.0289,0.8418,0.1582,0.2669,0.000527,0,24.61
2026-03-26,3,26,3,13,0,0,0,0,credit_card,web,south,retail,ios,0,0,1,3304,64.85,1632,29,14,8,3,14,0.0284,0.8329,0.1671,0.2625,0.000733,2,205.87
2026-03-26,3,26,3,13,0,0,0,0,credit_card,web,west,premium,ios,0,0,1,3032,94.41,1026,8,16,4,2,18,0.0296,0.8386,0.1614,0.1933,0.000542,4,585.21
2026-03-26,3,26,3,13,0,0,0,0,credit_card,web,west,retail,desktop,0,0,1,2843,41.01,1486,29,11,8,3,11,0.0294,0.8544,0.1456,0.2861,0.000768,2,97.0
2026-03-26,3,26,3,13,0,0,0,0,debit_card,branch,east,premium,desktop,0,0,0,607,46.49,325,12,13,8,1,5,0.016,0.87,0.13,0.2831,0.000273,0,0.0
2026-03-26,3,26,3,13,0,0,0,0,debit_card,branch,east,retail,desktop,0,0,0,714,42.9,318,24,11,3,0,4,0.0134,0.8657,0.1343,0.2687,0.000358,1,65.25
2026-03-26,3,26,3,13,0,0,0,0,debit_card,branch,north,premium,desktop,0,0,0,505,45.91,220,10,9,8,1,2,0.0208,0.8608,0.1392,0.2898,0.000255,0,0.0
2026-03-26,3,26,3,13,0,0,0,0,debit_card,branch,north,retail,desktop,0,0,0,876,86.55,268,24,11,6,1,5,0.0236,0.8565,0.1435,0.247,0.000373,1,87.97
2026-03-26,3,26,3,13,0,0,0,0,debit_card,branch,south,premium,desktop,0,0,0,585,54.83,225,7,9,4,3,4,0.0205,0.8585,0.1415,0.2075,0.000303,0,0.0
2026-03-26,3,26,3,13,0,0,0,0,debit_card,branch,south,retail,desktop,0,0,0,642,54.94,432,19,8,2,3,7,0.0197,0.865,0.135,0.2305,0.000407,1,67.75
2026-03-26,3,26,3,13,0,0,0,0,debit_card,branch,west,premium,desktop,0,0,0,465,42.92,153,9,10,6,2,3,0.0149,0.8609,0.1391,0.2243,0.000285,0,19.09
2026-03-26,3,26,3,13,0,0,0,0,debit_card,branch,west,retail,desktop,0,0,0,856,42.53,299,13,8,9,2,1,0.0249,0.8642,0.1358,0.2579,0.000425,0,0.0
2026-03-26,3,26,3,13,0,0,0,0,debit_card,mobile_app,east,premium,ios,0,0,1,2124,61.02,664,9,13,10,4,9,0.0296,0.8418,0.1582,0.3446,0.000416,1,85.22
2026-03-26,3,26,3,13,0,0,0,0,debit_card,mobile_app,east,retail,ios,0,0,1,3020,81.27,1316,13,16,8,1,7,0.0347,0.8299,0.1701,0.3477,0.000557,1,131.64
2026-03-26,3,26,3,13,0,0,0,0,debit_card,mobile_app,north,premium,android,0,0,1,2482,81.46,765,14,24,7,1,18,0.0362,0.8283,0.1717,0.5269,0.000459,1,70.56
2026-03-26,3,26,3,13,0,0,0,0,debit_card,mobile_app,north,retail,ios,0,0,1,3088,83.63,1422,28,25,4,3,16,0.0313,0.856,0.144,0.3801,0.000615,3,350.15
2026-03-26,3,26,3,13,0,0,0,0,debit_card,mobile_app,south,premium,ios,0,0,1,1894,113.0,694,17,23,8,1,14,0.0376,0.8463,0.1537,0.4061,0.000483,2,157.37
2026-03-26,3,26,3,13,0,0,0,0,debit_card,mobile_app,south,retail,android,0,0,1,3480,97.65,1428,19,23,11,2,17,0.0289,0.8459,0.1541,0.5024,0.000653,3,382.56
2026-03-26,3,26,3,13,0,0,0,0,debit_card,mobile_app,west,premium,ios,0,0,1,2564,46.41,896,8,30,11,1,13,0.0292,0.843,0.157,0.3341,0.000488,2,50.18
2026-03-26,3,26,3,13,0,0,0,0,debit_card,mobile_app,west,retail,ios,0,0,1,3887,65.05,1282,18,19,7,3,18,0.0276,0.8438,0.1562,0.3349,0.000692,2,124.14
2026-03-26,3,26,3,13,0,0,0,0,debit_card,web,east,premium,desktop,0,0,1,1256,50.33,506,8,17,11,0,3,0.0332,0.849,0.151,0.2332,0.000385,0,0.38
2026-03-26,3,26,3,13,0,0,0,0,debit_card,web,east,retail,desktop,0,0,1,1947,53.46,797,16,11,8,6,3,0.0289,0.8462,0.1538,0.245,0.000497,0,10.75
2026-03-26,3,26,3,13,0,0,0,0,debit_card,web,north,premium,desktop,0,0,1,1497,63.7,643,7,11,8,2,9,0.0378,0.8326,0.1674,0.2714,0.0004,1,60.8
2026-03-26,3,26,3,13,0,0,0,0,debit_card,web,north,retail,android,0,0,1,2924,40.52,1859,23,14,9,2,8,0.0328,0.853,0.147,0.431,0.000543,1,2.91
2026-03-26,3,26,3,13,0,0,0,0,debit_card,web,south,premium,ios,0,0,1,1805,65.66,825,11,16,6,2,14,0.0326,0.8507,0.1493,0.2749,0.000417,3,279.75
2026-03-26,3,26,3,13,0,0,0,0,debit_card,web,south,retail,desktop,0,0,1,1738,65.74,787,22,8,12,2,2,0.0303,0.8529,0.1471,0.251,0.000579,0,60.3
2026-03-26,3,26,3,13,0,0,0,0,debit_card,web,west,premium,desktop,0,0,1,1360,41.67,748,11,12,8,0,7,0.0307,0.8422,0.1578,0.2444,0.000426,0,16.65
2026-03-26,3,26,3,13,0,0,0,0,debit_card,web,west,retail,desktop,0,0,1,2145,43.0,908,19,14,9,1,11,0.037,0.8451,0.1549,0.2562,0.000613,1,48.27
2026-03-26,3,26,3,13,0,0,0,0,digital_wallet,branch,east,premium,desktop,0,0,0,434,24.81,222,5,12,3,1,7,0.0175,0.8594,0.1406,0.2692,0.000352,0,7.04
2026-03-26,3,26,3,13,0,0,0,0,digital_wallet,branch,east,retail,desktop,0,0,0,508,78.89,186,12,7,3,1,7,0.0128,0.8484,0.1516,0.2495,0.000516,2,249.87
2026-03-26,3,26,3,13,0,0,0,0,digital_wallet,branch,north,premium,desktop,0,0,0,521,34.02,212,9,12,5,2,7,0.0171,0.8564,0.1436,0.2495,0.000391,1,104.0
2026-03-26,3,26,3,13,0,0,0,0,digital_wallet,branch,north,retail,desktop,0,0,0,610,100.42,260,9,10,4,3,5,0.0153,0.8641,0.1359,0.2444,0.000532,0,0.0
2026-03-26,3,26,3,13,0,0,0,0,digital_wallet,branch,south,premium,desktop,0,0,0,426,31.17,239,3,12,4,0,5,0.0196,0.8439,0.1561,0.2685,0.000447,0,5.82
2026-03-26,3,26,3,13,0,0,0,0,digital_wallet,branch,south,retail,desktop,0,0,0,563,94.24,170,20,9,6,4,4,0.0217,0.8552,0.1448,0.2764,0.000566,1,115.78
2026-03-26,3,26,3,13,0,0,0,0,digital_wallet,branch,west,premium,desktop,0,0,0,523,73.33,207,8,8,3,1,4,0.0151,0.8583,0.1417,0.2478,0.000403,0,55.59
2026-03-26,3,26,3,13,0,0,0,0,digital_wallet,branch,west,retail,desktop,0,0,0,661,62.05,346,20,7,3,1,2,0.0251,0.8648,0.1352,0.2377,0.000623,0,49.57
2026-03-26,3,26,3,13,0,0,0,0,digital_wallet,mobile_app,east,premium,android,0,0,1,1549,34.14,550,9,17,9,2,20,0.0349,0.8389,0.1611,0.5165,0.000622,4,139.66
2026-03-26,3,26,3,13,0,0,0,0,digital_wallet,mobile_app,east,retail,ios,0,0,1,2443,61.69,748,23,19,10,6,7,0.0328,0.835,0.165,0.4144,0.000863,1,62.53
2026-03-26,3,26,3,13,0,0,0,0,digital_wallet,mobile_app,north,premium,android,0,0,1,1978,52.42,883,5,22,5,7,14,0.0261,0.8342,0.1658,0.4828,0.000684,2,119.54
2026-03-26,3,26,3,13,0,0,0,0,digital_wallet,mobile_app,north,retail,android,0,0,1,2659,41.41,1406,23,17,12,4,21,0.0324,0.8328,0.1672,0.5106,0.000884,3,118.43
2026-03-26,3,26,3,13,0,0,0,0,digital_wallet,mobile_app,south,premium,ios,0,0,1,1813,78.0,764,8,26,10,2,13,0.0235,0.8389,0.1611,0.3342,0.000709,1,126.89
2026-03-26,3,26,3,13,0,0,0,0,digital_wallet,mobile_app,south,retail,android,0,0,1,2876,95.34,868,18,26,8,1,19,0.0284,0.8525,0.1475,0.4613,0.00096,1,92.11
2026-03-26,3,26,3,13,0,0,0,0,digital_wallet,mobile_app,west,premium,android,0,0,1,1832,52.61,733,9,27,10,4,13,0.0235,0.8476,0.1524,0.4989,0.000768,1,53.14
2026-03-26,3,26,3,13,0,0,0,0,digital_wallet,mobile_app,west,retail,ios,0,0,1,2603,44.05,1538,30,27,8,2,13,0.0359,0.8431,0.1569,0.3868,0.001014,0,0.0
2026-03-26,3,26,3,13,0,0,0,0,digital_wallet,web,east,premium,ios,0,0,1,1540,60.29,564,7,7,8,5,4,0.0302,0.852,0.148,0.2202,0.000509,0,0.0
2026-03-26,3,26,3,13,0,0,0,0,digital_wallet,web,east,retail,desktop,0,0,1,1399,103.95,531,18,10,7,6,5,0.0276,0.8455,0.1545,0.221,0.000769,0,7.91
2026-03-26,3,26,3,13,0,0,0,0,digital_wallet,web,north,premium,desktop,0,0,1,1294,84.62,485,9,16,4,2,9,0.0261,0.8265,0.1735,0.2587,0.000586,0,4.17
2026-03-26,3,26,3,13,0,0,0,0,digital_wallet,web,north,retail,ios,0,0,1,2261,68.03,676,18,17,6,3,18,0.0268,0.8477,0.1523,0.2686,0.00081,3,229.46
2026-03-26,3,26,3,13,0,0,0,0,digital_wallet,web,south,premium,desktop,0,0,1,1125,42.52,353,7,14,6,4,15,0.0278,0.8667,0.1333,0.3108,0.000605,2,102.99
2026-03-26,3,26,3,13,0,0,0,0,digital_wallet,web,south,retail,desktop,0,0,1,1419,64.16,464,19,12,6,5,5,0.0319,0.8405,0.1595,0.2092,0.000838,0,3.74
2026-03-26,3,26,3,13,0,0,0,0,digital_wallet,web,west,premium,ios,0,0,1,1626,63.17,850,8,13,9,2,11,0.0311,0.8436,0.1564,0.2654,0.000655,1,56.02
2026-03-26,3,26,3,13,0,0,0,0,digital_wallet,web,west,retail,desktop,0,0,1,1770,53.33,864,17,13,4,2,5,0.0297,0.845,0.155,0.307,0.000895,0,0.0
2026-03-27,3,27,4,13,0,0,0,0,credit_card,branch,east,premium,desktop,0,0,0,747,27.03,272,15,4,3,3,2,0.0183,0.8649,0.1351,0.245,0.000306,0,0.0
2026-03-27,3,27,4,13,0,0,0,0,credit_card,branch,east,retail,desktop,0,0,0,984,65.13,307,24,7,2,4,3,0.0174,0.8374,0.1626,0.2371,0.000464,0,0.0
2026-03-27,3,27,4,13,0,0,0,0,credit_card,branch,north,premium,desktop,0,0,0,727,93.89,281,20,7,6,1,4,0.0121,0.859,0.141,0.2716,0.000336,0,0.0
2026-03-27,3,27,4,13,0,0,0,0,credit_card,branch,north,retail,desktop,0,0,0,1109,64.15,364,23,7,2,0,4,0.0186,0.8723,0.1277,0.2296,0.000479,0,50.02
2026-03-27,3,27,4,13,0,0,0,0,credit_card,branch,south,premium,desktop,0,0,0,519,83.69,256,11,9,4,1,5,0.0213,0.8657,0.1343,0.2224,0.00037,0,0.0
2026-03-27,3,27,4,13,0,0,0,0,credit_card,branch,south,retail,desktop,0,0,0,971,84.16,519,12,13,8,4,7,0.0134,0.8578,0.1422,0.2532,0.000503,0,0.0
2026-03-27,3,27,4,13,0,0,0,0,credit_card,branch,west,premium,desktop,0,0,0,647,39.89,329,10,8,3,1,3,0.0161,0.8629,0.1371,0.2459,0.000389,0,0.0
2026-03-27,3,27,4,13,0,0,0,0,credit_card,branch,west,retail,desktop,0,0,0,957,63.04,301,28,13,5,0,3,0.0219,0.8716,0.1284,0.2462,0.000541,0,7.61
2026-03-27,3,27,4,13,0,0,0,0,credit_card,mobile_app,east,premium,ios,0,0,1,2833,126.46,827,27,16,9,0,20,0.0326,0.8501,0.1499,0.3526,0.000545,3,383.71
2026-03-27,3,27,4,13,0,0,0,0,credit_card,mobile_app,east,retail,android,0,0,1,4119,37.32,1851,47,19,8,3,25,0.0298,0.846,0.154,0.5054,0.000773,7,412.13
2026-03-27,3,27,4,13,0,0,0,0,credit_card,mobile_app,north,premium,ios,0,0,1,3408,39.7,1295,8,19,11,4,7,0.0267,0.8442,0.1558,0.3423,0.00057,1,12.23
2026-03-27,3,27,4,13,0,0,0,0,credit_card,mobile_app,north,retail,android,0,0,1,4697,57.13,1427,32,25,10,5,26,0.0316,0.8436,0.1564,0.5576,0.000779,5,440.0
2026-03-27,3,27,4,13,0,0,0,0,credit_card,mobile_app,south,premium,android,0,0,1,3351,44.5,1235,10,17,10,3,20,0.0301,0.861,0.139,0.5268,0.000647,3,157.63
2026-03-27,3,27,4,13,0,0,0,0,credit_card,mobile_app,south,retail,android,0,0,1,4273,45.36,1818,30,17,8,6,14,0.037,0.8322,0.1678,0.5769,0.000829,3,136.78
2026-03-27,3,27,4,13,0,0,0,0,credit_card,mobile_app,west,premium,android,0,0,1,3037,90.06,1980,16,21,14,0,15,0.0335,0.8421,0.1579,0.5684,0.000682,2,274.38
2026-03-27,3,27,4,13,0,0,0,0,credit_card,mobile_app,west,retail,android,0,0,1,4552,104.98,2735,33,24,5,4,23,0.0331,0.8377,0.1623,0.5718,0.000912,4,613.72
2026-03-27,3,27,4,13,0,0,0,0,credit_card,web,east,premium,desktop,0,0,1,1510,70.73,512,10,14,6,3,10,0.0265,0.8556,0.1444,0.2459,0.000447,1,106.57
2026-03-27,3,27,4,13,0,0,0,0,credit_card,web,east,retail,desktop,0,0,1,2397,39.24,1018,25,20,4,6,22,0.0301,0.8309,0.1691,0.2297,0.000687,3,201.49
2026-03-27,3,27,4,13,0,0,0,0,credit_card,web,north,premium,desktop,0,0,1,1651,57.89,623,14,13,4,3,6,0.0286,0.849,0.151,0.3076,0.000506,0,26.47
2026-03-27,3,27,4,13,0,0,0,0,credit_card,web,north,retail,desktop,0,0,1,2539,68.01,862,28,12,3,3,2,0.0332,0.8416,0.1584,0.2785,0.000697,0,67.77
2026-03-27,3,27,4,13,0,0,0,0,credit_card,web,south,premium,desktop,0,0,1,1549,55.45,558,17,15,6,2,7,0.0275,0.8454,0.1546,0.2752,0.000516,1,68.39
2026-03-27,3,27,4,13,0,0,0,0,credit_card,web,south,retail,ios,0,0,1,3201,59.26,1341,30,10,4,3,11,0.0344,0.835,0.165,0.2718,0.000713,2,176.11
2026-03-27,3,27,4,13,0,0,0,0,credit_card,web,west,premium,desktop,0,0,1,1787,45.29,555,10,13,6,3,8,0.0322,0.8412,0.1588,0.2546,0.000559,1,76.82
2026-03-27,3,27,4,13,0,0,0,0,credit_card,web,west,retail,desktop,0,0,1,2730,81.29,1148,19,13,6,4,14,0.0344,0.8242,0.1758,0.2523,0.000781,2,259.05
2026-03-27,3,27,4,13,0,0,0,0,debit_card,branch,east,premium,desktop,0,0,0,563,88.28,266,13,9,6,2,4,0.0155,0.8461,0.1539,0.2528,0.000266,0,17.23
2026-03-27,3,27,4,13,0,0,0,0,debit_card,branch,east,retail,desktop,0,0,0,744,34.97,490,23,5,3,1,3,0.0186,0.8515,0.1485,0.2752,0.00036,0,1.93
2026-03-27,3,27,4,13,0,0,0,0,debit_card,branch,north,premium,desktop,0,0,0,569,70.29,169,4,14,3,1,8,0.019,0.8681,0.1319,0.2479,0.00025,1,150.45
2026-03-27,3,27,4,13,0,0,0,0,debit_card,branch,north,retail,desktop,0,0,0,898,85.46,282,21,7,7,0,3,0.0198,0.8547,0.1453,0.2453,0.00037,0,0.0
2026-03-27,3,27,4,13,0,0,0,0,debit_card,branch,south,premium,desktop,0,0,0,544,44.14,163,8,13,6,2,5,0.0234,0.854,0.146,0.2289,0.00029,0,23.56
2026-03-27,3,27,4,13,0,0,0,0,debit_card,branch,south,retail,desktop,0,0,0,683,97.56,308,22,13,6,3,11,0.0252,0.855,0.145,0.2354,0.000407,1,72.67
2026-03-27,3,27,4,13,0,0,0,0,debit_card,branch,west,premium,desktop,0,0,0,552,71.6,178,8,7,2,2,1,0.0229,0.8555,0.1445,0.2495,0.000307,0,89.51
2026-03-27,3,27,4,13,0,0,0,0,debit_card,branch,west,retail,desktop,0,0,0,909,122.85,316,22,9,6,0,2,0.018,0.865,0.135,0.3013,0.00043,0,40.11
2026-03-27,3,27,4,13,0,0,0,0,debit_card,mobile_app,east,premium,android,0,0,1,2057,50.56,988,16,24,8,1,21,0.0313,0.8504,0.1496,0.5065,0.000434,2,94.37
2026-03-27,3,27,4,13,0,0,0,0,debit_card,mobile_app,east,retail,ios,0,0,1,3507,90.82,1327,33,20,8,3,4,0.0359,0.8588,0.1412,0.3558,0.000559,0,8.21
2026-03-27,3,27,4,13,0,0,0,0,debit_card,mobile_app,north,premium,ios,0,0,1,2039,50.4,711,15,26,9,1,7,0.0225,0.8408,0.1592,0.3293,0.000447,1,77.26
2026-03-27,3,27,4,13,0,0,0,0,debit_card,mobile_app,north,retail,ios,0,0,1,3176,53.54,1032,26,23,11,4,13,0.0358,0.8358,0.1642,0.3202,0.000626,2,68.52
2026-03-27,3,27,4,13,0,0,0,0,debit_card,mobile_app,south,premium,android,0,0,1,2164,71.83,861,23,22,7,4,14,0.0368,0.841,0.159,0.531,0.000494,0,32.95
2026-03-27,3,27,4,13,0,0,0,0,debit_card,mobile_app,south,retail,ios,0,0,1,3097,69.75,1159,34,30,10,3,25,0.0316,0.8524,0.1476,0.3356,0.000677,6,392.71
2026-03-27,3,27,4,13,0,0,0,0,debit_card,mobile_app,west,premium,ios,0,0,1,2467,108.21,1668,18,18,15,1,7,0.0303,0.841,0.159,0.3742,0.000502,0,9.21
2026-03-27,3,27,4,13,0,0,0,0,debit_card,mobile_app,west,retail,android,0,0,1,3408,72.34,1050,32,22,12,7,15,0.0295,0.8375,0.1625,0.5547,0.000702,2,177.58
2026-03-27,3,27,4,13,0,0,0,0,debit_card,web,east,premium,desktop,0,0,1,1467,81.17,475,9,7,8,2,6,0.0341,0.8397,0.1603,0.2547,0.000364,1,111.15
2026-03-27,3,27,4,13,0,0,0,0,debit_card,web,east,retail,desktop,0,0,1,1672,35.48,722,19,14,5,5,7,0.0276,0.8378,0.1622,0.2493,0.000506,1,78.52
2026-03-27,3,27,4,13,0,0,0,0,debit_card,web,north,premium,desktop,0,0,1,1159,96.59,444,11,17,7,1,7,0.032,0.8466,0.1534,0.2755,0.00038,0,0.0
2026-03-27,3,27,4,13,0,0,0,0,debit_card,web,north,retail,ios,0,0,1,2762,49.0,1726,24,9,2,1,19,0.0287,0.8424,0.1576,0.2635,0.000548,5,347.21
2026-03-27,3,27,4,13,0,0,0,0,debit_card,web,south,premium,ios,0,0,1,1655,108.0,503,7,12,11,4,9,0.0354,0.854,0.146,0.2812,0.000417,1,170.02
2026-03-27,3,27,4,13,0,0,0,0,debit_card,web,south,retail,desktop,0,0,1,1875,31.66,1066,22,15,4,0,17,0.0314,0.8494,0.1506,0.2793,0.0006,2,100.79
2026-03-27,3,27,4,13,0,0,0,0,debit_card,web,west,premium,desktop,0,0,1,1210,50.41,400,7,7,8,1,2,0.0277,0.8577,0.1423,0.2576,0.000431,0,48.84
2026-03-27,3,27,4,13,0,0,0,0,debit_card,web,west,retail,desktop,0,0,1,2139,49.62,670,22,14,1,0,5,0.0303,0.8488,0.1512,0.262,0.000597,0,25.31
2026-03-27,3,27,4,13,0,0,0,0,digital_wallet,branch,east,premium,desktop,0,0,0,460,54.44,146,3,12,3,2,3,0.0191,0.8848,0.1152,0.2641,0.000379,0,24.3
2026-03-27,3,27,4,13,0,0,0,0,digital_wallet,branch,east,retail,desktop,0,0,0,645,89.46,197,10,10,9,1,9,0.0211,0.8563,0.1437,0.2611,0.000508,1,113.32
2026-03-27,3,27,4,13,0,0,0,0,digital_wallet,branch,north,premium,desktop,0,0,0,483,86.91,162,14,9,5,1,3,0.0209,0.8628,0.1372,0.2912,0.000391,0,1.48
2026-03-27,3,27,4,13,0,0,0,0,digital_wallet,branch,north,retail,desktop,0,0,0,626,46.52,201,20,11,4,3,5,0.021,0.8525,0.1475,0.2145,0.000512,0,0.0
2026-03-27,3,27,4,13,0,0,0,0,digital_wallet,branch,south,premium,desktop,0,0,0,397,44.0,105,13,14,4,1,7,0.0166,0.8637,0.1363,0.2086,0.000428,0,0.0
2026-03-27,3,27,4,13,0,0,0,0,digital_wallet,branch,south,retail,desktop,0,0,0,633,38.53,344,25,9,5,1,4,0.027,0.8522,0.1478,0.2735,0.000602,0,37.54
2026-03-27,3,27,4,13,0,0,0,0,digital_wallet,branch,west,premium,desktop,0,0,0,449,34.54,216,9,10,5,1,5,0.0307,0.8518,0.1482,0.315,0.000426,1,78.0
2026-03-27,3,27,4,13,0,0,0,0,digital_wallet,branch,west,retail,desktop,0,0,0,732,89.72,394,16,5,4,3,2,0.0197,0.8514,0.1486,0.2645,0.000628,0,0.0
2026-03-27,3,27,4,13,0,0,0,0,digital_wallet,mobile_app,east,premium,android,0,0,1,2235,72.19,682,11,22,7,4,7,0.0255,0.8649,0.1351,0.4801,0.000665,1,79.06
2026-03-27,3,27,4,13,0,0,0,0,digital_wallet,mobile_app,east,retail,android,0,0,1,2962,53.5,871,16,25,14,1,14,0.033,0.8237,0.1763,0.5481,0.000931,1,0.0
2026-03-27,3,27,4,13,0,0,0,0,digital_wallet,mobile_app,north,premium,ios,0,0,1,1731,49.48,653,17,28,6,2,21,0.0304,0.8569,0.1431,0.3214,0.00064,1,33.48
2026-03-27,3,27,4,13,0,0,0,0,digital_wallet,mobile_app,north,retail,android,0,0,1,3020,90.62,947,24,27,14,3,23,0.0298,0.8472,0.1528,0.5153,0.000897,2,196.09
2026-03-27,3,27,4,13,0,0,0,0,digital_wallet,mobile_app,south,premium,ios,0,0,1,1694,59.81,831,22,24,15,5,4,0.0238,0.8388,0.1612,0.362,0.00071,0,0.0
2026-03-27,3,27,4,13,0,0,0,0,digital_wallet,mobile_app,south,retail,android,0,0,1,2574,86.62,1407,30,20,7,4,9,0.0241,0.849,0.151,0.5225,0.000946,1,93.71
2026-03-27,3,27,4,13,0,0,0,0,digital_wallet,mobile_app,west,premium,ios,0,0,1,1756,51.62,888,7,14,15,5,10,0.0348,0.8442,0.1558,0.3594,0.000762,3,257.38
2026-03-27,3,27,4,13,0,0,0,0,digital_wallet,mobile_app,west,retail,ios,0,0,1,2922,33.18,1729,29,21,14,6,17,0.0378,0.8328,0.1672,0.2946,0.001006,3,137.83
2026-03-27,3,27,4,13,0,0,0,0,digital_wallet,web,east,premium,ios,0,0,1,1578,69.79,593,11,16,5,3,6,0.0308,0.8491,0.1509,0.2635,0.00054,0,43.25
2026-03-27,3,27,4,13,0,0,0,0,digital_wallet,web,east,retail,desktop,0,0,1,1474,111.74,475,20,18,5,3,7,0.0324,0.8468,0.1532,0.2618,0.000765,1,109.99
2026-03-27,3,27,4,13,0,0,0,0,digital_wallet,web,north,premium,desktop,0,0,1,1173,122.69,698,9,15,4,3,9,0.0248,0.826,0.174,0.2122,0.000549,0,14.66
2026-03-27,3,27,4,13,0,0,0,0,digital_wallet,web,north,retail,android,0,0,1,2500,40.95,788,24,9,6,3,20,0.0273,0.8473,0.1527,0.4488,0.000752,4,232.44
2026-03-27,3,27,4,13,0,0,0,0,digital_wallet,web,south,premium,desktop,0,0,1,1021,49.41,323,12,14,5,3,8,0.0324,0.8361,0.1639,0.2114,0.000574,0,0.0
2026-03-27,3,27,4,13,0,0,0,0,digital_wallet,web,south,retail,desktop,0,0,1,1572,28.27,933,16,9,3,2,3,0.034,0.8426,0.1574,0.2395,0.000824,0,0.0
2026-03-27,3,27,4,13,0,0,0,0,digital_wallet,web,west,premium,android,0,0,1,1887,55.18,787,10,14,6,2,9,0.0286,0.8537,0.1463,0.3972,0.000592,0,39.49
2026-03-27,3,27,4,13,0,0,0,0,digital_wallet,web,west,retail,desktop,0,0,1,1878,60.08,617,17,19,5,3,12,0.0301,0.8557,0.1443,0.3052,0.000904,1,11.0
2026-03-28,3,28,5,13,1,0,0,0,credit_card,branch,east,premium,desktop,0,0,0,643,50.64,248,11,14,8,1,4,0.0261,0.8387,0.1613,0.2214,0.000336,0,0.0
2026-03-28,3,28,5,13,1,0,0,0,credit_card,branch,east,retail,desktop,0,0,0,818,183.92,412,37,18,6,3,10,0.0183,0.8432,0.1568,0.2702,0.000476,1,229.52
2026-03-28,3,28,5,13,1,0,0,0,credit_card,branch,north,premium,desktop,0,0,0,586,53.52,172,10,8,6,0,4,0.0218,0.8481,0.1519,0.2582,0.000342,1,54.84
2026-03-28,3,28,5,13,1,0,0,0,credit_card,branch,north,retail,desktop,0,0,0,801,156.3,277,17,14,3,5,15,0.0177,0.8466,0.1534,0.2599,0.000474,2,301.06
2026-03-28,3,28,5,13,1,0,0,0,credit_card,branch,south,premium,desktop,0,0,0,551,63.72,241,17,9,2,3,2,0.0197,0.8514,0.1486,0.2633,0.000375,0,0.0
2026-03-28,3,28,5,13,1,0,0,0,credit_card,branch,south,retail,desktop,0,0,0,861,71.02,372,30,9,5,2,6,0.0181,0.8593,0.1407,0.2579,0.000555,1,114.98
2026-03-28,3,28,5,13,1,0,0,0,credit_card,branch,west,premium,desktop,0,0,0,613,89.94,214,14,8,8,1,1,0.0188,0.8723,0.1277,0.236,0.000404,0,16.72
2026-03-28,3,28,5,13,1,0,0,0,credit_card,branch,west,retail,desktop,0,0,0,966,111.53,544,13,11,7,1,5,0.0179,0.8633,0.1367,0.2603,0.000525,1,137.93
2026-03-28,3,28,5,13,1,0,0,0,credit_card,mobile_app,east,premium,ios,0,0,1,2447,66.98,1175,14,22,12,2,9,0.032,0.8445,0.1555,0.2811,0.000575,1,128.54
2026-03-28,3,28,5,13,1,0,0,0,credit_card,mobile_app,east,retail,ios,0,0,1,3198,76.97,1922,28,27,5,6,21,0.0342,0.8517,0.1483,0.3709,0.000766,3,360.61
2026-03-28,3,28,5,13,1,0,0,0,credit_card,mobile_app,north,premium,android,0,0,1,2516,112.19,767,18,23,9,4,15,0.0271,0.8359,0.1641,0.4869,0.000602,2,183.84
2026-03-28,3,28,5,13,1,0,0,0,credit_card,mobile_app,north,retail,android,0,0,1,4014,123.26,2117,32,20,12,5,26,0.0289,0.84,0.16,0.4873,0.000825,4,687.5
2026-03-28,3,28,5,13,1,0,0,0,credit_card,mobile_app,south,premium,ios,0,0,1,2124,80.43,1278,15,22,15,6,16,0.0359,0.8198,0.1802,0.3546,0.000595,1,116.29
2026-03-28,3,28,5,13,1,0,0,0,credit_card,mobile_app,south,retail,android,0,0,1,3057,111.45,970,26,18,9,5,20,0.0279,0.8348,0.1652,0.4947,0.000848,4,623.96
2026-03-28,3,28,5,13,1,0,0,0,credit_card,mobile_app,west,premium,android,0,0,1,3038,37.6,1132,25,19,13,3,14,0.0337,0.8425,0.1575,0.6058,0.000658,3,147.32
2026-03-28,3,28,5,13,1,0,0,0,credit_card,mobile_app,west,retail,android,0,0,1,4324,62.91,1802,39,23,6,2,20,0.0311,0.848,0.152,0.5098,0.000931,3,234.84
2026-03-28,3,28,5,13,1,0,0,0,credit_card,web,east,premium,ios,0,0,1,2163,63.52,1366,13,22,10,1,11,0.0331,0.8279,0.1721,0.2483,0.000482,0,44.44
2026-03-28,3,28,5,13,1,0,0,0,credit_card,web,east,retail,android,0,0,1,2597,97.32,995,21,7,9,3,8,0.0368,0.8374,0.1626,0.4296,0.000658,1,160.83
2026-03-28,3,28,5,13,1,0,0,0,credit_card,web,north,premium,desktop,0,0,1,1591,68.18,1001,13,19,6,3,10,0.0279,0.8546,0.1454,0.2528,0.000488,0,0.0
2026-03-28,3,28,5,13,1,0,0,0,credit_card,web,north,retail,desktop,0,0,1,2265,79.57,1041,34,10,6,2,7,0.0325,0.8409,0.1591,0.2565,0.00069,1,100.4
2026-03-28,3,28,5,13,1,0,0,0,credit_card,web,south,premium,desktop,0,0,1,1293,103.64,404,19,19,5,2,10,0.0307,0.8412,0.1588,0.2049,0.000536,2,246.68
2026-03-28,3,28,5,13,1,0,0,0,credit_card,web,south,retail,desktop,0,0,1,1802,64.02,785,27,8,4,2,5,0.0334,0.8253,0.1747,0.2504,0.000713,0,0.0
2026-03-28,3,28,5,13,1,0,0,0,credit_card,web,west,premium,android,0,0,1,2399,65.01,1026,13,12,6,1,5,0.0341,0.8525,0.1475,0.4275,0.000529,1,55.56
2026-03-28,3,28,5,13,1,0,0,0,credit_card,web,west,retail,desktop,0,0,1,2121,103.53,812,25,15,8,3,14,0.0317,0.839,0.161,0.2573,0.000787,2,361.41
2026-03-28,3,28,5,13,1,0,0,0,debit_card,branch,east,premium,desktop,0,0,0,409,45.56,209,9,17,2,3,9,0.0191,0.8415,0.1585,0.2536,0.000255,0,0.0
2026-03-28,3,28,5,13,1,0,0,0,debit_card,branch,east,retail,desktop,0,0,0,727,58.22,252,19,11,4,3,5,0.011,0.8363,0.1637,0.2604,0.000356,0,0.0
2026-03-28,3,28,5,13,1,0,0,0,debit_card,branch,north,premium,desktop,0,0,0,549,58.53,243,11,4,9,3,2,0.0167,0.8455,0.1545,0.2973,0.000253,0,47.26
2026-03-28,3,28,5,13,1,0,0,0,debit_card,branch,north,retail,desktop,0,0,0,684,67.14,253,22,10,7,1,5,0.0165,0.8527,0.1473,0.2141,0.000371,0,0.0
2026-03-28,3,28,5,13,1,0,0,0,debit_card,branch,south,premium,desktop,0,0,0,469,80.29,229,10,8,2,2,8,0.0184,0.8433,0.1567,0.3064,0.000274,1,78.22
2026-03-28,3,28,5,13,1,0,0,0,debit_card,branch,south,retail,desktop,0,0,0,736,109.06,392,13,9,3,1,7,0.0173,0.8601,0.1399,0.2512,0.000393,1,79.93
2026-03-28,3,28,5,13,1,0,0,0,debit_card,branch,west,premium,desktop,0,0,0,515,46.93,286,10,12,3,0,5,0.0238,0.8377,0.1623,0.2176,0.000302,0,0.0
2026-03-28,3,28,5,13,1,0,0,0,debit_card,branch,west,retail,desktop,0,0,0,719,49.26,393,24,9,5,2,11,0.0074,0.861,0.139,0.2353,0.000419,2,114.45
2026-03-28,3,28,5,13,1,0,0,0,debit_card,mobile_app,east,premium,ios,0,0,1,2073,32.8,750,12,21,17,4,10,0.0284,0.8378,0.1622,0.3277,0.000437,0,19.98
2026-03-28,3,28,5,13,1,0,0,0,debit_card,mobile_app,east,retail,ios,0,0,1,3032,54.96,1668,36,15,8,2,10,0.0281,0.8166,0.1834,0.3772,0.000598,2,162.33
2026-03-28,3,28,5,13,1,0,0,0,debit_card,mobile_app,north,premium,android,0,0,1,1957,41.5,691,12,26,11,1,16,0.0314,0.839,0.161,0.5445,0.000461,0,0.0
2026-03-28,3,28,5,13,1,0,0,0,debit_card,mobile_app,north,retail,ios,0,0,1,3555,66.34,1278,26,23,13,3,15,0.0253,0.8472,0.1528,0.3608,0.000652,2,106.98
2026-03-28,3,28,5,13,1,0,0,0,debit_card,mobile_app,south,premium,ios,0,0,1,1905,48.72,683,14,27,9,2,17,0.0316,0.8409,0.1591,0.3629,0.000487,2,82.0
2026-03-28,3,28,5,13,1,0,0,0,debit_card,mobile_app,south,retail,android,0,0,1,2837,61.89,945,24,25,12,2,23,0.0288,0.8343,0.1657,0.4624,0.000676,3,204.38
2026-03-28,3,28,5,13,1,0,0,0,debit_card,mobile_app,west,premium,ios,0,0,1,2520,61.76,909,17,25,11,4,5,0.0323,0.8175,0.1825,0.3644,0.000515,0,16.54
2026-03-28,3,28,5,13,1,0,0,0,debit_card,mobile_app,west,retail,android,0,0,1,3233,69.96,1058,25,29,11,4,18,0.0323,0.8498,0.1502,0.4826,0.000683,3,307.68
2026-03-28,3,28,5,13,1,0,0,0,debit_card,web,east,premium,ios,0,0,1,1476,64.48,583,11,18,7,3,7,0.0302,0.8558,0.1442,0.3254,0.000375,0,8.24
2026-03-28,3,28,5,13,1,0,0,0,debit_card,web,east,retail,ios,0,0,1,2556,91.95,1066,25,16,2,2,12,0.0284,0.8273,0.1727,0.2937,0.000513,1,91.59
2026-03-28,3,28,5,13,1,0,0,0,debit_card,web,north,premium,desktop,0,0,1,1183,71.22,405,10,15,5,2,7,0.0272,0.8445,0.1555,0.299,0.000404,1,83.49
2026-03-28,3,28,5,13,1,0,0,0,debit_card,web,north,retail,desktop,0,0,1,1984,53.33,670,19,18,8,2,22,0.0282,0.8281,0.1719,0.2286,0.00056,3,279.87
2026-03-28,3,28,5,13,1,0,0,0,debit_card,web,south,premium,ios,0,0,1,1446,53.45,431,14,18,8,2,7,0.0365,0.8395,0.1605,0.3176,0.000402,0,0.0
2026-03-28,3,28,5,13,1,0,0,0,debit_card,web,south,retail,desktop,0,0,1,1595,49.32,606,24,16,7,0,10,0.03,0.8323,0.1677,0.2572,0.000596,0,65.71
2026-03-28,3,28,5,13,1,0,0,0,debit_card,web,west,premium,desktop,0,0,1,898,41.64,421,7,10,8,4,6,0.041,0.8468,0.1532,0.3101,0.000413,0,10.49
2026-03-28,3,28,5,13,1,0,0,0,debit_card,web,west,retail,android,0,0,1,2488,58.38,977,23,17,6,1,11,0.0316,0.818,0.182,0.4614,0.000644,2,149.82
2026-03-28,3,28,5,13,1,0,0,0,digital_wallet,branch,east,premium,desktop,0,0,0,415,54.98,163,10,12,10,1,9,0.0199,0.8316,0.1684,0.2318,0.000381,1,70.94
2026-03-28,3,28,5,13,1,0,0,0,digital_wallet,branch,east,retail,desktop,0,0,0,615,114.07,297,18,13,4,1,3,0.0241,0.8349,0.1651,0.245,0.000539,0,42.03
2026-03-28,3,28,5,13,1,0,0,0,digital_wallet,branch,north,premium,desktop,0,0,0,445,76.35,146,12,16,7,0,3,0.019,0.8624,0.1376,0.2953,0.000387,0,0.0
2026-03-28,3,28,5,13,1,0,0,0,digital_wallet,branch,north,retail,desktop,0,0,0,553,97.61,225,9,16,3,1,6,0.0184,0.8429,0.1571,0.2418,0.000563,0,2.39
2026-03-28,3,28,5,13,1,0,0,0,digital_wallet,branch,south,premium,desktop,0,0,0,393,107.82,152,6,13,8,1,5,0.0203,0.8624,0.1376,0.2309,0.000448,0,0.0
2026-03-28,3,28,5,13,1,0,0,0,digital_wallet,branch,south,retail,desktop,0,0,0,557,46.96,315,23,15,2,2,7,0.0257,0.8722,0.1278,0.2632,0.000597,0,60.19
2026-03-28,3,28,5,13,1,0,0,0,digital_wallet,branch,west,premium,desktop,0,0,0,365,56.91,222,8,11,7,2,8,0.0209,0.859,0.141,0.2238,0.000441,1,7.62
2026-03-28,3,28,5,13,1,0,0,0,digital_wallet,branch,west,retail,desktop,0,0,0,590,85.71,236,17,9,4,3,2,0.0194,0.8412,0.1588,0.2539,0.000621,0,47.12
2026-03-28,3,28,5,13,1,0,0,0,digital_wallet,mobile_app,east,premium,ios,0,0,1,1832,52.37,801,11,30,11,1,16,0.0255,0.8556,0.1444,0.3556,0.000624,1,64.03
2026-03-28,3,28,5,13,1,0,0,0,digital_wallet,mobile_app,east,retail,android,0,0,1,2337,139.26,895,19,14,6,2,9,0.0234,0.8445,0.1555,0.5556,0.000861,1,99.32
2026-03-28,3,28,5,13,1,0,0,0,digital_wallet,mobile_app,north,premium,android,0,0,1,1960,46.85,1000,12,22,13,4,6,0.0275,0.8334,0.1666,0.5593,0.000638,0,9.32
2026-03-28,3,28,5,13,1,0,0,0,digital_wallet,mobile_app,north,retail,ios,0,0,1,2371,101.31,787,21,23,12,1,15,0.0295,0.8499,0.1501,0.3146,0.000948,3,456.47
2026-03-28,3,28,5,13,1,0,0,0,digital_wallet,mobile_app,south,premium,ios,0,0,1,1458,59.13,717,8,24,7,2,35,0.0277,0.8491,0.1509,0.3563,0.000713,5,247.23
2026-03-28,3,28,5,13,1,0,0,0,digital_wallet,mobile_app,south,retail,android,0,0,1,2244,113.91,1063,17,14,6,4,12,0.03,0.8421,0.1579,0.5631,0.000993,3,415.56
2026-03-28,3,28,5,13,1,0,0,0,digital_wallet,mobile_app,west,premium,ios,0,0,1,1923,57.17,704,11,26,9,3,14,0.0269,0.8376,0.1624,0.4137,0.000779,2,80.51
2026-03-28,3,28,5,13,1,0,0,0,digital_wallet,mobile_app,west,retail,ios,0,0,1,2900,119.01,907,21,30,11,6,21,0.029,0.8366,0.1634,0.3568,0.001066,1,90.29
2026-03-28,3,28,5,13,1,0,0,0,digital_wallet,web,east,premium,android,0,0,1,1538,78.48,566,7,18,4,0,5,0.029,0.8463,0.1537,0.4074,0.000538,0,0.0
2026-03-28,3,28,5,13,1,0,0,0,digital_wallet,web,east,retail,desktop,0,0,1,1178,102.49,542,17,9,8,3,12,0.0308,0.8477,0.1523,0.2612,0.000768,2,245.06
2026-03-28,3,28,5,13,1,0,0,0,digital_wallet,web,north,premium,desktop,0,0,1,1106,58.77,410,14,15,7,3,5,0.0275,0.8455,0.1545,0.2503,0.000578,0,21.99
2026-03-28,3,28,5,13,1,0,0,0,digital_wallet,web,north,retail,desktop,0,0,1,1369,108.52,598,10,12,6,7,10,0.0303,0.8516,0.1484,0.2653,0.000771,1,119.09
2026-03-28,3,28,5,13,1,0,0,0,digital_wallet,web,south,premium,ios,0,0,1,1369,84.29,477,4,14,11,1,16,0.0268,0.8276,0.1724,0.3056,0.000606,3,299.29
2026-03-28,3,28,5,13,1,0,0,0,digital_wallet,web,south,retail,ios,0,0,1,2171,53.27,1297,15,17,3,2,8,0.0271,0.8469,0.1531,0.2787,0.00086,1,0.0
2026-03-28,3,28,5,13,1,0,0,0,digital_wallet,web,west,premium,desktop,0,0,1,1067,51.37,325,13,18,7,1,13,0.0367,0.821,0.179,0.2955,0.000615,1,61.42
2026-03-28,3,28,5,13,1,0,0,0,digital_wallet,web,west,retail,desktop,0,0,1,1483,104.08,878,14,11,4,2,14,0.0308,0.8432,0.1568,0.2799,0.000861,3,346.15
2026-03-29,3,29,6,13,1,0,0,0,credit_card,branch,east,premium,desktop,0,0,0,524,55.93,189,18,15,4,1,10,0.0177,0.8737,0.1263,0.271,0.000337,0,0.0
2026-03-29,3,29,6,13,1,0,0,0,credit_card,branch,east,retail,desktop,0,0,0,971,60.14,314,23,10,6,2,10,0.023,0.8496,0.1504,0.2244,0.000479,2,108.39
2026-03-29,3,29,6,13,1,0,0,0,credit_card,branch,north,premium,desktop,0,0,0,593,87.85,309,16,9,3,1,5,0.016,0.8726,0.1274,0.2095,0.000348,0,51.8
2026-03-29,3,29,6,13,1,0,0,0,credit_card,branch,north,retail,desktop,0,0,0,871,69.28,386,31,7,9,1,5,0.0156,0.852,0.148,0.2968,0.00048,1,92.01
2026-03-29,3,29,6,13,1,0,0,0,credit_card,branch,south,premium,desktop,0,0,0,503,48.07,221,9,14,5,6,5,0.0193,0.8622,0.1378,0.1962,0.000367,0,0.0
2026-03-29,3,29,6,13,1,0,0,0,credit_card,branch,south,retail,desktop,0,0,0,842,52.62,286,23,7,4,5,6,0.0199,0.8297,0.1703,0.2213,0.000543,2,192.64
2026-03-29,3,29,6,13,1,0,0,0,credit_card,branch,west,premium,desktop,0,0,0,717,51.75,217,14,13,2,1,6,0.0152,0.8426,0.1574,0.277,0.000387,0,0.0
2026-03-29,3,29,6,13,1,0,0,0,credit_card,branch,west,retail,desktop,0,0,0,982,116.12,309,24,9,5,1,3,0.0136,0.8528,0.1472,0.2832,0.00054,1,126.13
2026-03-29,3,29,6,13,1,0,0,0,credit_card,mobile_app,east,premium,android,0,0,1,2430,50.32,1086,18,23,7,4,15,0.0274,0.8232,0.1768,0.5483,0.000555,1,75.4
2026-03-29,3,29,6,13,1,0,0,0,credit_card,mobile_app,east,retail,android,0,0,1,4114,144.33,1989,38,28,11,4,16,0.0314,0.8285,0.1715,0.488,0.00077,3,522.49
2026-03-29,3,29,6,13,1,0,0,0,credit_card,mobile_app,north,premium,android,0,0,1,2840,69.59,1817,25,24,16,1,13,0.0312,0.8489,0.1511,0.4731,0.000567,1,127.23
2026-03-29,3,29,6,13,1,0,0,0,credit_card,mobile_app,north,retail,ios,0,0,1,3309,78.22,1040,32,17,8,2,19,0.0274,0.847,0.153,0.3621,0.000799,5,358.58
2026-03-29,3,29,6,13,1,0,0,0,credit_card,mobile_app,south,premium,android,0,0,1,2604,62.87,1532,20,26,10,1,19,0.0289,0.8182,0.1818,0.5075,0.000644,1,79.45
2026-03-29,3,29,6,13,1,0,0,0,credit_card,mobile_app,south,retail,android,0,0,1,3837,79.6,1615,34,25,7,1,27,0.03,0.8324,0.1676,0.5328,0.000857,4,434.38
2026-03-29,3,29,6,13,1,0,0,0,credit_card,mobile_app,west,premium,ios,0,0,1,2552,38.29,1334,27,17,14,2,16,0.0279,0.8393,0.1607,0.3825,0.000678,3,187.07
2026-03-29,3,29,6,13,1,0,0,0,credit_card,mobile_app,west,retail,ios,0,0,1,3973,72.96,2214,29,21,14,2,26,0.0331,0.8461,0.1539,0.3692,0.000929,4,445.86
2026-03-29,3,29,6,13,1,0,0,0,credit_card,web,east,premium,desktop,0,0,1,1523,72.52,576,10,12,14,1,12,0.0354,0.8469,0.1531,0.234,0.000478,2,184.48
2026-03-29,3,29,6,13,1,0,0,0,credit_card,web,east,retail,desktop,0,0,1,2470,60.14,1022,25,16,4,2,10,0.0306,0.8432,0.1568,0.2189,0.00066,0,0.0
2026-03-29,3,29,6,13,1,0,0,0,credit_card,web,north,premium,android,0,0,1,2301,46.7,702,8,23,4,1,18,0.027,0.8447,0.1553,0.393,0.000488,1,169.1
2026-03-29,3,29,6,13,1,0,0,0,credit_card,web,north,retail,desktop,0,0,1,1826,75.79,988,16,14,7,7,10,0.0357,0.8375,0.1625,0.2413,0.000704,1,136.09
2026-03-29,3,29,6,13,1,0,0,0,credit_card,web,south,premium,desktop,0,0,1,1323,66.16,442,14,13,7,1,9,0.0326,0.8284,0.1716,0.2431,0.00053,2,149.04
2026-03-29,3,29,6,13,1,0,0,0,credit_card,web,south,retail,desktop,0,0,1,2041,77.15,1136,27,12,3,3,22,0.0327,0.8379,0.1621,0.2269,0.000757,4,538.02
2026-03-29,3,29,6,13,1,0,0,0,credit_card,web,west,premium,desktop,0,0,1,1733,69.04,595,13,13,4,3,13,0.0308,0.8257,0.1743,0.205,0.000542,2,206.06
2026-03-29,3,29,6,13,1,0,0,0,credit_card,web,west,retail,desktop,0,0,1,2091,125.06,865,25,8,9,4,19,0.0352,0.8369,0.1631,0.1983,0.000801,6,1023.87
2026-03-29,3,29,6,13,1,0,0,0,debit_card,branch,east,premium,desktop,0,0,0,490,79.69,189,13,16,5,0,6,0.0231,0.847,0.153,0.262,0.000256,0,40.36
2026-03-29,3,29,6,13,1,0,0,0,debit_card,branch,east,retail,desktop,0,0,0,773,59.46,261,24,11,1,1,5,0.0215,0.8592,0.1408,0.2711,0.000372,0,0.0
2026-03-29,3,29,6,13,1,0,0,0,debit_card,branch,north,premium,desktop,0,0,0,475,61.74,245,12,11,1,1,2,0.0188,0.8559,0.1441,0.2747,0.00027,0,67.44
2026-03-29,3,29,6,13,1,0,0,0,debit_card,branch,north,retail,desktop,0,0,0,769,53.5,243,25,7,8,2,3,0.02,0.855,0.145,0.2789,0.000366,0,20.86
2026-03-29,3,29,6,13,1,0,0,0,debit_card,branch,south,premium,desktop,0,0,0,462,43.68,247,12,9,6,1,5,0.0212,0.854,0.146,0.2389,0.000302,0,0.0
2026-03-29,3,29,6,13,1,0,0,0,debit_card,branch,south,retail,desktop,0,0,0,688,67.9,356,21,8,5,2,4,0.0205,0.8698,0.1302,0.2214,0.000406,0,8.35
2026-03-29,3,29,6,13,1,0,0,0,debit_card,branch,west,premium,desktop,0,0,0,633,98.16,407,8,11,5,0,7,0.02,0.856,0.144,0.21,0.000308,0,2.39
2026-03-29,3,29,6,13,1,0,0,0,debit_card,branch,west,retail,desktop,0,0,0,736,50.24,240,21,9,7,1,5,0.0235,0.8514,0.1486,0.215,0.000421,0,16.35
2026-03-29,3,29,6,13,1,0,0,0,debit_card,mobile_app,east,premium,android,0,0,1,2315,114.66,1085,15,28,10,0,15,0.0343,0.8435,0.1565,0.5034,0.000434,1,208.68
2026-03-29,3,29,6,13,1,0,0,0,debit_card,mobile_app,east,retail,android,0,0,1,2894,38.38,1096,18,22,7,5,24,0.0291,0.8458,0.1542,0.543,0.000576,4,79.81
2026-03-29,3,29,6,13,1,0,0,0,debit_card,mobile_app,north,premium,android,0,0,1,2536,47.65,863,22,22,7,2,12,0.0372,0.8134,0.1866,0.5333,0.000446,0,51.02
2026-03-29,3,29,6,13,1,0,0,0,debit_card,mobile_app,north,retail,android,0,0,1,2990,56.11,1407,24,21,10,3,17,0.0228,0.842,0.158,0.5262,0.000644,3,186.79
2026-03-29,3,29,6,13,1,0,0,0,debit_card,mobile_app,south,premium,android,0,0,1,1987,29.6,620,7,15,6,1,6,0.0301,0.8481,0.1519,0.492,0.000475,1,52.78
2026-03-29,3,29,6,13,1,0,0,0,debit_card,mobile_app,south,retail,android,0,0,1,2888,73.44,1119,27,16,15,2,12,0.0281,0.845,0.155,0.5024,0.000703,2,185.91
2026-03-29,3,29,6,13,1,0,0,0,debit_card,mobile_app,west,premium,ios,0,0,1,1867,86.61,616,13,20,14,1,5,0.0296,0.834,0.166,0.3626,0.000518,0,6.91
2026-03-29,3,29,6,13,1,0,0,0,debit_card,mobile_app,west,retail,android,0,0,1,3566,87.57,2150,27,22,9,0,21,0.0287,0.8305,0.1695,0.5871,0.000675,4,400.32
2026-03-29,3,29,6,13,1,0,0,0,debit_card,web,east,premium,ios,0,0,1,1769,39.52,661,8,9,7,1,3,0.0205,0.8327,0.1673,0.2426,0.000378,0,3.61
2026-03-29,3,29,6,13,1,0,0,0,debit_card,web,east,retail,desktop,0,0,1,1836,51.62,1142,19,17,9,0,11,0.0344,0.8155,0.1845,0.2779,0.000538,2,180.86
2026-03-29,3,29,6,13,1,0,0,0,debit_card,web,north,premium,desktop,0,0,1,1326,80.31,503,8,26,6,1,8,0.0293,0.8332,0.1668,0.2369,0.000411,0,76.0
2026-03-29,3,29,6,13,1,0,0,0,debit_card,web,north,retail,android,0,0,1,3122,133.2,1470,22,19,10,3,14,0.0354,0.8365,0.1635,0.3619,0.000568,1,113.81
2026-03-29,3,29,6,13,1,0,0,0,debit_card,web,south,premium,desktop,0,0,1,1317,29.2,550,10,21,7,0,8,0.0254,0.8469,0.1531,0.2715,0.000435,0,5.34
2026-03-29,3,29,6,13,1,0,0,0,debit_card,web,south,retail,desktop,0,0,1,1815,88.08,1128,21,21,5,3,11,0.027,0.8422,0.1578,0.2742,0.000587,2,239.51
2026-03-29,3,29,6,13,1,0,0,0,debit_card,web,west,premium,desktop,0,0,1,1319,67.89,765,10,11,3,0,8,0.0278,0.8396,0.1604,0.223,0.000409,1,40.4
2026-03-29,3,29,6,13,1,0,0,0,debit_card,web,west,retail,desktop,0,0,1,2008,36.89,915,17,11,5,1,10,0.0259,0.8481,0.1519,0.3334,0.000588,2,114.8
2026-03-29,3,29,6,13,1,0,0,0,digital_wallet,branch,east,premium,desktop,0,0,0,392,54.12,248,7,7,2,1,3,0.0197,0.833,0.167,0.2575,0.000372,0,2.49
2026-03-29,3,29,6,13,1,0,0,0,digital_wallet,branch,east,retail,desktop,0,0,0,602,65.89,270,20,14,1,3,7,0.0192,0.8667,0.1333,0.2229,0.00051,0,2.89
2026-03-29,3,29,6,13,1,0,0,0,digital_wallet,branch,north,premium,desktop,0,0,0,440,56.18,182,10,13,6,2,7,0.0189,0.8356,0.1644,0.2563,0.000367,0,0.0
2026-03-29,3,29,6,13,1,0,0,0,digital_wallet,branch,north,retail,desktop,0,0,0,559,94.56,319,15,9,3,3,3,0.0183,0.8483,0.1517,0.2419,0.000529,0,21.71
2026-03-29,3,29,6,13,1,0,0,0,digital_wallet,branch,south,premium,desktop,0,0,0,391,61.37,160,8,15,6,1,4,0.0229,0.8486,0.1514,0.255,0.000418,0,0.0
2026-03-29,3,29,6,13,1,0,0,0,digital_wallet,branch,south,retail,desktop,0,0,0,509,69.83,149,12,14,2,0,2,0.0209,0.8381,0.1619,0.2794,0.000615,0,4.21
2026-03-29,3,29,6,13,1,0,0,0,digital_wallet,branch,west,premium,desktop,0,0,0,412,62.48,138,8,7,8,2,4,0.0279,0.8477,0.1523,0.2453,0.000444,0,24.87
2026-03-29,3,29,6,13,1,0,0,0,digital_wallet,branch,west,retail,desktop,0,0,0,526,54.06,188,27,8,5,3,2,0.0177,0.8514,0.1486,0.2985,0.000614,0,0.0
2026-03-29,3,29,6,13,1,0,0,0,digital_wallet,mobile_app,east,premium,ios,0,0,1,1817,66.53,1078,13,28,11,4,11,0.0276,0.8603,0.1397,0.2745,0.000633,0,0.0
2026-03-29,3,29,6,13,1,0,0,0,digital_wallet,mobile_app,east,retail,ios,0,0,1,2467,36.31,1281,36,24,6,1,21,0.0396,0.8347,0.1653,0.3339,0.000882,3,158.65
2026-03-29,3,29,6,13,1,0,0,0,digital_wallet,mobile_app,north,premium,ios,0,0,1,1709,37.96,596,10,30,11,1,20,0.0267,0.8418,0.1582,0.2966,0.000676,2,53.17
2026-03-29,3,29,6,13,1,0,0,0,digital_wallet,mobile_app,north,retail,ios,0,0,1,2194,60.12,859,25,20,11,6,16,0.0344,0.8508,0.1492,0.3723,0.000942,2,127.65
2026-03-29,3,29,6,13,1,0,0,0,digital_wallet,mobile_app,south,premium,android,0,0,1,1700,48.96,790,12,24,3,2,9,0.0268,0.8287,0.1713,0.5041,0.0007,1,37.22
2026-03-29,3,29,6,13,1,0,0,0,digital_wallet,mobile_app,south,retail,android,0,0,1,2546,46.92,881,18,29,12,5,16,0.0384,0.8556,0.1444,0.5326,0.000946,2,104.8
2026-03-29,3,29,6,13,1,0,0,0,digital_wallet,mobile_app,west,premium,android,0,0,1,2144,50.43,989,16,28,13,3,13,0.031,0.8268,0.1732,0.5177,0.000742,0,26.69
2026-03-29,3,29,6,13,1,0,0,0,digital_wallet,mobile_app,west,retail,android,0,0,1,2429,43.29,1399,27,13,13,4,24,0.0346,0.8233,0.1767,0.5596,0.001032,4,200.82
2026-03-29,3,29,6,13,1,0,0,0,digital_wallet,web,east,premium,desktop,0,0,1,945,74.44,394,5,12,7,3,3,0.0343,0.8328,0.1672,0.271,0.000541,0,0.0
2026-03-29,3,29,6,13,1,0,0,0,digital_wallet,web,east,retail,desktop,0,0,1,1579,58.8,547,17,19,11,1,16,0.0311,0.8499,0.1501,0.2577,0.000776,2,152.18
2026-03-29,3,29,6,13,1,0,0,0,digital_wallet,web,north,premium,ios,0,0,1,1501,65.89,524,10,19,8,6,12,0.0268,0.8347,0.1653,0.2745,0.000593,1,31.12
2026-03-29,3,29,6,13,1,0,0,0,digital_wallet,web,north,retail,ios,0,0,1,2184,60.57,1268,17,16,5,6,5,0.0355,0.8236,0.1764,0.2498,0.000773,0,0.0
2026-03-29,3,29,6,13,1,0,0,0,digital_wallet,web,south,premium,ios,0,0,1,1142,49.9,452,7,14,6,5,7,0.0302,0.8293,0.1707,0.2537,0.000629,0,4.46
2026-03-29,3,29,6,13,1,0,0,0,digital_wallet,web,south,retail,desktop,0,0,1,1377,34.81,471,14,16,4,5,6,0.0294,0.8514,0.1486,0.2284,0.000824,0,18.7
2026-03-29,3,29,6,13,1,0,0,0,digital_wallet,web,west,premium,ios,0,0,1,1348,37.84,549,5,12,7,1,17,0.0376,0.8409,0.1591,0.2742,0.000625,3,136.19
2026-03-29,3,29,6,13,1,0,0,0,digital_wallet,web,west,retail,android,0,0,1,2795,62.03,896,16,13,8,6,19,0.0322,0.8278,0.1722,0.413,0.000908,5,459.78
2026-03-30,3,30,0,14,0,0,1,0,credit_card,branch,east,premium,desktop,0,0,0,766,90.46,445,11,14,1,2,4,0.0158,0.8729,0.1271,0.3041,0.000325,0,18.49
2026-03-30,3,30,0,14,0,0,1,0,credit_card,branch,east,retail,desktop,0,0,0,1270,142.99,395,26,10,2,1,4,0.0226,0.8526,0.1474,0.235,0.000457,0,0.0
2026-03-30,3,30,0,14,0,0,1,0,credit_card,branch,north,premium,desktop,0,0,0,811,59.63,298,10,13,6,0,6,0.0248,0.875,0.125,0.3124,0.000343,0,29.14
2026-03-30,3,30,0,14,0,0,1,0,credit_card,branch,north,retail,desktop,0,0,0,1131,71.76,756,37,7,6,2,1,0.0193,0.8712,0.1288,0.2307,0.000476,0,2.87
2026-03-30,3,30,0,14,0,0,1,0,credit_card,branch,south,premium,desktop,0,0,0,789,78.54,380,15,7,8,2,2,0.0214,0.8597,0.1403,0.2631,0.000385,0,0.0
2026-03-30,3,30,0,14,0,0,1,0,credit_card,branch,south,retail,desktop,0,0,0,1052,39.92,339,22,9,5,1,2,0.0173,0.8478,0.1522,0.2552,0.000513,0,11.18
2026-03-30,3,30,0,14,0,0,1,0,credit_card,branch,west,premium,desktop,0,0,0,743,89.99,318,14,8,4,2,3,0.0224,0.8666,0.1334,0.2758,0.00038,0,57.87
2026-03-30,3,30,0,14,0,0,1,0,credit_card,branch,west,retail,desktop,0,0,0,997,58.85,458,30,17,6,1,20,0.023,0.847,0.153,0.262,0.00053,4,378.2
2026-03-30,3,30,0,14,0,0,1,0,credit_card,mobile_app,east,premium,android,0,0,1,3408,43.08,1100,15,23,6,0,13,0.0359,0.847,0.153,0.502,0.00056,4,219.23
2026-03-30,3,30,0,14,0,0,1,0,credit_card,mobile_app,east,retail,android,0,0,1,4887,48.93,3088,36,21,10,4,33,0.0324,0.8541,0.1459,0.569,0.000803,5,262.47
2026-03-30,3,30,0,14,0,0,1,0,credit_card,mobile_app,north,premium,android,0,0,1,4089,36.77,1823,22,16,11,2,7,0.0311,0.8264,0.1736,0.5109,0.000554,1,84.84
2026-03-30,3,30,0,14,0,0,1,0,credit_card,mobile_app,north,retail,ios,0,0,1,5158,64.02,1691,36,14,8,5,33,0.0321,0.8384,0.1616,0.3198,0.000784,7,707.61
2026-03-30,3,30,0,14,0,0,1,0,credit_card,mobile_app,south,premium,ios,0,0,1,3677,38.4,1318,20,21,12,4,22,0.0247,0.8435,0.1565,0.3438,0.000625,4,248.23
2026-03-30,3,30,0,14,0,0,1,0,credit_card,mobile_app,south,retail,ios,0,0,1,3683,75.83,1165,32,18,9,4,11,0.0316,0.8366,0.1634,0.3153,0.000843,3,201.78
2026-03-30,3,30,0,14,0,0,1,0,credit_card,mobile_app,west,premium,android,0,0,1,3521,69.96,1546,16,12,10,7,30,0.0258,0.8314,0.1686,0.5295,0.00064,7,839.44
2026-03-30,3,30,0,14,0,0,1,0,credit_card,mobile_app,west,retail,android,0,0,1,4706,48.4,2476,27,25,10,5,29,0.0335,0.8453,0.1547,0.5335,0.00092,6,313.94
2026-03-30,3,30,0,14,0,0,1,0,credit_card,web,east,premium,desktop,0,0,1,1761,49.55,953,13,14,5,3,7,0.0339,0.855,0.145,0.2881,0.000469,0,0.0
2026-03-30,3,30,0,14,0,0,1,0,credit_card,web,east,retail,desktop,0,0,1,2612,81.22,1199,19,13,6,3,16,0.0255,0.845,0.155,0.268,0.000667,2,254.9
2026-03-30,3,30,0,14,0,0,1,0,credit_card,web,north,premium,desktop,0,0,1,1865,50.54,891,11,11,9,3,4,0.0295,0.8555,0.1445,0.2416,0.000495,0,7.19
2026-03-30,3,30,0,14,0,0,1,0,credit_card,web,north,retail,desktop,0,0,1,2891,102.91,973,24,8,6,3,3,0.0281,0.8345,0.1655,0.2961,0.000671,0,0.0
2026-03-30,3,30,0,14,0,0,1,0,credit_card,web,south,premium,desktop,0,0,1,1836,57.37,693,17,19,6,3,8,0.0385,0.8309,0.1691,0.2086,0.000558,0,26.13
2026-03-30,3,30,0,14,0,0,1,0,credit_card,web,south,retail,desktop,0,0,1,2518,93.59,963,25,12,6,2,6,0.0314,0.8405,0.1595,0.227,0.000723,0,12.8
2026-03-30,3,30,0,14,0,0,1,0,credit_card,web,west,premium,desktop,0,0,1,1880,78.51,831,12,12,10,2,4,0.0299,0.8287,0.1713,0.2205,0.000578,1,97.82
2026-03-30,3,30,0,14,0,0,1,0,credit_card,web,west,retail,ios,0,0,1,4197,53.72,1384,28,18,9,1,11,0.0324,0.8472,0.1528,0.2038,0.000755,2,149.31
2026-03-30,3,30,0,14,0,0,1,0,debit_card,branch,east,premium,desktop,0,0,0,605,106.99,256,9,9,3,2,4,0.0169,0.8707,0.1293,0.2696,0.000257,0,0.0
2026-03-30,3,30,0,14,0,0,1,0,debit_card,branch,east,retail,desktop,0,0,0,990,85.0,347,25,12,4,2,10,0.0191,0.8472,0.1528,0.1972,0.000356,1,58.87
2026-03-30,3,30,0,14,0,0,1,0,debit_card,branch,north,premium,desktop,0,0,0,633,65.1,292,13,6,4,3,2,0.0188,0.8523,0.1477,0.2596,0.000268,0,27.81
2026-03-30,3,30,0,14,0,0,1,0,debit_card,branch,north,retail,desktop,0,0,0,1016,76.66,518,27,8,7,0,3,0.0199,0.8483,0.1517,0.2346,0.00037,0,0.0
2026-03-30,3,30,0,14,0,0,1,0,debit_card,branch,south,premium,desktop,0,0,0,652,55.38,230,13,14,1,3,8,0.0239,0.8485,0.1515,0.2582,0.000281,1,37.89
2026-03-30,3,30,0,14,0,0,1,0,debit_card,branch,south,retail,desktop,0,0,0,986,74.49,285,18,8,5,0,3,0.0256,0.8503,0.1497,0.202,0.000395,0,5.91
2026-03-30,3,30,0,14,0,0,1,0,debit_card,branch,west,premium,desktop,0,0,0,571,83.32,363,7,12,6,0,3,0.0214,0.8737,0.1263,0.2848,0.000298,0,0.0
2026-03-30,3,30,0,14,0,0,1,0,debit_card,branch,west,retail,desktop,0,0,0,993,37.23,503,18,8,6,2,9,0.0215,0.8411,0.1589,0.2507,0.000423,2,70.02
2026-03-30,3,30,0,14,0,0,1,0,debit_card,mobile_app,east,premium,ios,0,0,1,2300,89.51,882,16,19,9,1,15,0.0308,0.8466,0.1534,0.3868,0.000443,1,114.09
2026-03-30,3,30,0,14,0,0,1,0,debit_card,mobile_app,east,retail,ios,0,0,1,4088,43.6,1742,25,31,10,3,13,0.0285,0.8641,0.1359,0.382,0.000616,2,102.07
2026-03-30,3,30,0,14,0,0,1,0,debit_card,mobile_app,north,premium,ios,0,0,1,2465,51.75,873,13,18,10,2,10,0.0286,0.8473,0.1527,0.3759,0.000444,0,0.0
2026-03-30,3,30,0,14,0,0,1,0,debit_card,mobile_app,north,retail,android,0,0,1,4246,52.13,1438,21,23,12,1,19,0.0289,0.8402,0.1598,0.5279,0.000643,2,148.78
2026-03-30,3,30,0,14,0,0,1,0,debit_card,mobile_app,south,premium,ios,0,0,1,2561,43.62,1083,14,21,8,0,20,0.0307,0.8497,0.1503,0.3554,0.000487,2,119.5
2026-03-30,3,30,0,14,0,0,1,0,debit_card,mobile_app,south,retail,ios,0,0,1,3654,38.72,1295,42,16,9,6,20,0.0289,0.8566,0.1434,0.3612,0.000702,4,79.01
2026-03-30,3,30,0,14,0,0,1,0,debit_card,mobile_app,west,premium,ios,0,0,1,2985,47.49,886,22,27,8,3,12,0.0283,0.8408,0.1592,0.2933,0.000525,0,63.72
2026-03-30,3,30,0,14,0,0,1,0,debit_card,mobile_app,west,retail,android,0,0,1,4231,79.11,2005,25,22,6,2,23,0.0199,0.8403,0.1597,0.541,0.000696,3,260.89
2026-03-30,3,30,0,14,0,0,1,0,debit_card,web,east,premium,desktop,0,0,1,1695,80.48,1098,8,14,7,1,6,0.0271,0.8589,0.1411,0.2417,0.000368,0,13.09
2026-03-30,3,30,0,14,0,0,1,0,debit_card,web,east,retail,desktop,0,0,1,2273,81.72,1016,22,18,8,2,9,0.0339,0.8435,0.1565,0.2552,0.000545,0,0.0
2026-03-30,3,30,0,14,0,0,1,0,debit_card,web,north,premium,desktop,0,0,1,1567,50.15,694,11,14,6,2,6,0.0287,0.8402,0.1598,0.2982,0.000393,1,33.45
2026-03-30,3,30,0,14,0,0,1,0,debit_card,web,north,retail,desktop,0,0,1,2445,44.9,804,22,15,6,1,10,0.0297,0.8364,0.1636,0.2899,0.000506,1,0.0
2026-03-30,3,30,0,14,0,0,1,0,debit_card,web,south,premium,desktop,0,0,1,1379,46.46,849,14,14,5,2,6,0.0339,0.8312,0.1688,0.2187,0.000436,1,75.26
2026-03-30,3,30,0,14,0,0,1,0,debit_card,web,south,retail,android,0,0,1,3712,85.52,2332,21,13,12,4,7,0.0344,0.8386,0.1614,0.4476,0.000596,1,99.85
2026-03-30,3,30,0,14,0,0,1,0,debit_card,web,west,premium,ios,0,0,1,2372,59.81,898,8,19,6,4,17,0.0282,0.8511,0.1489,0.2678,0.000445,2,160.63
2026-03-30,3,30,0,14,0,0,1,0,debit_card,web,west,retail,desktop,0,0,1,2569,56.52,1582,18,13,7,1,4,0.0248,0.8462,0.1538,0.2731,0.000587,1,88.43
2026-03-30,3,30,0,14,0,0,1,0,digital_wallet,branch,east,premium,desktop,0,0,0,398,72.0,162,8,12,7,0,3,0.0205,0.8498,0.1502,0.304,0.000386,0,0.0
2026-03-30,3,30,0,14,0,0,1,0,digital_wallet,branch,east,retail,desktop,0,0,0,809,91.23,251,16,5,9,2,5,0.0245,0.8618,0.1382,0.2581,0.000527,1,141.29
2026-03-30,3,30,0,14,0,0,1,0,digital_wallet,branch,north,premium,desktop,0,0,0,490,54.59,201,8,9,5,2,2,0.0168,0.8669,0.1331,0.2757,0.000395,0,54.72
2026-03-30,3,30,0,14,0,0,1,0,digital_wallet,branch,north,retail,desktop,0,0,0,974,53.79,312,16,13,7,3,5,0.022,0.8556,0.1444,0.2508,0.000517,1,25.26
2026-03-30,3,30,0,14,0,0,1,0,digital_wallet,branch,south,premium,desktop,0,0,0,475,36.52,203,9,16,4,1,8,0.0192,0.8904,0.1096,0.2858,0.000421,2,63.94
2026-03-30,3,30,0,14,0,0,1,0,digital_wallet,branch,south,retail,desktop,0,0,0,734,71.53,295,13,14,4,2,6,0.0253,0.8792,0.1208,0.2677,0.000594,1,90.23
2026-03-30,3,30,0,14,0,0,1,0,digital_wallet,branch,west,premium,desktop,0,0,0,617,27.47,348,12,13,3,6,6,0.0195,0.8697,0.1303,0.232,0.000465,0,0.0
2026-03-30,3,30,0,14,0,0,1,0,digital_wallet,branch,west,retail,desktop,0,0,0,783,63.26,292,18,8,5,4,3,0.0176,0.8677,0.1323,0.2809,0.000607,0,0.0
2026-03-30,3,30,0,14,0,0,1,0,digital_wallet,mobile_app,east,premium,ios,0,0,1,2309,52.6,873,15,25,10,7,5,0.0322,0.8388,0.1612,0.4056,0.000613,0,8.46
2026-03-30,3,30,0,14,0,0,1,0,digital_wallet,mobile_app,east,retail,ios,0,0,1,3181,65.82,1307,23,24,9,4,14,0.0263,0.844,0.156,0.2947,0.000907,2,143.57
2026-03-30,3,30,0,14,0,0,1,0,digital_wallet,mobile_app,north,premium,android,0,0,1,1838,100.31,781,14,19,11,3,6,0.0344,0.8495,0.1505,0.5469,0.000687,0,53.39
2026-03-30,3,30,0,14,0,0,1,0,digital_wallet,mobile_app,north,retail,ios,0,0,1,3145,86.09,1899,13,17,4,6,17,0.0257,0.8488,0.1512,0.3568,0.000884,3,254.2
2026-03-30,3,30,0,14,0,0,1,0,digital_wallet,mobile_app,south,premium,android,0,0,1,2386,69.78,889,13,12,12,4,9,0.0271,0.8625,0.1375,0.5335,0.000695,2,142.34
2026-03-30,3,30,0,14,0,0,1,0,digital_wallet,mobile_app,south,retail,android,0,0,1,3032,105.99,1700,17,20,7,2,20,0.0325,0.8396,0.1604,0.556,0.000976,3,279.4
2026-03-30,3,30,0,14,0,0,1,0,digital_wallet,mobile_app,west,premium,android,0,0,1,2266,46.9,788,12,25,8,2,9,0.0279,0.8365,0.1635,0.5245,0.00075,1,0.0
2026-03-30,3,30,0,14,0,0,1,0,digital_wallet,mobile_app,west,retail,android,0,0,1,3354,70.37,2204,24,15,6,4,9,0.0261,0.8438,0.1562,0.5059,0.001001,2,125.88
2026-03-30,3,30,0,14,0,0,1,0,digital_wallet,web,east,premium,android,0,0,1,1797,57.13,555,5,23,8,5,11,0.0339,0.8562,0.1438,0.4201,0.000513,1,78.6
2026-03-30,3,30,0,14,0,0,1,0,digital_wallet,web,east,retail,android,0,0,1,2887,60.83,852,16,15,5,3,17,0.0292,0.8364,0.1636,0.431,0.000746,4,268.7
2026-03-30,3,30,0,14,0,0,1,0,digital_wallet,web,north,premium,desktop,0,0,1,1186,50.66,713,7,14,10,2,12,0.0313,0.8443,0.1557,0.2392,0.000556,1,0.0
2026-03-30,3,30,0,14,0,0,1,0,digital_wallet,web,north,retail,desktop,0,0,1,1974,56.39,686,12,21,3,3,15,0.0243,0.8469,0.1531,0.2564,0.000737,1,107.26
2026-03-30,3,30,0,14,0,0,1,0,digital_wallet,web,south,premium,desktop,0,0,1,1256,51.36,449,9,13,7,3,8,0.0288,0.8528,0.1472,0.2639,0.000606,1,25.51
2026-03-30,3,30,0,14,0,0,1,0,digital_wallet,web,south,retail,ios,0,0,1,2667,57.71,1096,18,12,6,3,9,0.0262,0.8294,0.1706,0.2632,0.000863,1,74.97
2026-03-30,3,30,0,14,0,0,1,0,digital_wallet,web,west,premium,desktop,0,0,1,1338,65.74,471,2,20,6,2,3,0.0251,0.844,0.156,0.2271,0.00064,0,0.0
2026-03-30,3,30,0,14,0,0,1,0,digital_wallet,web,west,retail,desktop,0,0,1,2170,56.88,975,25,16,10,9,13,0.0338,0.8457,0.1543,0.2734,0.000905,1,8.63
2026-03-31,3,31,1,14,0,1,1,0,credit_card,branch,east,premium,desktop,0,0,0,829,87.04,267,14,5,1,0,1,0.0188,0.856,0.144,0.2758,0.000315,0,0.0
2026-03-31,3,31,1,14,0,1,1,0,credit_card,branch,east,retail,desktop,0,0,0,1125,106.84,330,21,10,8,1,6,0.0105,0.8617,0.1383,0.1987,0.00047,1,103.73
2026-03-31,3,31,1,14,0,1,1,0,credit_card,branch,north,premium,desktop,0,0,0,760,60.9,398,13,10,2,1,3,0.0184,0.861,0.139,0.1949,0.000343,0,0.0
2026-03-31,3,31,1,14,0,1,1,0,credit_card,branch,north,retail,desktop,0,0,0,1245,102.66,680,30,13,5,1,8,0.0161,0.852,0.148,0.2605,0.00049,0,40.63
2026-03-31,3,31,1,14,0,1,1,0,credit_card,branch,south,premium,desktop,0,0,0,782,60.15,411,12,13,5,1,3,0.026,0.8655,0.1345,0.2768,0.000388,0,26.61
2026-03-31,3,31,1,14,0,1,1,0,credit_card,branch,south,retail,desktop,0,0,0,1118,84.88,469,28,12,4,1,5,0.0192,0.8675,0.1325,0.2222,0.000558,0,0.0
2026-03-31,3,31,1,14,0,1,1,0,credit_card,branch,west,premium,desktop,0,0,0,900,84.76,304,13,13,5,1,12,0.0194,0.8593,0.1407,0.2707,0.000391,1,86.78
2026-03-31,3,31,1,14,0,1,1,0,credit_card,branch,west,retail,desktop,0,0,0,1547,46.55,714,25,9,6,3,3,0.0191,0.8466,0.1534,0.2366,0.000559,1,97.19
2026-03-31,3,31,1,14,0,1,1,0,credit_card,mobile_app,east,premium,ios,0,0,1,3032,57.57,1030,13,17,6,3,3,0.026,0.85,0.15,0.3227,0.000523,0,0.83
2026-03-31,3,31,1,14,0,1,1,0,credit_card,mobile_app,east,retail,android,0,0,1,5594,57.52,2645,31,13,7,2,15,0.0304,0.8422,0.1578,0.5419,0.000768,2,95.56
2026-03-31,3,31,1,14,0,1,1,0,credit_card,mobile_app,north,premium,ios,0,0,1,3549,68.98,1166,16,16,6,0,16,0.0235,0.8273,0.1727,0.2791,0.000574,2,224.5
2026-03-31,3,31,1,14,0,1,1,0,credit_card,mobile_app,north,retail,android,0,0,1,5900,71.99,2707,38,27,14,4,29,0.0285,0.8553,0.1447,0.5361,0.000835,5,358.85
2026-03-31,3,31,1,14,0,1,1,0,credit_card,mobile_app,south,premium,android,0,0,1,3432,61.2,1053,15,19,10,5,11,0.0303,0.8472,0.1528,0.5577,0.000645,2,159.17
2026-03-31,3,31,1,14,0,1,1,0,credit_card,mobile_app,south,retail,android,0,0,1,4992,80.36,1479,30,25,8,3,26,0.0337,0.8426,0.1574,0.5059,0.000868,4,369.77
2026-03-31,3,31,1,14,0,1,1,0,credit_card,mobile_app,west,premium,ios,0,0,1,3676,102.23,1439,18,14,12,2,19,0.027,0.8274,0.1726,0.3478,0.000604,3,319.03
2026-03-31,3,31,1,14,0,1,1,0,credit_card,mobile_app,west,retail,ios,0,0,1,5299,46.02,2112,30,17,13,7,16,0.0316,0.8526,0.1474,0.3501,0.00089,5,219.7
2026-03-31,3,31,1,14,0,1,1,0,credit_card,web,east,premium,desktop,0,0,1,2013,79.14,671,14,15,10,2,3,0.0293,0.8464,0.1536,0.2505,0.000494,0,0.0
2026-03-31,3,31,1,14,0,1,1,0,credit_card,web,east,retail,desktop,0,0,1,3259,182.62,1290,27,11,8,1,8,0.0225,0.8557,0.1443,0.2674,0.000665,1,297.87
2026-03-31,3,31,1,14,0,1,1,0,credit_card,web,north,premium,desktop,0,0,1,2053,97.28,942,21,13,4,2,18,0.0291,0.8542,0.1458,0.2342,0.000499,4,615.1
2026-03-31,3,31,1,14,0,1,1,0,credit_card,web,north,retail,android,0,0,1,4220,72.1,1447,17,14,8,0,7,0.025,0.8508,0.1492,0.4276,0.000716,1,151.34
2026-03-31,3,31,1,14,0,1,1,0,credit_card,web,south,premium,ios,0,0,1,2778,75.81,1527,12,15,5,1,14,0.032,0.8403,0.1597,0.2722,0.000519,2,236.09
2026-03-31,3,31,1,14,0,1,1,0,credit_card,web,south,retail,desktop,0,0,1,3043,93.39,1677,19,16,12,4,8,0.0343,0.8547,0.1453,0.2448,0.000741,2,224.94
2026-03-31,3,31,1,14,0,1,1,0,credit_card,web,west,premium,ios,0,0,1,2933,103.87,1294,9,13,6,2,11,0.0288,0.8374,0.1626,0.2449,0.000574,2,256.84
2026-03-31,3,31,1,14,0,1,1,0,credit_card,web,west,retail,desktop,0,0,1,2954,87.16,951,23,20,4,3,12,0.0197,0.8453,0.1547,0.2669,0.000761,2,321.04
2026-03-31,3,31,1,14,0,1,1,0,debit_card,branch,east,premium,desktop,0,0,0,643,51.04,275,8,15,3,0,6,0.0217,0.8497,0.1503,0.2433,0.000248,0,13.55
2026-03-31,3,31,1,14,0,1,1,0,debit_card,branch,east,retail,desktop,0,0,0,1043,73.45,312,21,16,3,0,9,0.0125,0.8716,0.1284,0.2734,0.00036,1,52.18
2026-03-31,3,31,1,14,0,1,1,0,debit_card,branch,north,premium,desktop,0,0,0,788,72.72,330,9,10,1,2,5,0.0218,0.8661,0.1339,0.2602,0.000263,0,0.0
2026-03-31,3,31,1,14,0,1,1,0,debit_card,branch,north,retail,desktop,0,0,0,1002,50.2,634,19,12,4,1,7,0.0236,0.8574,0.1426,0.2681,0.000368,1,50.01
2026-03-31,3,31,1,14,0,1,1,0,debit_card,branch,south,premium,desktop,0,0,0,618,34.98,261,12,10,3,0,3,0.0187,0.8673,0.1327,0.2547,0.000276,0,0.0
2026-03-31,3,31,1,14,0,1,1,0,debit_card,branch,south,retail,desktop,0,0,0,1095,53.31,389,21,5,5,0,10,0.0173,0.865,0.135,0.3035,0.000393,2,132.26
2026-03-31,3,31,1,14,0,1,1,0,debit_card,branch,west,premium,desktop,0,0,0,789,56.94,457,13,13,1,1,4,0.0246,0.8496,0.1504,0.2609,0.0003,0,18.6
2026-03-31,3,31,1,14,0,1,1,0,debit_card,branch,west,retail,desktop,0,0,0,1109,56.91,538,24,9,12,4,3,0.0188,0.8597,0.1403,0.211,0.00044,0,0.0
2026-03-31,3,31,1,14,0,1,1,0,debit_card,mobile_app,east,premium,ios,0,0,1,2700,128.26,851,12,17,11,1,12,0.0304,0.8388,0.1612,0.3654,0.000443,2,226.56
2026-03-31,3,31,1,14,0,1,1,0,debit_card,mobile_app,east,retail,android,0,0,1,4841,46.09,1962,25,22,8,4,22,0.027,0.8321,0.1679,0.5031,0.000616,4,190.34
2026-03-31,3,31,1,14,0,1,1,0,debit_card,mobile_app,north,premium,ios,0,0,1,3351,45.26,1203,21,21,10,0,11,0.0317,0.8507,0.1493,0.3715,0.000473,1,66.8
2026-03-31,3,31,1,14,0,1,1,0,debit_card,mobile_app,north,retail,ios,0,0,1,4258,56.58,1789,31,30,14,4,25,0.031,0.8406,0.1594,0.3598,0.000629,2,49.05
2026-03-31,3,31,1,14,0,1,1,0,debit_card,mobile_app,south,premium,android,0,0,1,3038,78.65,1414,9,27,12,4,12,0.0294,0.8409,0.1591,0.5365,0.000479,1,56.45
2026-03-31,3,31,1,14,0,1,1,0,debit_card,mobile_app,south,retail,android,0,0,1,4217,49.46,1864,29,12,6,2,15,0.0241,0.8395,0.1605,0.5189,0.000649,2,151.98
2026-03-31,3,31,1,14,0,1,1,0,debit_card,mobile_app,west,premium,ios,0,0,1,2589,49.49,1406,15,18,10,1,19,0.0254,0.845,0.155,0.3253,0.000515,5,344.16
2026-03-31,3,31,1,14,0,1,1,0,debit_card,mobile_app,west,retail,android,0,0,1,4799,84.53,2952,35,23,11,3,18,0.0422,0.8373,0.1627,0.5263,0.000714,3,152.88
2026-03-31,3,31,1,14,0,1,1,0,debit_card,web,east,premium,desktop,0,0,1,1502,96.04,521,9,11,6,2,5,0.0343,0.8367,0.1633,0.2847,0.000358,0,78.49
2026-03-31,3,31,1,14,0,1,1,0,debit_card,web,east,retail,ios,0,0,1,3672,62.67,1206,17,13,5,1,16,0.0341,0.8507,0.1493,0.2409,0.000499,2,150.98
2026-03-31,3,31,1,14,0,1,1,0,debit_card,web,north,premium,desktop,0,0,1,1889,44.47,1156,9,7,8,2,6,0.0337,0.8425,0.1575,0.2494,0.000382,1,75.38
2026-03-31,3,31,1,14,0,1,1,0,debit_card,web,north,retail,desktop,0,0,1,2543,53.69,1189,18,12,9,4,15,0.0366,0.8449,0.1551,0.2413,0.000541,3,123.76
2026-03-31,3,31,1,14,0,1,1,0,debit_card,web,south,premium,ios,0,0,1,2413,58.5,1537,10,20,7,2,7,0.0318,0.8433,0.1567,0.2582,0.000411,1,51.91
2026-03-31,3,31,1,14,0,1,1,0,debit_card,web,south,retail,desktop,0,0,1,2736,67.87,994,29,12,9,1,10,0.0322,0.8361,0.1639,0.2349,0.000546,2,189.86
2026-03-31,3,31,1,14,0,1,1,0,debit_card,web,west,premium,desktop,0,0,1,1457,86.8,504,6,20,8,2,17,0.0216,0.8368,0.1632,0.2511,0.00044,2,154.03
2026-03-31,3,31,1,14,0,1,1,0,debit_card,web,west,retail,desktop,0,0,1,2830,110.66,1473,24,13,4,7,14,0.0372,0.8399,0.1601,0.263,0.000589,3,343.47
2026-03-31,3,31,1,14,0,1,1,0,digital_wallet,branch,east,premium,desktop,0,0,0,596,61.51,256,10,13,5,2,7,0.0185,0.8691,0.1309,0.2652,0.000341,0,26.82
2026-03-31,3,31,1,14,0,1,1,0,digital_wallet,branch,east,retail,desktop,0,0,0,895,66.21,350,22,5,7,1,3,0.0169,0.8658,0.1342,0.2747,0.000534,0,0.0
2026-03-31,3,31,1,14,0,1,1,0,digital_wallet,branch,north,premium,desktop,0,0,0,635,115.9,201,6,7,5,2,4,0.0207,0.8603,0.1397,0.2841,0.000384,0,42.23
2026-03-31,3,31,1,14,0,1,1,0,digital_wallet,branch,north,retail,desktop,0,0,0,853,82.08,338,19,14,2,2,8,0.0169,0.8448,0.1552,0.2336,0.000565,0,0.0
2026-03-31,3,31,1,14,0,1,1,0,digital_wallet,branch,south,premium,desktop,0,0,0,495,65.58,260,8,10,3,2,5,0.0126,0.8394,0.1606,0.2263,0.000408,0,11.72
2026-03-31,3,31,1,14,0,1,1,0,digital_wallet,branch,south,retail,desktop,0,0,0,681,80.17,385,14,10,3,3,7,0.0263,0.8665,0.1335,0.308,0.000632,1,129.27
2026-03-31,3,31,1,14,0,1,1,0,digital_wallet,branch,west,premium,desktop,0,0,0,516,60.25,242,9,7,4,3,4,0.0144,0.8609,0.1391,0.1908,0.000429,0,56.13
2026-03-31,3,31,1,14,0,1,1,0,digital_wallet,branch,west,retail,desktop,0,0,0,913,67.47,342,13,15,7,5,9,0.0279,0.8525,0.1475,0.2245,0.000595,1,107.76
2026-03-31,3,31,1,14,0,1,1,0,digital_wallet,mobile_app,east,premium,android,0,0,1,2482,56.56,1411,14,23,15,0,18,0.0304,0.8686,0.1314,0.5297,0.00061,1,122.16
2026-03-31,3,31,1,14,0,1,1,0,digital_wallet,mobile_app,east,retail,android,0,0,1,4147,75.15,1626,26,27,13,5,22,0.0346,0.8561,0.1439,0.5175,0.000908,3,195.28
2026-03-31,3,31,1,14,0,1,1,0,digital_wallet,mobile_app,north,premium,android,0,0,1,2117,27.36,652,12,16,13,3,9,0.0291,0.8427,0.1573,0.4914,0.000667,0,10.46
2026-03-31,3,31,1,14,0,1,1,0,digital_wallet,mobile_app,north,retail,android,0,0,1,3595,74.88,2383,22,28,6,4,28,0.0283,0.8346,0.1654,0.5001,0.00089,6,563.99
2026-03-31,3,31,1,14,0,1,1,0,digital_wallet,mobile_app,south,premium,android,0,0,1,2214,50.36,900,12,22,8,1,11,0.037,0.8461,0.1539,0.519,0.000701,1,30.76
2026-03-31,3,31,1,14,0,1,1,0,digital_wallet,mobile_app,south,retail,android,0,0,1,3358,58.12,1726,31,24,7,7,17,0.0266,0.8591,0.1409,0.5252,0.001,5,261.92
2026-03-31,3,31,1,14,0,1,1,0,digital_wallet,mobile_app,west,premium,ios,0,0,1,2782,89.3,1068,17,13,15,1,4,0.0351,0.8506,0.1494,0.3208,0.000736,0,40.47
2026-03-31,3,31,1,14,0,1,1,0,digital_wallet,mobile_app,west,retail,android,0,0,1,3533,69.59,2117,16,26,8,6,28,0.0234,0.8399,0.1601,0.5197,0.001021,8,523.12
2026-03-31,3,31,1,14,0,1,1,0,digital_wallet,web,east,premium,android,0,0,1,2123,61.09,1287,8,11,3,1,6,0.0392,0.8397,0.1603,0.3932,0.000502,0,21.67
2026-03-31,3,31,1,14,0,1,1,0,digital_wallet,web,east,retail,desktop,0,0,1,2041,27.87,935,25,14,7,5,24,0.036,0.8582,0.1418,0.2417,0.00077,4,119.93
2026-03-31,3,31,1,14,0,1,1,0,digital_wallet,web,north,premium,desktop,0,0,1,1479,71.23,494,6,12,7,1,7,0.0298,0.8572,0.1428,0.2428,0.000557,1,100.21
2026-03-31,3,31,1,14,0,1,1,0,digital_wallet,web,north,retail,desktop,0,0,1,1728,48.11,513,22,13,2,1,6,0.0313,0.8519,0.1481,0.2829,0.000772,1,75.67
2026-03-31,3,31,1,14,0,1,1,0,digital_wallet,web,south,premium,ios,0,0,1,2104,36.44,1020,6,9,8,4,10,0.0181,0.8428,0.1572,0.2659,0.000577,2,117.1
2026-03-31,3,31,1,14,0,1,1,0,digital_wallet,web,south,retail,android,0,0,1,3115,65.55,1405,18,17,5,4,11,0.0277,0.83,0.17,0.5149,0.000819,1,110.32
2026-03-31,3,31,1,14,0,1,1,0,digital_wallet,web,west,premium,desktop,0,0,1,1389,22.8,902,9,10,4,1,12,0.0361,0.8431,0.1569,0.2432,0.000603,2,15.93
2026-03-31,3,31,1,14,0,1,1,0,digital_wallet,web,west,retail,android,0,0,1,3677,98.92,1198,18,20,7,2,22,0.034,0.8437,0.1563,0.4189,0.000858,3,345.83
